Draw Date,Winning Numbers1,Winning Numbers2,Winning Numbers3,Winning Numbers4,Winning Numbers5,Winning Numbers6,Winning Numbers7,Winning Numbers8,Winning Numbers9,Winning Numbers10,Winning Numbers11,Winning Numbers12,Winning Numbers13,Winning Numbers14,Winning Numbers15,Winning Numbers16,Winning Numbers17,Winning Numbers18,Winning Numbers19,Winning Numbers20
4/20/24,01,08,17,18,34,35,39,41,42,44,48,52,58,60,61,62,69,78,79,80
4/19/24,01,03,05,10,14,16,21,27,32,36,39,42,49,54,60,62,67,73,74,77
4/18/24,05,07,19,21,25,32,34,37,39,42,48,58,59,63,66,67,68,70,72,79
4/17/24,01,07,10,14,15,17,20,21,23,26,29,53,55,57,58,65,67,69,79,80
4/16/24,01,05,07,10,12,14,33,39,43,46,50,52,55,63,65,67,72,73,74,80
4/15/24,03,11,13,16,18,22,24,26,28,31,38,39,40,55,56,58,61,65,76,80
4/14/24,02,12,16,18,28,33,38,40,42,46,47,52,57,58,61,63,64,66,71,76
4/13/24,14,19,20,22,26,27,31,32,35,41,49,50,52,53,54,55,59,61,65,75
4/12/24,04,06,09,19,20,22,24,26,30,31,35,38,39,42,55,60,64,67,72,79
4/11/24,01,02,07,08,11,18,20,21,22,25,34,38,42,46,48,54,65,66,71,73
4/10/24,01,06,10,14,20,24,31,33,36,37,38,40,44,49,51,53,65,72,74,79
4/9/24,05,12,16,22,25,32,34,41,43,46,48,51,55,67,68,72,73,75,76,79
4/8/24,01,06,14,17,20,21,22,25,26,30,35,36,38,44,45,49,50,67,70,80
4/7/24,03,05,13,16,17,23,26,32,34,41,47,51,54,60,62,64,66,68,71,74
4/6/24,05,08,18,20,24,27,29,30,38,43,45,49,51,58,61,69,70,71,73,80
4/5/24,07,08,09,12,15,19,21,25,31,42,43,45,49,53,60,61,74,76,78,80
4/4/24,01,08,09,13,14,15,19,22,35,43,44,45,47,52,54,56,59,64,78,79
4/3/24,01,02,08,19,22,27,28,36,41,49,50,52,55,58,63,66,67,71,72,74
4/2/24,01,10,13,14,19,28,29,36,42,50,51,53,56,59,61,67,68,73,74,78
4/1/24,07,09,15,16,28,30,31,35,36,38,46,49,53,55,58,60,64,68,79,80
3/31/24,03,04,06,10,11,13,17,23,24,31,33,36,39,44,46,66,70,73,76,78
3/30/24,02,03,06,16,18,24,26,29,35,39,44,52,54,56,57,62,63,66,68,77
3/29/24,05,07,10,11,12,14,20,22,26,27,28,29,30,31,32,37,44,49,62,78
3/28/24,01,06,16,25,26,27,31,32,41,46,48,49,58,60,62,64,66,70,71,79
3/27/24,04,10,13,14,17,25,27,28,29,35,54,55,57,61,64,66,67,68,73,76
3/26/24,15,17,18,23,24,32,37,41,42,46,48,53,56,57,67,68,70,76,77,80
3/25/24,06,11,14,16,18,19,35,37,43,48,51,55,58,62,63,66,69,71,75,77
3/24/24,03,06,07,09,10,14,20,24,36,38,41,53,57,61,64,69,71,72,76,80
3/23/24,13,15,22,23,38,39,42,48,49,51,55,57,63,64,66,70,72,77,78,79
3/22/24,05,07,09,13,19,23,25,26,32,34,35,40,43,46,52,65,68,71,75,76
3/21/24,10,23,26,32,37,38,41,47,50,51,52,54,56,58,64,66,67,71,73,75
3/20/24,04,07,08,11,14,15,24,30,33,46,47,56,62,64,66,72,73,75,79,80
3/19/24,08,18,26,27,30,34,36,38,40,45,50,55,56,57,63,64,65,68,77,80
3/18/24,02,06,10,17,21,25,29,32,33,34,35,43,52,55,56,62,65,71,76,79
3/17/24,08,13,16,22,26,27,29,31,36,37,40,47,53,55,58,59,65,69,70,75
3/16/24,01,07,11,12,23,27,28,29,31,33,36,37,43,48,50,52,53,58,61,78
3/15/24,04,07,08,13,19,22,27,30,36,42,50,51,56,61,63,66,68,69,76,80
3/14/24,07,08,12,17,20,22,23,26,27,32,43,50,57,60,62,63,75,77,78,80
3/13/24,01,05,07,08,14,27,33,35,36,38,44,45,48,49,58,64,66,75,76,77
3/12/24,05,06,08,10,12,14,19,20,21,26,33,35,40,46,47,51,55,56,67,69
3/11/24,02,06,11,13,16,17,23,29,35,36,39,43,45,61,62,64,67,71,73,79
3/10/24,04,09,13,14,16,19,31,33,36,43,44,51,55,59,61,62,69,70,75,78
3/9/24,02,06,08,13,18,27,29,33,34,36,40,42,46,59,62,69,70,71,73,74
3/8/24,01,02,04,07,12,23,25,34,36,39,42,44,47,48,53,57,66,69,74,77
3/7/24,01,02,04,13,15,17,19,25,28,32,36,38,42,47,51,57,69,70,76,78
3/6/24,03,04,05,10,11,20,22,32,36,41,44,46,48,49,56,58,63,65,66,78
3/5/24,10,12,22,25,28,30,32,33,34,39,40,47,49,51,53,54,58,65,69,71
3/4/24,05,09,17,18,21,28,29,32,33,37,39,51,52,55,60,63,66,71,75,80
3/3/24,02,04,07,09,18,19,20,25,28,35,39,47,50,55,58,60,64,66,69,73
3/2/24,02,03,05,07,17,28,29,32,36,38,42,43,44,62,65,66,71,72,74,78
3/1/24,01,04,08,11,18,20,21,22,23,28,33,35,39,41,44,45,50,56,58,73
2/29/24,01,05,13,14,16,23,24,26,29,37,43,46,56,57,59,63,64,70,72,78
2/28/24,01,03,07,11,16,22,30,31,32,34,43,45,49,50,60,61,66,68,69,75
2/27/24,03,10,13,19,24,37,40,41,42,44,47,51,53,54,60,68,72,75,77,80
2/26/24,02,04,09,14,16,17,19,28,32,35,39,40,43,45,55,56,60,64,71,77
2/25/24,01,04,11,13,16,20,24,38,39,44,52,53,59,65,66,67,70,72,74,75
2/24/24,02,03,06,08,28,32,33,34,43,46,53,54,55,56,62,63,64,67,76,80
2/23/24,10,11,14,15,19,20,29,31,32,33,36,39,51,59,61,65,69,74,75,79
2/22/24,04,07,16,30,44,46,50,53,55,57,58,59,60,61,70,71,72,73,76,78
2/21/24,01,02,04,06,09,12,13,15,24,32,38,40,42,45,46,51,58,59,62,74
2/20/24,06,10,14,25,27,30,31,32,35,42,46,49,50,51,53,57,61,68,75,76
2/19/24,02,03,11,12,16,19,20,21,33,36,37,43,45,51,53,58,67,70,74,76
2/18/24,02,07,10,11,17,19,32,34,46,49,52,54,57,58,62,64,66,69,71,74
2/17/24,04,07,12,21,24,28,29,33,34,35,49,50,55,58,64,72,74,75,77,80
2/16/24,07,15,17,21,22,23,24,30,31,35,36,37,39,47,48,51,52,59,62,70
2/15/24,01,02,04,08,13,14,25,34,38,41,45,47,50,55,62,63,64,69,71,77
2/14/24,01,05,10,15,21,29,30,38,39,41,43,44,46,47,49,57,66,67,68,75
2/13/24,09,10,19,20,26,27,29,31,32,36,44,48,51,52,55,59,61,69,74,75
2/12/24,01,08,11,24,28,36,37,38,42,43,44,48,49,55,56,61,63,65,70,76
2/11/24,01,06,16,30,34,35,40,41,44,47,51,52,62,64,66,68,73,74,75,77
2/10/24,02,06,08,09,19,25,29,37,38,45,49,53,55,57,63,67,72,75,76,77
2/9/24,08,10,15,22,23,24,26,27,37,44,46,50,56,58,69,72,73,74,75,76
2/8/24,01,02,03,04,06,10,19,21,22,26,30,33,48,49,50,52,56,75,76,78
2/7/24,03,06,14,19,28,29,30,31,33,34,39,42,51,54,59,69,72,74,76,80
2/6/24,05,11,14,16,18,21,26,39,41,44,46,50,51,55,58,62,63,64,75,79
2/5/24,03,05,06,23,26,28,34,38,39,40,44,47,49,50,57,58,59,73,75,76
2/4/24,01,02,03,04,12,16,25,33,34,51,56,58,60,63,66,70,73,75,78,80
2/3/24,04,05,06,13,14,19,21,23,24,27,37,39,42,43,44,50,51,60,66,69
2/2/24,02,09,10,15,20,24,25,29,31,34,40,50,53,59,67,68,71,76,77,80
2/1/24,01,07,14,16,18,19,32,40,43,50,55,56,60,64,67,68,70,72,78,80
1/31/24,05,16,17,20,21,32,33,35,36,42,45,49,55,56,60,67,69,70,73,74
1/30/24,05,07,15,18,23,31,32,35,41,46,50,60,61,65,71,73,75,76,77,79
1/29/24,06,12,14,17,21,23,26,27,31,32,33,47,51,52,55,59,62,72,73,75
1/28/24,02,03,04,06,09,28,30,33,38,39,44,51,53,56,64,66,72,74,75,76
1/27/24,02,16,17,20,32,34,39,44,45,49,50,58,64,65,69,71,74,76,77,80
1/26/24,08,10,12,14,21,23,30,33,36,38,46,52,53,56,59,60,61,75,77,79
1/25/24,03,08,18,23,32,38,42,43,49,50,51,52,53,55,57,60,63,65,69,70
1/24/24,03,12,13,21,30,34,36,41,43,50,52,53,59,63,65,66,67,69,76,78
1/23/24,02,06,07,09,16,19,23,26,30,37,38,40,41,43,49,63,66,67,71,79
1/22/24,03,06,07,16,17,18,22,30,32,33,43,44,51,53,59,63,64,70,71,78
1/21/24,02,03,11,20,24,29,31,32,34,53,54,60,61,63,64,65,66,72,78,80
1/20/24,03,09,10,17,23,28,29,30,31,37,50,52,54,57,59,62,65,72,75,79
1/19/24,03,04,05,07,08,13,14,18,30,33,36,42,45,46,51,57,62,69,70,74
1/18/24,05,06,07,10,15,24,26,27,38,43,45,48,50,53,56,57,58,62,68,72
1/17/24,04,05,12,13,15,16,19,20,25,29,32,36,38,40,41,46,64,71,73,76
1/16/24,08,15,18,19,20,22,25,27,29,30,32,35,36,42,58,65,66,67,73,79
1/15/24,09,15,17,19,22,24,25,28,39,43,47,51,52,60,63,66,67,71,72,77
1/14/24,05,08,14,16,18,20,36,41,48,56,60,62,63,69,70,71,72,73,74,75
1/13/24,01,08,19,21,28,32,38,39,44,45,48,52,53,57,61,64,70,74,75,76
1/12/24,04,08,09,14,15,16,17,24,27,32,33,39,43,45,48,59,61,63,65,66
1/11/24,01,09,14,15,27,34,37,44,50,51,52,56,60,61,64,65,68,69,76,79
1/10/24,07,09,10,15,16,25,26,27,29,33,34,36,56,60,61,63,64,67,69,74
1/9/24,02,08,14,15,18,22,28,30,31,42,44,45,52,56,68,71,72,74,75,78
1/8/24,05,12,14,17,30,34,35,39,41,42,43,45,50,57,61,64,65,67,69,77
1/7/24,02,03,06,09,16,18,20,21,30,32,33,42,45,50,54,56,65,66,67,78
1/6/24,05,11,17,29,32,33,44,55,59,60,62,63,64,65,66,67,71,72,76,77
1/5/24,02,04,07,09,15,20,25,31,37,39,41,46,55,57,58,59,63,70,72,74
1/4/24,03,07,09,16,23,30,36,37,38,42,43,46,51,56,69,70,72,76,77,79
1/3/24,04,06,12,13,18,19,28,32,39,42,50,55,56,64,66,67,70,73,79,80
1/2/24,01,02,04,13,16,20,22,31,36,38,39,42,45,47,48,54,57,60,76,78
1/1/24,02,06,12,14,19,30,35,41,47,48,49,50,55,57,59,67,69,75,76,80
12/31/23,02,06,08,10,24,36,37,39,40,41,45,50,53,54,65,68,70,74,75,77
12/30/23,04,08,14,16,31,35,36,38,47,49,53,54,55,65,66,68,69,72,77,80
12/29/23,01,02,06,13,15,27,36,39,42,44,45,49,55,59,62,65,70,72,73,79
12/28/23,03,10,14,19,24,25,27,29,31,34,35,37,39,45,51,60,62,68,71,73
12/27/23,01,02,04,19,21,23,25,26,34,42,47,49,51,52,62,69,71,72,75,77
12/26/23,04,08,13,15,19,24,27,28,30,33,37,41,44,45,55,56,61,64,68,70
12/25/23,13,18,24,29,35,39,40,41,45,46,49,53,54,57,60,65,67,68,71,74
12/24/23,03,10,15,18,19,24,27,28,33,34,36,43,44,46,56,70,73,75,76,77
12/23/23,01,03,05,09,13,16,17,25,28,32,39,49,50,59,62,68,71,74,75,79
12/22/23,06,08,09,14,19,23,26,32,36,43,46,49,50,53,64,68,69,74,75,78
12/21/23,07,09,14,15,29,31,32,34,40,43,44,45,50,53,54,60,64,65,72,74
12/20/23,01,09,12,15,24,27,34,35,36,54,55,57,59,63,64,70,71,72,79,80
12/19/23,01,02,07,20,21,25,26,30,36,37,38,40,43,45,49,63,65,66,76,77
12/18/23,05,10,11,15,23,33,34,38,48,49,50,51,52,57,58,60,61,62,65,76
12/17/23,02,14,17,18,27,28,29,33,35,41,44,45,52,57,58,62,65,71,76,77
12/16/23,08,13,14,15,28,29,35,37,38,40,44,51,59,60,64,65,68,70,75,77
12/15/23,04,05,14,16,23,25,26,34,35,37,43,47,48,49,52,53,57,60,61,76
12/14/23,05,06,14,16,22,26,28,31,33,35,46,52,57,63,64,65,69,75,77,79
12/13/23,09,14,15,24,26,29,30,32,40,44,52,53,54,55,59,62,64,70,73,76
12/12/23,01,09,10,11,12,15,27,37,38,39,41,45,49,62,65,69,71,72,75,79
12/11/23,09,23,24,27,28,33,34,35,36,39,43,53,59,62,67,71,72,75,76,79
12/10/23,03,05,07,11,27,28,34,41,44,48,50,51,53,59,60,63,64,67,74,75
12/9/23,06,08,12,16,31,33,38,39,44,47,48,55,58,62,63,65,69,71,76,78
12/8/23,02,03,13,24,29,32,33,37,42,45,50,53,55,56,58,62,69,70,72,80
12/7/23,05,17,23,24,25,31,34,37,39,40,42,51,57,65,68,70,73,77,79,80
12/6/23,02,13,14,15,18,20,23,24,25,29,33,34,35,37,40,41,45,65,73,76
12/5/23,01,02,07,09,14,21,27,29,30,37,40,41,48,49,52,54,56,66,71,80
12/4/23,02,03,07,08,10,15,27,35,37,42,46,47,48,49,58,60,63,64,69,76
12/3/23,05,11,22,23,29,30,33,34,44,45,50,51,57,59,60,62,63,73,75,79
12/2/23,02,03,10,20,23,33,35,37,41,43,46,48,52,55,58,70,74,76,77,80
12/1/23,04,08,11,18,20,26,30,32,33,34,35,43,47,48,52,53,60,67,75,79
11/30/23,02,03,06,07,17,18,23,26,27,35,37,39,42,52,55,59,61,64,69,79
11/29/23,01,06,07,11,12,13,16,17,31,34,36,37,52,56,59,60,62,76,79,80
11/28/23,01,10,14,20,23,27,29,30,38,45,47,51,55,56,58,61,63,64,68,79
11/27/23,02,05,07,09,10,12,16,17,18,26,30,32,36,50,59,65,68,74,75,76
11/26/23,01,04,06,10,17,19,23,26,29,35,41,44,46,51,54,62,68,70,71,80
11/25/23,05,08,13,15,17,20,21,23,29,30,31,32,48,49,51,65,67,73,75,79
11/24/23,01,06,07,13,15,27,28,30,42,47,48,50,66,67,69,70,75,77,78,80
11/23/23,01,05,06,14,15,16,21,25,35,40,45,47,50,56,57,60,62,65,70,76
11/22/23,06,12,14,20,24,27,29,42,46,47,49,50,56,63,67,68,69,71,78,79
11/21/23,07,09,12,14,19,20,21,27,29,30,31,34,40,41,47,48,49,54,60,63
11/20/23,03,06,13,20,22,34,35,38,45,47,49,51,53,55,56,57,58,60,67,76
11/19/23,03,05,08,10,11,19,22,31,33,35,37,52,55,57,62,68,71,76,77,78
11/18/23,07,12,15,19,21,26,27,29,30,45,49,52,56,61,62,65,70,72,77,78
11/17/23,04,05,10,13,15,16,23,25,28,32,37,41,44,50,58,61,62,66,71,75
11/16/23,02,08,17,18,23,25,29,40,48,54,56,58,59,62,63,64,65,66,73,80
11/15/23,05,09,17,23,24,25,26,27,30,32,38,46,57,60,70,72,75,76,79,80
11/14/23,14,15,20,22,25,29,36,38,44,48,51,54,64,68,71,72,73,76,77,80
11/13/23,12,16,18,19,22,25,28,30,35,38,42,43,45,55,68,72,74,78,79,80
11/12/23,02,12,15,17,19,20,21,26,27,34,38,42,46,48,53,64,72,73,74,79
11/11/23,02,08,10,28,31,32,34,39,41,43,44,47,48,52,54,57,67,72,77,78
11/10/23,04,15,19,22,27,31,32,34,35,37,42,52,57,58,59,64,69,77,78,80
11/9/23,01,03,05,10,12,14,18,24,27,29,36,45,60,61,63,67,69,77,78,80
11/8/23,04,14,16,25,28,29,34,36,39,43,48,49,51,52,54,59,62,63,67,80
11/7/23,01,04,08,11,14,15,20,23,28,35,43,44,47,50,57,62,72,76,78,80
11/6/23,04,08,16,20,33,38,39,41,44,51,53,54,58,59,62,66,68,69,78,79
11/5/23,05,06,08,14,19,26,27,35,47,50,53,57,62,65,71,73,74,76,78,79
11/4/23,04,10,17,20,23,25,28,34,39,48,51,54,55,66,67,68,70,71,72,74
11/3/23,07,08,09,15,23,25,27,37,45,46,50,51,57,61,63,71,72,76,77,79
11/2/23,04,11,16,21,28,30,35,39,41,42,43,45,52,56,61,63,68,70,77,78
11/1/23,05,07,12,15,18,26,27,30,31,32,36,38,39,47,48,53,59,73,74,80
10/31/23,04,05,09,16,18,24,27,31,33,42,45,47,50,51,56,57,71,74,77,79
10/30/23,01,04,05,06,12,13,15,16,20,23,27,30,32,39,41,43,47,61,72,73
10/29/23,06,07,10,15,22,25,28,29,30,32,34,44,46,50,52,56,57,59,75,78
10/28/23,09,20,24,26,30,32,33,34,42,50,54,55,56,70,74,75,76,77,78,79
10/27/23,01,04,06,09,15,18,21,23,30,32,34,37,50,54,58,65,70,71,76,78
10/26/23,01,13,14,20,22,26,28,29,32,36,39,40,42,43,58,66,68,69,70,78
10/25/23,05,10,11,15,16,18,27,31,33,35,40,47,48,51,58,59,60,62,70,76
10/24/23,01,07,09,10,14,17,18,21,24,26,27,32,34,35,49,50,52,56,63,70
10/23/23,02,10,13,16,19,26,28,39,45,46,49,51,52,56,57,61,63,67,79,80
10/22/23,01,09,18,21,22,24,28,34,37,39,40,55,64,66,68,71,73,76,77,80
10/21/23,06,11,13,14,15,19,20,28,32,37,42,45,46,47,54,56,61,62,67,76
10/20/23,01,03,04,06,10,21,23,25,31,40,42,44,52,53,62,63,64,68,74,80
10/19/23,02,17,18,19,22,27,28,29,30,35,37,46,47,48,49,50,51,63,71,75
10/18/23,15,17,21,26,28,29,31,34,38,39,43,45,53,61,67,69,72,76,77,78
10/17/23,01,11,13,17,22,28,33,36,39,42,46,48,50,58,60,64,65,66,76,79
10/16/23,03,04,05,11,13,20,22,23,33,38,41,52,54,56,59,65,66,67,73,80
10/15/23,04,08,11,12,20,24,30,33,36,39,40,43,46,48,58,67,68,69,75,77
10/13/23,01,03,05,14,17,18,19,22,34,41,43,44,47,49,50,57,62,71,79,80
10/12/23,02,03,16,19,22,23,24,25,28,33,41,44,46,48,50,53,60,66,72,75
10/11/23,03,05,06,09,17,18,28,45,48,50,51,52,60,61,64,67,71,76,77,78
10/10/23,04,07,14,16,17,18,19,23,27,32,36,37,40,46,50,51,63,69,71,76
10/9/23,01,08,19,31,32,33,36,37,40,42,54,58,60,66,67,70,75,77,78,80
10/8/23,08,17,18,27,35,38,40,44,45,51,52,54,55,58,61,65,66,69,73,77
10/7/23,03,05,09,15,18,26,30,32,34,41,42,46,48,52,59,67,68,74,76,78
10/6/23,01,03,15,17,19,20,22,23,24,26,27,28,29,32,45,50,64,66,67,78
10/5/23,04,10,12,30,32,33,39,41,45,47,50,53,57,63,67,69,72,77,78,80
10/4/23,03,05,07,09,12,19,28,35,40,41,44,45,53,54,55,58,66,68,73,75
10/3/23,02,04,08,11,18,19,21,22,24,29,32,39,40,43,45,53,74,75,76,80
10/2/23,03,04,07,18,19,20,21,24,34,43,47,49,57,60,66,69,73,76,77,80
10/1/23,03,05,07,09,10,15,16,19,20,23,30,35,39,40,46,47,52,55,72,79
9/30/23,01,02,05,06,09,12,17,21,32,36,38,43,46,49,51,61,63,74,75,80
9/29/23,06,10,20,23,25,26,37,42,44,46,53,57,62,63,67,68,70,77,78,80
9/28/23,01,02,04,05,07,12,13,15,17,19,22,30,31,39,41,46,47,56,62,67
9/27/23,01,02,15,17,19,26,32,36,40,49,50,52,57,59,64,68,72,73,79,80
9/26/23,03,06,08,15,17,21,24,25,33,35,50,54,55,57,59,60,63,66,67,72
9/25/23,01,04,07,10,16,17,21,22,24,33,40,41,48,52,61,69,74,75,78,79
9/24/23,02,03,08,11,14,16,31,33,36,39,41,47,52,53,62,70,71,72,73,77
9/23/23,07,14,16,23,26,34,35,40,41,42,43,49,54,58,59,63,68,69,72,79
9/22/23,05,07,08,12,16,17,19,25,27,29,32,36,52,54,57,60,61,64,66,78
9/21/23,01,03,08,14,20,24,28,31,32,49,53,55,57,64,69,70,71,72,74,78
9/20/23,01,02,06,07,11,13,19,20,28,29,31,33,45,52,58,59,63,67,74,80
9/19/23,17,18,25,27,31,33,34,35,36,38,42,45,46,51,53,55,68,69,71,80
9/18/23,07,11,12,14,19,26,27,36,41,43,44,45,46,52,55,58,59,68,72,75
9/17/23,03,05,06,09,15,17,21,22,23,25,26,28,35,39,43,46,51,58,65,71
9/16/23,05,07,14,16,17,31,35,38,39,41,52,53,56,60,63,64,70,74,76,77
9/15/23,03,04,10,21,24,25,26,27,29,30,32,34,38,44,50,61,65,66,79,80
9/14/23,05,19,25,28,29,31,33,38,43,47,48,49,54,61,66,70,71,72,75,77
9/13/23,05,07,08,13,16,17,23,33,34,35,43,45,46,47,48,66,68,72,74,78
9/12/23,01,05,12,15,16,17,22,35,42,46,48,50,59,65,67,71,72,75,76,80
9/11/23,02,03,08,11,13,17,21,22,29,35,36,40,44,52,61,62,64,67,75,77
9/10/23,02,04,13,20,21,23,26,27,32,40,53,54,57,59,65,66,68,70,76,77
9/9/23,09,11,12,15,23,34,35,36,37,43,45,47,48,58,64,68,70,72,78,79
9/8/23,03,06,11,17,18,19,25,28,30,33,34,39,40,41,46,48,53,67,73,74
9/7/23,12,17,18,19,21,22,27,33,41,43,45,51,52,54,56,58,59,67,72,74
9/6/23,04,08,09,19,26,27,29,30,33,44,51,57,60,61,62,63,64,69,74,75
9/5/23,02,04,18,26,27,28,32,42,45,47,49,51,52,53,61,65,69,72,74,79
9/4/23,04,08,24,26,28,32,33,36,37,39,42,50,52,57,58,60,65,66,67,78
9/3/23,08,12,14,15,18,20,26,28,31,41,46,47,49,50,51,55,71,75,77,80
9/2/23,01,02,05,09,12,17,19,23,25,28,35,42,43,45,47,52,53,61,70,75
9/1/23,01,05,08,09,16,18,22,24,28,34,38,55,59,60,64,65,70,72,76,77
8/31/23,08,09,13,14,22,24,26,28,29,31,34,38,41,47,48,62,72,73,75,79
8/30/23,04,06,07,10,11,17,18,27,31,33,38,42,44,51,61,62,65,68,78,80
8/29/23,06,09,16,17,20,21,24,26,28,31,36,47,50,55,61,68,74,76,79,80
8/28/23,11,12,24,28,32,35,37,41,46,48,49,50,57,61,62,66,67,71,72,74
8/27/23,03,08,11,13,17,18,23,24,25,27,29,30,35,39,66,67,73,77,78,79
8/26/23,03,06,14,16,17,29,35,39,45,47,48,49,56,58,61,64,66,74,79,80
8/25/23,01,12,13,14,26,27,28,29,35,37,39,41,47,50,60,63,66,69,78,80
8/24/23,01,03,08,14,16,21,22,25,43,44,50,52,59,60,62,65,66,71,75,79
8/23/23,01,06,09,13,14,25,27,33,37,40,45,48,50,53,55,57,59,64,76,79
8/22/23,01,07,10,11,12,14,16,17,20,21,26,38,39,44,45,56,61,64,65,80
8/21/23,05,06,07,13,17,18,22,27,40,43,45,46,51,54,63,66,67,70,75,78
8/20/23,08,12,17,18,19,21,27,29,32,33,37,41,48,49,52,53,60,64,69,70
8/19/23,08,16,18,21,24,27,31,33,35,51,52,53,61,64,66,69,73,74,77,78
8/18/23,01,06,09,22,28,34,36,39,42,45,55,57,59,60,63,66,67,71,74,79
8/17/23,03,04,05,07,10,14,17,34,37,39,43,44,45,53,55,68,72,73,75,78
8/16/23,06,08,09,10,12,16,20,21,27,41,50,55,61,63,64,69,70,73,77,79
8/15/23,02,04,09,12,13,19,21,26,28,36,46,50,52,54,60,62,64,73,76,77
8/14/23,11,12,15,17,19,27,31,33,34,35,42,46,47,55,62,64,65,69,75,77
8/13/23,04,11,14,17,23,27,30,31,33,42,43,45,47,50,55,61,67,69,77,80
8/12/23,08,09,17,23,25,33,34,35,38,41,42,48,54,56,61,62,64,67,73,80
8/11/23,02,03,07,12,13,14,17,22,23,25,29,31,34,42,53,54,67,71,72,79
8/10/23,01,02,14,16,17,18,24,27,31,33,37,44,46,59,60,62,74,75,77,80
8/9/23,03,04,05,08,14,17,23,29,34,37,38,46,48,51,53,59,61,69,71,79
8/8/23,05,06,10,11,17,20,27,29,34,41,43,45,54,55,59,60,63,66,71,78
8/7/23,04,05,08,09,10,13,15,18,19,27,32,36,38,64,68,70,73,74,77,79
8/6/23,03,10,12,17,20,21,23,26,30,31,34,38,41,42,49,55,57,66,72,78
8/5/23,02,04,05,06,17,27,29,32,35,37,40,41,42,48,53,55,58,60,66,75
8/4/23,01,02,03,05,07,10,11,14,17,24,30,35,39,49,52,57,68,73,74,77
8/3/23,05,09,10,12,15,18,19,21,29,33,35,44,49,56,57,59,72,74,78,79
8/2/23,03,08,12,16,17,24,26,28,31,33,38,48,51,53,56,59,60,67,74,75
8/1/23,05,16,22,23,24,25,26,32,39,41,43,44,45,49,50,55,59,60,67,73
7/31/23,01,02,03,09,14,19,21,26,29,31,43,48,52,53,55,62,63,67,70,71
7/30/23,01,07,16,19,24,25,27,28,31,33,38,40,44,49,53,55,56,63,67,69
7/29/23,09,11,12,20,29,30,35,39,40,41,42,43,48,50,51,61,66,71,79,80
7/28/23,01,02,03,04,11,20,28,29,30,31,38,43,45,48,49,58,65,66,73,74
7/27/23,04,06,08,10,13,15,22,23,27,32,33,36,44,50,54,56,62,63,65,66
7/26/23,01,04,08,16,17,18,27,35,36,38,45,49,51,63,68,69,71,76,78,80
7/25/23,02,06,12,13,20,21,22,27,29,35,36,37,41,47,54,56,64,68,70,73
7/24/23,04,06,08,16,19,22,33,38,43,44,47,51,58,59,60,62,71,72,75,79
7/23/23,06,10,11,12,15,21,24,33,36,39,40,41,47,52,54,58,61,71,78,80
7/22/23,04,07,17,26,27,29,30,31,35,39,43,45,46,54,58,59,62,64,67,72
7/21/23,02,15,20,25,27,29,34,36,38,40,42,48,54,61,65,72,73,74,75,78
7/20/23,05,06,08,09,13,22,23,24,29,33,34,35,39,44,52,57,60,62,72,73
7/19/23,03,06,09,16,17,20,23,27,33,36,40,43,44,46,53,56,58,62,67,74
7/18/23,02,06,08,10,18,19,32,37,41,42,48,50,54,55,61,64,65,73,75,79
7/17/23,04,05,06,08,10,14,17,19,28,33,36,39,47,49,50,63,67,68,69,78
7/16/23,09,18,21,24,25,27,28,34,38,39,41,43,44,45,46,53,54,69,75,78
7/15/23,06,08,10,13,16,20,30,33,37,39,49,55,57,61,64,69,70,71,75,77
7/14/23,05,09,11,20,23,29,31,36,42,44,46,47,57,59,61,62,64,67,70,74
7/13/23,05,09,10,14,23,24,25,32,34,49,50,52,58,60,63,65,66,72,75,77
7/12/23,05,09,11,21,24,27,36,37,41,43,49,53,54,61,67,69,72,74,76,79
7/11/23,04,06,08,09,14,19,21,22,24,29,30,31,41,49,53,56,64,66,67,72
7/10/23,01,08,09,14,20,21,24,29,31,33,38,39,40,55,56,58,60,71,72,79
7/9/23,02,13,21,25,28,29,36,37,38,40,42,47,50,52,56,59,64,68,77,78
7/8/23,02,03,06,07,09,18,22,23,27,29,33,38,39,44,51,53,56,62,63,73
7/7/23,03,06,13,14,19,21,25,26,30,31,34,35,46,57,62,69,70,75,77,80
7/6/23,01,08,13,18,20,35,40,42,43,44,46,47,52,53,56,59,67,69,76,77
7/5/23,02,04,07,08,11,14,16,19,26,28,29,32,33,36,41,42,69,73,75,76
7/4/23,02,04,05,06,10,11,16,19,31,37,40,42,44,49,56,58,65,71,76,79
7/3/23,02,09,12,21,23,24,25,27,33,35,40,41,45,46,49,61,64,68,71,73
7/2/23,02,06,08,13,28,30,33,34,39,40,43,48,51,56,57,59,69,70,74,75
7/1/23,03,05,07,18,22,23,24,26,32,33,36,40,44,46,61,64,69,71,77,79
6/30/23,02,04,06,07,08,26,30,32,38,42,47,53,55,58,60,61,65,72,74,78
6/29/23,03,06,10,11,17,21,23,28,38,39,44,52,57,64,70,73,75,76,77,80
6/28/23,06,11,12,16,17,18,29,31,36,41,43,46,53,57,61,67,68,69,72,74
6/27/23,03,08,09,10,11,14,19,27,34,42,43,44,45,59,62,63,67,68,71,77
6/26/23,09,16,22,27,29,31,34,35,41,42,44,47,50,54,55,56,59,61,67,75
6/25/23,03,04,08,10,11,12,16,21,22,30,32,36,37,41,45,59,64,70,75,79
6/24/23,01,02,07,09,11,23,24,26,28,45,47,53,54,55,56,57,58,61,78,79
6/23/23,04,06,09,16,17,21,22,25,27,29,39,40,42,45,54,56,63,64,72,73
6/22/23,17,18,19,23,26,28,30,33,39,43,44,47,52,54,60,62,68,72,75,78
6/21/23,03,04,11,16,18,28,34,42,50,52,53,57,60,65,66,73,74,75,76,79
6/20/23,02,09,10,16,17,23,27,35,37,38,39,40,41,44,52,55,59,63,66,73
6/19/23,07,11,13,19,29,35,40,42,44,47,49,53,55,56,64,69,70,72,75,76
6/18/23,03,05,09,12,15,17,18,20,26,27,37,41,42,48,63,65,73,74,75,80
6/17/23,08,11,13,14,17,23,31,34,35,41,43,45,47,49,56,57,64,70,74,77
6/16/23,01,02,03,11,12,15,16,20,21,23,31,33,37,40,42,46,47,57,74,77
6/15/23,03,15,17,23,24,29,32,34,43,47,48,50,52,60,64,65,69,70,72,78
6/14/23,01,05,12,22,25,26,30,33,34,36,45,47,48,60,64,68,70,71,77,79
6/13/23,06,11,13,17,20,29,34,37,38,41,43,50,55,57,65,66,73,74,75,76
6/12/23,03,09,10,14,15,17,21,28,31,35,36,43,49,60,63,64,67,71,72,77
6/11/23,01,05,11,26,27,29,32,34,36,40,41,46,48,49,57,58,59,70,73,80
6/10/23,11,15,16,18,20,26,31,35,37,42,58,59,60,63,73,74,75,77,78,80
6/9/23,01,07,09,11,16,20,40,44,45,53,54,59,61,63,66,67,70,71,78,79
6/8/23,04,11,20,26,35,40,42,43,46,54,55,57,58,59,61,62,63,69,75,79
6/7/23,07,10,14,16,24,29,30,31,36,43,47,58,61,63,64,68,69,71,74,77
6/6/23,01,02,06,12,13,18,21,27,28,30,33,34,37,39,43,48,54,69,75,76
6/5/23,02,05,06,08,10,17,18,30,32,33,36,37,40,41,50,55,56,63,68,74
6/4/23,08,09,13,15,17,18,20,21,27,31,41,43,48,51,59,63,64,72,74,78
6/3/23,02,14,15,16,17,18,21,24,26,27,34,37,40,46,48,49,72,74,77,80
6/2/23,04,09,13,14,20,24,27,29,48,51,52,54,58,60,64,69,71,72,74,77
6/1/23,02,04,08,10,11,13,16,17,28,33,41,42,45,54,56,61,67,68,71,72
5/31/23,05,15,18,19,21,26,27,29,32,33,37,45,52,53,59,61,62,63,69,77
5/30/23,03,05,08,13,14,15,24,25,28,33,42,46,50,52,64,71,72,74,75,79
5/29/23,02,07,11,12,13,17,23,26,27,28,36,38,45,47,48,51,65,70,76,77
5/28/23,02,03,04,16,19,23,34,37,38,42,55,56,57,63,64,68,73,78,79,80
5/27/23,01,05,06,09,18,28,30,33,35,37,38,40,42,46,54,59,64,68,74,76
5/26/23,05,08,10,11,12,21,23,24,25,28,29,31,38,53,55,62,69,71,72,75
5/25/23,08,12,21,29,33,37,40,44,45,46,52,58,59,63,64,65,70,71,73,77
5/24/23,05,18,19,24,26,28,33,37,42,49,51,52,56,59,60,62,63,70,71,77
5/23/23,13,15,16,29,33,36,37,38,43,46,52,55,58,59,61,63,66,68,69,77
5/22/23,06,09,12,13,16,23,28,29,34,49,51,58,60,62,66,67,69,70,73,75
5/21/23,04,08,12,15,17,18,22,25,30,31,45,50,52,54,59,63,71,72,75,77
5/20/23,03,10,11,13,18,28,29,34,36,37,43,50,54,56,64,68,72,75,79,80
5/19/23,04,07,13,17,22,30,36,38,39,42,45,46,52,54,58,60,62,74,77,80
5/18/23,01,02,05,09,15,16,19,21,24,27,29,38,41,46,56,58,60,66,68,70
5/17/23,05,08,11,19,20,24,27,30,34,39,45,50,53,58,60,64,67,72,73,80
5/16/23,02,10,12,14,15,17,19,27,34,38,43,47,48,51,58,66,67,69,71,72
5/15/23,04,10,13,14,22,23,26,29,35,38,39,43,47,48,50,57,58,63,65,67
5/14/23,01,03,04,09,10,13,25,29,33,42,43,50,52,54,66,69,70,71,76,77
5/13/23,02,04,06,08,09,12,13,23,30,31,34,35,41,43,51,57,66,67,68,76
5/12/23,02,10,11,17,19,20,22,23,25,34,41,45,49,51,58,62,63,68,71,76
5/11/23,04,07,08,11,13,14,30,31,35,40,41,46,49,53,59,63,68,69,71,76
5/10/23,01,04,07,08,23,24,30,31,32,40,46,48,52,57,67,74,75,76,77,79
5/9/23,04,08,10,19,20,24,28,29,42,46,47,49,51,52,62,65,67,72,73,75
5/8/23,09,12,16,17,19,20,24,35,41,47,49,50,54,57,59,64,66,67,72,78
5/7/23,01,05,08,19,22,23,24,26,37,38,47,50,55,57,59,62,66,68,70,75
5/6/23,01,05,07,08,11,13,19,20,23,24,28,30,31,33,37,53,57,70,75,78
5/5/23,02,03,04,05,07,08,10,17,18,21,23,30,35,37,48,58,67,70,71,76
5/4/23,01,04,06,15,16,25,26,47,49,51,52,54,55,58,59,61,72,73,74,78
5/3/23,03,06,15,16,19,23,26,28,35,39,45,53,57,59,60,62,65,74,76,77
5/2/23,04,24,28,33,45,46,47,48,49,50,53,54,55,59,60,65,68,69,72,75
5/1/23,01,02,09,11,15,19,21,24,25,26,35,36,37,41,42,48,49,65,68,71
4/30/23,04,08,10,12,24,28,34,35,39,41,48,49,52,57,58,59,64,66,70,75
4/29/23,04,05,11,15,16,20,22,27,29,38,39,47,48,56,60,63,68,69,74,80
4/28/23,01,08,12,14,19,25,33,34,35,44,51,53,55,58,66,67,70,74,75,78
4/27/23,02,11,14,18,19,21,27,28,32,34,35,42,44,47,56,59,62,65,71,78
4/26/23,01,07,16,20,22,24,25,28,30,31,36,39,53,55,56,57,58,65,67,79
4/25/23,02,07,13,15,20,23,25,27,28,29,35,44,49,51,52,60,61,65,68,75
4/24/23,02,03,06,15,18,19,20,22,27,29,30,32,38,40,43,49,60,63,64,75
4/23/23,04,08,09,11,25,26,32,39,40,47,48,49,50,61,63,64,66,71,72,76
4/22/23,03,05,06,08,12,13,19,23,26,30,41,43,46,52,57,62,71,75,77,80
4/21/23,06,09,10,11,20,21,22,23,26,28,40,44,45,46,49,55,57,63,67,78
4/20/23,01,05,08,11,16,17,22,26,29,30,31,36,42,47,51,53,57,63,68,78
4/19/23,03,07,12,13,14,15,16,19,24,25,33,36,50,53,61,62,63,74,77,80
4/18/23,04,06,15,18,22,28,33,36,37,38,42,43,45,50,51,54,55,66,69,70
4/17/23,02,11,13,17,19,21,24,29,31,34,41,46,47,49,52,67,68,70,75,80
4/16/23,05,11,13,14,15,19,30,35,48,54,56,57,58,60,61,68,70,71,78,80
4/15/23,02,03,04,15,20,27,28,29,31,32,40,43,45,47,48,50,55,62,63,71
4/14/23,14,15,17,19,20,23,24,32,34,35,36,37,38,44,54,56,57,76,78,80
4/13/23,02,03,04,19,23,24,28,36,40,43,48,51,60,61,64,74,76,77,79,80
4/12/23,02,06,08,09,14,18,19,22,24,30,40,47,54,56,60,61,64,66,73,79
4/11/23,01,03,04,05,07,08,16,21,22,25,32,33,36,43,54,58,62,66,75,79
4/10/23,02,03,09,14,19,20,21,31,32,38,39,49,57,63,64,65,67,71,73,78
4/9/23,05,11,18,20,22,24,26,27,29,32,35,45,55,57,62,67,73,74,78,79
4/8/23,01,04,05,09,15,22,23,32,34,39,44,46,49,51,52,67,68,70,73,76
4/7/23,05,10,12,19,23,27,28,34,40,44,47,49,50,54,58,59,70,71,73,74
4/6/23,06,08,09,16,17,19,20,23,30,33,40,49,50,55,56,65,66,67,75,77
4/5/23,01,07,08,11,19,21,22,25,34,43,46,47,48,51,56,60,68,75,77,79
4/4/23,01,02,07,08,11,15,20,26,29,30,33,40,42,43,52,53,70,71,77,78
4/3/23,03,04,08,19,20,27,28,30,31,35,37,38,42,43,48,50,63,65,69,76
4/2/23,04,09,10,15,18,23,26,28,31,36,40,46,50,57,61,62,64,72,75,79
4/1/23,05,06,21,24,28,29,34,37,38,41,45,50,51,52,53,56,58,59,74,76
3/31/23,09,11,20,24,36,38,39,42,44,45,46,51,58,60,61,67,68,69,71,78
3/30/23,02,04,06,08,14,17,25,33,35,42,46,48,52,53,54,57,62,63,69,78
3/29/23,05,06,08,14,16,19,23,28,33,38,44,46,52,60,61,66,67,76,77,80
3/28/23,07,12,14,15,23,25,27,28,31,33,52,53,58,59,60,68,69,71,73,79
3/27/23,02,04,07,15,24,30,31,39,40,41,47,49,53,57,63,64,68,73,76,80
3/26/23,07,15,21,28,33,34,36,40,43,45,49,56,59,61,62,69,73,75,76,80
3/25/23,01,06,07,09,10,11,16,18,20,24,26,32,39,46,47,54,64,66,70,80
3/24/23,02,04,06,12,14,15,20,22,33,44,50,53,57,59,66,67,68,71,73,77
3/23/23,01,05,09,10,11,14,19,20,25,26,30,32,38,40,45,49,57,60,62,63
3/22/23,09,12,16,23,25,26,29,30,31,36,38,39,43,50,51,55,56,59,66,71
3/21/23,12,13,18,24,27,30,35,38,39,40,41,42,44,49,53,59,61,64,66,78
3/20/23,01,05,07,10,15,22,32,35,38,46,48,50,52,56,61,63,64,67,74,79
3/19/23,01,02,07,08,10,11,12,14,19,23,25,29,36,52,55,70,71,73,74,77
3/18/23,02,03,07,12,15,16,31,32,35,41,45,47,48,49,50,54,58,60,70,79
3/17/23,03,08,13,15,21,22,24,25,27,32,37,42,48,54,55,58,65,67,74,78
3/16/23,06,10,18,19,22,24,27,28,35,40,42,44,48,52,53,54,55,61,62,80
3/15/23,02,03,08,09,15,18,24,26,35,37,45,47,48,54,55,60,68,69,71,77
3/14/23,03,04,08,12,16,20,25,29,32,41,46,51,53,62,63,67,72,74,75,77
3/13/23,01,02,07,09,12,19,26,40,42,44,49,50,53,67,72,73,76,77,78,80
3/12/23,02,10,13,15,21,24,26,31,32,35,37,40,49,51,53,54,55,64,66,78
3/11/23,06,11,12,15,17,18,21,27,29,34,40,50,56,57,62,65,66,68,74,77
3/10/23,07,09,15,19,20,23,29,31,33,37,38,46,47,48,62,68,70,71,73,79
3/9/23,04,07,12,17,23,32,37,39,41,42,44,45,46,48,54,68,73,75,77,78
3/8/23,01,10,16,34,35,36,38,42,44,47,59,60,61,63,64,68,72,77,79,80
3/7/23,03,05,09,13,16,18,22,28,33,39,41,51,55,56,58,59,64,76,79,80
3/6/23,05,09,12,13,15,24,25,27,29,30,31,32,38,43,52,54,55,58,64,80
3/5/23,03,14,18,22,32,34,37,39,40,46,48,49,51,52,53,56,60,64,71,73
3/4/23,01,08,09,12,19,24,28,29,32,34,36,38,49,54,59,63,65,71,72,79
3/3/23,09,11,18,23,24,29,30,35,37,40,41,47,50,51,52,54,55,65,69,73
3/2/23,06,11,16,17,24,27,33,36,37,38,42,52,55,56,58,59,67,68,75,78
3/1/23,01,03,04,06,07,11,14,21,26,30,35,38,42,45,63,67,70,75,76,78
2/28/23,09,11,12,18,23,25,26,27,28,30,33,38,41,47,49,52,56,70,74,76
2/27/23,03,15,21,28,32,36,39,45,47,50,51,52,60,61,62,66,67,72,77,79
2/26/23,06,07,13,15,16,21,30,32,34,36,37,45,55,62,64,66,68,71,76,78
2/25/23,10,11,13,16,17,25,29,30,34,37,38,41,43,56,57,60,64,73,77,80
2/24/23,01,04,10,20,23,28,33,36,47,50,56,60,61,63,68,69,70,73,74,75
2/23/23,05,06,09,17,18,22,25,30,33,36,39,43,44,45,47,49,64,65,69,78
2/22/23,04,08,10,12,30,34,35,39,43,46,47,48,53,55,58,61,65,69,70,79
2/21/23,07,09,13,26,28,29,31,40,46,53,59,60,61,62,63,65,72,74,77,79
2/20/23,03,06,08,12,14,24,32,35,38,42,45,47,63,64,65,68,72,73,75,80
2/19/23,10,14,23,30,31,32,35,36,38,39,41,50,51,52,58,59,62,71,72,74
2/18/23,10,11,16,27,46,48,52,53,55,57,60,64,65,67,68,69,71,73,75,78
2/17/23,01,03,04,06,12,14,15,20,22,24,28,48,52,54,55,62,69,77,78,80
2/16/23,09,13,14,17,33,36,42,44,47,54,60,62,63,64,65,66,68,72,78,80
2/15/23,02,14,28,30,31,35,40,44,52,53,57,58,61,62,63,64,68,71,74,76
2/14/23,02,09,11,17,18,19,21,25,26,34,36,39,40,48,58,59,65,66,67,68
2/13/23,04,06,09,19,21,23,25,42,47,52,57,59,61,63,68,71,72,74,75,79
2/12/23,26,28,29,30,31,32,36,37,38,45,48,49,55,57,58,63,68,69,70,80
2/11/23,01,06,07,12,17,19,20,21,23,25,30,33,53,54,59,63,73,75,77,78
2/10/23,03,05,19,20,22,28,32,33,34,38,44,48,50,52,57,58,64,68,69,78
2/9/23,02,05,06,08,12,14,26,30,32,33,38,39,45,51,52,57,58,59,62,63
2/8/23,05,10,23,26,27,34,35,38,39,40,57,59,61,65,68,70,77,78,79,80
2/7/23,03,14,17,22,29,32,35,36,37,39,42,48,52,56,66,68,71,73,78,80
2/6/23,02,16,18,19,21,24,27,29,42,55,58,59,60,62,67,70,76,77,78,80
2/5/23,16,17,21,24,28,29,32,37,38,40,42,44,47,51,52,53,62,65,74,75
2/4/23,06,07,08,15,26,27,35,37,39,46,50,54,56,59,64,68,69,70,77,78
2/3/23,01,04,06,14,20,26,27,35,37,38,39,51,52,53,60,64,65,66,70,79
2/2/23,10,11,12,17,20,21,24,32,35,37,39,43,50,52,53,56,58,72,76,77
2/1/23,02,03,07,12,13,18,19,21,31,33,35,40,43,53,54,64,70,75,76,78
1/31/23,01,07,10,12,15,17,29,30,31,32,36,38,48,52,60,68,70,74,75,79
1/30/23,07,09,10,24,32,33,35,37,38,43,48,50,53,63,64,66,68,70,77,79
1/29/23,08,14,16,22,24,30,31,32,35,37,46,48,52,53,56,59,61,69,76,80
1/28/23,03,06,07,10,16,26,28,33,35,40,41,49,50,60,61,66,68,70,73,75
1/27/23,07,14,18,22,23,24,25,26,30,35,37,43,53,55,58,60,67,70,73,78
1/26/23,03,06,08,16,27,33,36,37,40,41,46,51,55,56,60,62,69,72,74,78
1/25/23,04,13,15,19,20,26,27,30,31,35,36,46,47,50,56,58,59,60,64,66
1/24/23,01,07,10,15,19,27,32,33,37,38,40,43,46,48,51,55,60,66,70,71
1/23/23,01,07,09,10,14,17,24,26,32,33,38,42,46,49,50,52,57,68,78,79
1/22/23,03,09,11,15,25,30,32,33,37,43,44,45,46,54,60,61,65,68,73,76
1/21/23,07,11,19,24,29,35,41,43,46,49,53,55,56,62,63,64,68,70,73,78
1/20/23,06,10,12,17,24,30,32,40,49,54,55,59,64,68,70,72,73,75,78,79
1/19/23,02,09,15,18,19,21,23,26,30,31,37,42,53,54,56,59,60,67,71,79
1/18/23,01,02,08,14,15,21,22,25,27,41,45,57,63,64,65,68,69,71,72,78
1/17/23,02,09,14,16,22,26,32,33,38,43,45,54,56,59,65,73,74,76,77,78
1/16/23,01,11,13,24,32,37,43,45,48,49,56,57,58,62,64,71,72,73,77,78
1/15/23,02,04,10,16,23,25,36,37,39,40,42,45,46,51,52,54,56,71,72,80
1/14/23,02,05,07,13,15,16,18,27,29,39,40,42,44,51,53,55,65,68,69,76
1/13/23,02,07,10,20,24,25,33,36,38,40,46,47,61,67,68,69,71,72,74,76
1/12/23,02,04,21,31,34,42,43,44,46,51,54,59,62,65,68,69,72,76,77,80
1/11/23,01,07,08,09,16,18,19,21,23,25,26,27,30,32,41,52,54,59,62,74
1/10/23,06,10,12,14,29,30,38,39,40,42,46,52,56,62,63,64,70,74,78,80
1/9/23,03,04,05,06,10,15,16,17,29,38,41,47,53,55,60,61,62,66,68,71
1/8/23,05,09,10,14,22,24,29,33,36,37,42,46,56,61,63,67,68,69,70,78
1/7/23,03,04,07,10,11,17,22,23,30,39,40,43,50,56,57,60,63,68,72,78
1/6/23,01,06,07,09,15,17,25,26,28,40,41,42,50,51,55,62,65,67,70,74
1/5/23,06,07,08,09,12,14,17,25,28,31,40,45,53,57,58,62,66,70,72,73
1/4/23,01,07,09,15,17,20,27,28,30,35,39,48,51,59,63,67,68,71,78,79
1/3/23,06,08,10,14,20,22,32,38,44,47,54,57,61,64,67,68,71,72,76,78
1/2/23,01,02,08,10,13,14,30,35,36,37,43,46,49,59,62,68,69,72,73,80
1/1/23,03,05,11,12,14,19,25,29,31,39,46,47,49,51,52,60,65,69,73,79
12/31/22,04,05,09,10,18,24,34,40,41,48,50,51,57,59,60,73,74,76,77,79
12/30/22,02,03,04,05,09,13,15,20,24,26,30,36,38,40,56,62,70,75,78,80
12/29/22,02,04,06,11,16,19,20,21,30,32,34,44,48,60,61,63,64,71,74,75
12/28/22,03,04,09,11,20,24,29,33,46,53,57,65,66,68,70,71,73,75,78,80
12/27/22,01,02,10,11,12,18,21,22,32,33,36,37,41,42,49,55,58,59,64,67
12/26/22,02,04,07,08,09,16,18,22,31,32,37,41,43,44,48,54,55,66,70,79
12/25/22,03,06,10,14,15,17,19,20,23,31,33,42,43,47,48,50,62,64,76,77
12/24/22,08,19,22,24,27,34,35,41,44,47,50,56,58,59,61,63,64,66,67,68
12/23/22,01,04,06,13,16,23,33,37,38,41,56,57,59,63,64,70,71,73,76,80
12/22/22,07,08,11,13,16,20,23,25,33,36,41,42,47,53,62,63,64,68,70,76
12/21/22,04,06,13,16,19,24,29,33,34,39,42,44,46,50,56,59,64,72,75,78
12/20/22,06,11,18,19,27,29,31,32,35,37,42,43,54,57,58,68,69,71,72,73
12/19/22,08,09,18,20,23,29,32,38,41,42,45,46,52,55,56,60,67,73,76,77
12/18/22,04,06,09,17,19,22,24,25,27,35,38,49,52,54,58,60,69,74,76,77
12/17/22,01,06,08,13,17,20,23,24,25,38,39,40,41,45,47,50,53,56,63,76
12/16/22,07,11,13,18,20,22,26,27,34,36,40,42,43,44,59,70,71,72,73,77
12/15/22,02,04,05,17,18,22,27,37,38,41,53,54,55,60,63,64,65,68,69,78
12/14/22,02,04,11,12,17,22,25,26,30,32,41,51,54,58,60,63,69,70,79,80
12/13/22,08,13,15,17,26,28,31,33,42,43,50,55,58,62,65,69,70,74,76,78
12/12/22,02,04,10,11,17,18,25,26,27,35,40,46,47,52,57,58,59,66,77,80
12/11/22,04,05,06,11,17,21,22,29,32,37,39,44,50,54,57,61,64,65,68,69
12/10/22,01,04,11,18,19,26,29,36,38,40,49,50,52,53,56,63,66,67,69,75
12/9/22,17,19,23,24,26,28,32,34,39,41,42,48,54,56,57,62,63,65,66,71
12/8/22,03,07,12,17,19,21,23,25,30,33,36,38,39,41,44,46,49,69,75,79
12/7/22,03,10,11,16,21,27,29,38,45,47,52,54,57,59,62,66,67,69,74,80
12/6/22,05,08,09,10,11,16,19,32,35,46,47,55,56,59,61,62,63,71,73,74
12/5/22,08,14,15,18,19,20,22,26,29,35,45,53,57,61,64,71,74,78,79,80
12/4/22,01,06,12,14,17,28,29,33,40,43,53,54,55,56,57,58,67,73,74,78
12/3/22,09,10,11,14,18,23,24,39,46,47,49,50,52,54,61,63,64,69,75,76
12/2/22,01,03,05,13,16,19,21,23,28,30,35,41,46,51,58,64,71,72,76,79
12/1/22,01,06,15,23,35,36,42,43,46,51,53,57,60,62,64,65,67,72,76,77
11/30/22,03,05,07,10,18,31,36,37,42,43,47,49,52,61,63,65,66,67,75,76
11/29/22,02,10,19,28,34,35,36,41,42,45,50,52,58,59,69,70,73,75,76,78
11/28/22,07,08,10,14,28,29,30,35,36,38,45,50,52,53,59,64,67,71,72,79
11/27/22,02,03,06,09,10,13,19,21,22,27,28,31,49,54,56,58,65,66,67,74
11/26/22,12,14,21,26,30,32,33,34,39,40,48,49,50,54,59,61,67,70,74,79
11/25/22,04,07,13,19,20,26,27,32,37,41,52,55,57,58,68,72,73,74,77,80
11/24/22,01,07,09,13,17,20,21,22,26,27,35,39,41,47,48,50,57,60,61,65
11/23/22,04,05,08,10,11,20,21,26,32,34,44,47,48,49,56,59,61,62,70,72
11/22/22,03,10,11,13,14,19,21,23,28,30,37,38,47,53,54,68,70,75,79,80
11/21/22,03,04,13,21,27,32,33,34,38,41,43,44,49,53,55,61,66,67,70,71
11/20/22,02,04,10,13,15,16,19,20,26,31,35,42,43,59,60,69,73,75,76,80
11/19/22,03,07,08,09,15,17,28,29,30,36,39,44,46,48,52,55,59,63,70,78
11/18/22,04,08,09,10,11,12,16,24,25,26,32,33,34,49,57,67,68,74,78,79
11/17/22,06,07,08,10,14,19,20,27,36,42,45,52,54,58,60,66,70,71,72,74
11/16/22,01,06,09,11,17,23,25,34,41,45,49,50,51,54,56,58,61,65,69,80
11/15/22,05,11,13,18,22,24,27,28,31,35,36,37,38,43,45,46,47,54,63,76
11/14/22,08,14,16,18,19,22,24,25,31,32,36,38,43,44,49,50,52,66,67,69
11/13/22,02,05,07,09,12,32,35,42,43,44,46,47,53,55,59,61,63,69,71,72
11/12/22,02,09,11,19,24,27,31,33,36,38,47,48,49,53,59,61,63,66,75,80
11/11/22,22,24,28,29,31,43,44,48,49,50,52,53,57,59,62,65,67,71,72,80
11/10/22,03,04,10,19,21,23,30,33,36,38,41,45,49,51,62,64,69,73,75,77
11/9/22,02,06,12,14,17,19,24,28,29,34,35,42,44,53,54,56,57,65,74,80
11/8/22,05,06,14,22,23,28,32,34,36,39,43,47,49,53,54,58,62,66,73,80
11/7/22,07,12,13,15,22,25,28,31,32,35,36,38,55,56,62,63,71,73,77,78
11/6/22,03,05,09,25,28,29,32,34,35,37,38,43,52,54,55,61,62,64,71,78
11/5/22,01,05,06,15,17,18,20,21,23,26,29,36,38,40,42,44,49,57,59,61
11/4/22,01,04,05,06,13,18,30,33,35,43,47,54,55,56,57,59,61,63,72,76
11/3/22,01,11,12,18,21,24,27,31,36,40,43,47,49,55,60,61,62,68,70,71
11/2/22,08,14,17,20,22,27,33,34,39,49,50,54,55,57,59,62,63,64,74,80
11/1/22,01,04,06,08,09,11,13,22,26,29,32,33,48,52,53,57,58,62,63,64
10/31/22,01,05,16,19,21,23,25,26,27,28,32,35,59,64,67,69,71,75,77,78
10/30/22,01,02,11,12,16,18,20,22,23,33,35,37,44,47,49,66,69,70,71,79
10/29/22,02,04,07,09,10,12,14,19,26,39,44,46,57,58,62,63,70,74,76,80
10/28/22,02,04,08,10,11,21,22,25,27,32,33,34,42,49,52,56,57,65,69,75
10/27/22,02,03,11,15,18,25,26,28,34,36,40,42,43,44,48,53,63,65,68,75
10/26/22,03,04,05,10,13,17,18,21,23,30,37,39,40,47,53,58,61,64,75,76
10/25/22,09,11,12,19,23,43,44,45,47,51,54,55,57,60,62,63,72,74,76,79
10/24/22,05,06,09,15,16,18,19,26,39,46,49,53,54,55,58,64,67,69,73,75
10/23/22,01,03,06,09,13,17,27,32,33,36,40,46,48,50,51,55,61,63,68,71
10/22/22,04,05,09,11,18,23,24,25,26,29,30,37,47,48,60,63,65,66,73,80
10/21/22,02,10,13,14,17,23,27,28,32,36,37,41,43,48,58,61,67,68,72,75
10/20/22,09,19,20,21,32,34,39,42,49,51,55,58,59,63,64,65,69,70,72,79
10/19/22,01,09,15,16,17,19,25,29,30,36,46,50,52,53,57,62,63,65,68,71
10/18/22,10,11,13,18,19,23,27,31,36,37,44,46,50,55,59,64,66,70,75,78
10/17/22,05,06,19,28,33,37,43,45,47,48,50,51,52,54,56,61,68,71,77,78
10/16/22,04,06,08,09,13,19,21,24,25,30,32,35,36,40,48,50,52,57,59,64
10/15/22,01,02,06,11,15,19,23,30,34,42,43,48,51,54,66,68,69,74,75,76
10/14/22,02,08,19,21,23,26,32,39,42,43,46,50,51,56,58,60,65,70,77,79
10/13/22,01,07,08,10,12,17,19,25,26,27,30,38,52,53,62,67,68,72,73,80
10/12/22,01,03,04,05,09,11,22,24,27,29,32,33,35,39,44,48,60,62,70,72
10/11/22,08,09,10,21,25,26,28,35,36,38,48,49,52,53,54,57,65,73,76,77
10/10/22,02,09,11,12,14,16,19,21,22,24,29,37,43,44,50,51,55,62,66,67
10/9/22,07,08,12,13,21,24,25,27,32,34,42,45,46,56,59,63,74,78,79,80
10/8/22,04,08,12,16,18,19,23,29,31,37,48,50,55,62,65,67,70,71,78,79
10/7/22,01,02,11,15,16,18,21,22,24,27,36,48,50,52,60,64,67,71,73,80
10/6/22,09,13,14,18,22,23,26,30,31,32,39,52,54,62,63,72,73,77,78,79
10/5/22,03,10,11,12,13,14,16,18,23,26,27,29,30,32,37,40,64,69,70,76
10/4/22,03,15,24,28,29,30,36,39,40,41,46,47,50,54,57,61,64,66,74,76
10/3/22,07,08,11,14,15,16,17,24,27,29,31,32,37,39,43,50,70,75,76,80
10/2/22,08,14,15,16,17,23,27,32,36,38,43,44,45,48,49,57,60,62,66,69
10/1/22,06,11,17,20,24,26,30,36,40,44,45,46,49,52,55,61,65,69,78,80
9/30/22,03,06,08,14,18,30,34,37,39,42,46,47,52,56,66,70,73,77,78,79
9/29/22,08,12,14,19,22,23,25,29,32,36,40,42,48,49,59,63,74,75,77,79
9/28/22,12,14,20,22,24,27,35,37,40,41,43,44,45,47,53,56,64,70,72,78
9/27/22,03,08,11,23,32,36,38,48,54,58,60,64,66,67,68,70,72,74,75,77
9/26/22,04,05,14,22,24,25,26,27,29,30,37,44,46,55,59,63,65,68,72,77
9/25/22,05,06,09,12,13,16,24,33,34,35,43,46,54,62,65,66,71,74,76,79
9/24/22,03,06,08,13,20,21,22,24,28,29,30,31,32,45,46,54,55,66,69,79
9/23/22,02,03,04,13,14,17,21,28,29,42,50,52,53,54,57,59,60,63,64,78
9/22/22,06,07,12,13,16,18,23,27,33,34,37,39,44,47,54,58,61,65,70,77
9/21/22,02,05,06,15,19,21,27,33,39,42,43,44,51,53,69,71,72,73,74,77
9/20/22,01,02,09,16,21,22,23,24,29,48,52,54,58,66,67,73,74,76,78,79
9/19/22,07,11,15,19,22,23,26,30,33,36,48,50,53,55,60,61,63,72,74,77
9/18/22,05,10,18,20,22,27,35,36,43,48,53,55,60,61,68,71,72,73,74,80
9/17/22,10,11,13,18,20,24,27,29,36,38,51,53,55,58,64,70,72,73,77,80
9/16/22,02,07,09,10,12,15,17,20,23,26,31,34,35,40,57,58,73,74,77,79
9/15/22,10,14,19,23,29,30,31,32,33,36,41,51,52,55,62,66,67,73,76,80
9/14/22,06,09,21,24,29,30,32,36,38,39,46,47,50,53,55,58,63,72,73,79
9/13/22,10,12,19,21,22,26,29,30,41,49,51,55,58,59,66,68,71,75,76,80
9/12/22,01,05,08,14,23,25,29,31,34,38,41,42,46,56,63,65,66,73,78,79
9/11/22,02,06,10,17,19,26,27,33,42,44,49,52,58,59,67,70,72,73,76,78
9/10/22,12,40,42,44,45,46,47,48,49,55,63,65,72,73,74,75,77,78,79,80
9/9/22,03,07,11,14,19,20,22,31,33,41,47,54,55,57,60,67,70,75,76,79
9/8/22,03,04,06,08,15,21,29,44,46,47,53,55,57,62,66,71,76,78,79,80
9/7/22,05,10,14,15,17,18,20,23,24,35,36,38,43,44,51,52,61,67,69,74
9/6/22,01,03,15,19,22,24,28,33,35,41,44,47,51,58,66,67,69,70,73,80
9/5/22,07,08,10,12,13,15,16,22,23,25,28,29,30,31,34,37,41,61,74,79
9/4/22,01,11,12,15,21,22,24,31,33,38,41,42,43,47,55,58,61,67,72,78
9/3/22,02,04,06,10,28,32,34,44,46,48,51,55,57,58,63,65,73,75,76,77
9/2/22,04,05,07,09,13,20,23,26,29,33,38,42,43,45,49,61,67,70,75,76
9/1/22,03,04,07,16,17,22,30,36,38,39,46,50,52,53,59,65,67,70,77,79
8/31/22,01,09,24,25,30,34,35,36,39,40,41,42,51,52,56,57,62,72,74,75
8/30/22,02,07,09,10,11,16,22,31,35,36,38,40,45,51,55,60,62,63,72,73
8/29/22,05,08,09,11,13,14,22,23,25,39,40,43,47,48,51,56,64,67,73,80
8/28/22,01,04,05,08,11,12,22,27,28,35,38,41,42,48,54,55,56,58,64,76
8/27/22,08,09,11,19,21,27,29,31,32,35,37,42,45,46,47,53,60,63,76,79
8/26/22,02,08,09,14,19,29,33,35,40,41,46,49,55,56,57,58,64,65,68,72
8/25/22,01,07,08,09,11,15,17,19,23,32,34,39,47,49,52,53,63,67,73,80
8/24/22,05,07,13,15,21,27,29,31,32,38,49,50,54,58,60,63,64,76,77,79
8/23/22,05,08,11,13,14,15,20,23,28,33,42,48,49,50,52,56,58,66,74,79
8/22/22,01,03,10,12,18,21,23,30,31,33,41,42,46,49,50,58,60,63,66,80
8/21/22,08,11,14,15,16,17,20,28,30,31,38,41,43,44,46,52,64,68,73,74
8/20/22,01,03,07,11,22,28,40,41,44,48,53,55,59,63,66,69,73,75,76,80
8/19/22,01,02,07,16,18,25,26,27,34,37,42,56,62,63,64,71,72,74,77,80
8/18/22,07,10,12,16,19,23,31,32,35,38,39,40,44,49,51,55,58,65,66,76
8/17/22,01,05,06,14,22,26,30,39,42,43,48,49,51,52,69,70,73,76,78,79
8/16/22,02,05,07,08,12,14,15,21,24,29,30,31,33,36,39,64,66,68,72,78
8/15/22,01,12,20,23,24,28,31,37,39,40,44,46,51,53,54,57,66,67,68,77
8/14/22,01,02,05,10,13,14,15,16,19,24,28,42,48,55,58,60,63,73,75,80
8/13/22,03,04,06,11,15,17,22,28,31,35,45,49,51,60,62,63,67,71,72,73
8/12/22,04,07,08,10,11,15,16,21,23,25,26,28,37,49,54,57,59,63,68,77
8/11/22,03,07,12,15,22,24,26,28,29,31,33,34,46,50,51,54,56,61,70,73
8/10/22,10,13,18,21,22,24,29,33,34,37,41,42,44,49,55,61,63,69,77,79
8/9/22,02,10,12,19,20,23,26,39,42,43,53,54,56,57,59,60,63,77,78,80
8/8/22,10,14,15,17,20,21,23,35,38,39,40,41,47,49,52,53,63,64,68,80
8/7/22,03,05,10,11,13,18,19,20,21,22,23,25,36,43,48,49,56,63,65,71
8/6/22,01,06,09,12,20,24,26,36,37,39,41,46,48,50,51,53,59,68,71,72
8/5/22,02,04,06,11,13,19,20,22,29,31,35,41,43,47,51,61,64,68,71,78
8/4/22,03,07,19,20,22,30,31,37,42,46,48,49,50,52,54,57,58,63,68,75
8/3/22,02,03,16,23,26,36,46,50,53,54,58,59,60,63,68,69,73,77,79,80
8/2/22,01,02,11,14,15,19,21,30,31,34,35,41,46,55,56,60,62,68,69,78
8/1/22,03,07,08,10,12,15,16,20,21,33,35,40,43,49,55,60,61,62,67,77
7/31/22,09,15,21,22,23,31,34,36,39,42,43,46,56,58,67,68,69,73,78,79
7/30/22,10,12,17,20,22,24,29,34,38,43,45,48,51,54,55,57,58,67,71,73
7/29/22,05,15,18,21,23,25,31,32,35,36,39,44,50,58,66,68,70,75,77,80
7/28/22,04,07,09,11,12,13,14,15,17,18,19,29,33,34,39,40,47,56,61,72
7/27/22,07,13,20,21,22,23,25,26,31,32,33,41,43,44,46,54,62,66,69,79
7/26/22,01,03,11,17,19,24,27,28,30,33,36,38,41,45,51,61,64,70,72,79
7/25/22,01,02,07,12,13,14,18,21,24,32,34,38,42,47,60,62,63,70,72,79
7/24/22,01,03,05,10,14,16,19,22,26,27,30,37,38,43,49,52,56,59,61,77
7/23/22,03,04,10,12,13,15,20,21,26,28,34,38,43,46,48,49,60,61,62,65
7/22/22,07,16,18,20,23,25,33,36,38,40,44,56,61,64,68,69,75,78,79,80
7/21/22,09,11,16,20,21,23,26,27,30,33,40,45,50,73,75,76,77,78,79,80
7/20/22,05,12,14,17,24,27,38,40,43,44,52,55,59,60,66,69,73,77,79,80
7/19/22,01,08,10,14,15,17,26,27,32,38,43,44,48,49,57,62,67,77,78,79
7/18/22,04,09,11,14,15,18,19,27,35,36,41,42,45,51,53,59,61,68,75,78
7/17/22,03,18,24,25,28,35,41,44,45,47,50,53,56,59,66,70,72,75,76,79
7/16/22,07,16,19,23,24,26,35,39,40,49,50,51,53,54,59,63,70,76,77,80
7/15/22,01,02,05,06,08,14,16,20,26,32,33,38,48,51,52,58,63,65,70,73
7/14/22,06,09,21,24,25,27,33,34,40,41,45,47,61,62,63,68,73,77,78,80
7/13/22,07,10,11,20,22,24,28,29,30,34,36,38,41,48,56,59,64,66,68,69
7/12/22,01,07,14,16,19,20,21,33,37,46,48,49,51,54,57,59,65,69,71,75
7/11/22,01,02,04,19,33,42,44,46,52,54,57,58,64,65,67,69,70,73,74,76
7/10/22,06,09,11,15,19,22,23,25,28,30,34,40,42,45,53,59,63,64,70,71
7/9/22,08,10,12,13,15,16,17,20,28,32,48,53,55,58,60,73,76,77,78,79
7/8/22,07,08,10,12,15,19,20,22,32,41,45,47,55,56,58,61,67,72,78,80
7/7/22,01,04,05,07,09,13,17,29,33,36,38,39,45,48,52,63,68,70,77,78
7/6/22,15,21,31,32,36,37,41,43,46,48,54,55,56,58,61,66,71,76,77,79
7/5/22,02,06,12,16,19,29,34,35,36,38,41,46,49,50,56,57,60,65,71,75
7/4/22,03,11,12,14,16,19,21,26,28,30,31,33,37,40,41,44,51,57,63,77
7/3/22,02,03,04,12,16,18,21,23,29,33,36,40,43,44,50,55,58,59,69,73
7/2/22,05,09,10,11,12,14,16,22,23,28,30,32,34,52,59,65,68,72,76,79
7/1/22,01,09,17,18,34,36,37,41,42,44,46,47,52,53,57,62,64,65,66,75
6/30/22,01,06,07,08,13,23,29,31,37,40,42,43,46,50,53,55,67,75,79,80
6/29/22,10,13,16,18,21,23,24,31,33,35,36,38,42,46,50,58,60,76,79,80
6/28/22,03,08,10,14,16,29,30,36,41,44,48,52,61,67,68,72,74,75,76,78
6/27/22,02,03,06,11,16,18,21,26,29,33,51,53,55,58,60,62,65,67,70,76
6/26/22,09,10,15,20,24,25,30,34,41,44,47,55,61,67,68,69,70,71,77,78
6/25/22,04,09,11,17,18,22,32,33,35,36,40,43,50,55,57,65,66,72,77,78
6/24/22,02,05,12,18,26,29,30,35,41,44,50,52,53,56,62,70,71,72,75,79
6/23/22,06,09,11,22,31,35,37,38,45,48,53,59,67,70,72,73,75,76,77,80
6/22/22,01,05,07,14,15,18,25,33,45,47,52,58,60,64,66,68,69,70,74,80
6/21/22,07,15,16,26,27,34,41,43,49,50,51,54,55,57,59,63,68,71,77,78
6/20/22,09,10,11,15,16,23,24,26,27,29,32,37,39,40,46,47,48,49,60,72
6/19/22,02,05,07,10,11,13,16,17,23,27,33,50,53,56,58,63,66,69,76,80
6/18/22,05,09,20,22,26,28,34,35,37,39,42,46,50,51,60,68,72,74,76,78
6/17/22,06,08,09,10,13,19,21,23,27,36,45,46,53,58,60,64,67,69,78,80
6/16/22,04,06,09,13,15,19,22,28,31,36,37,51,56,58,60,62,64,69,76,80
6/15/22,02,03,09,18,22,31,33,39,43,46,53,54,60,63,66,69,72,73,74,75
6/14/22,04,13,21,27,33,34,35,38,39,42,44,51,54,56,62,63,68,69,72,80
6/13/22,03,08,10,11,13,16,17,19,28,31,42,44,50,53,65,72,73,74,77,80
6/12/22,01,04,19,21,26,28,29,30,33,36,39,51,57,58,64,66,68,74,76,80
6/11/22,01,02,04,08,18,20,26,27,32,49,51,53,54,63,64,69,70,73,75,78
6/10/22,05,07,11,18,19,20,23,37,42,51,58,61,63,66,67,68,70,74,75,79
6/9/22,05,12,13,15,16,18,22,24,32,38,41,46,56,58,59,65,67,69,71,73
6/8/22,01,02,06,15,17,33,37,38,40,46,48,49,53,54,55,57,62,71,72,77
6/7/22,13,14,18,20,24,30,35,36,38,44,47,60,62,63,65,68,70,72,73,79
6/6/22,09,15,24,25,26,30,31,32,33,36,37,43,45,53,65,68,71,75,76,79
6/5/22,03,06,13,18,20,25,26,41,45,47,49,52,53,56,71,72,73,75,76,80
6/4/22,02,04,06,11,18,19,20,22,25,28,30,33,35,36,46,47,56,65,69,76
6/3/22,01,02,06,09,13,14,15,17,20,22,25,34,35,41,42,43,55,61,66,80
6/2/22,02,07,13,14,23,29,32,34,38,48,51,52,53,55,60,61,63,65,67,77
6/1/22,04,06,10,12,16,17,19,23,29,31,32,35,40,42,45,47,52,54,57,63
5/31/22,05,06,07,08,09,12,18,21,35,45,54,59,60,62,64,66,68,69,77,78
5/30/22,02,04,11,16,18,20,25,32,39,40,46,52,53,61,69,70,73,74,75,80
5/29/22,09,11,14,15,28,33,35,38,43,45,56,58,61,62,71,73,74,76,77,79
5/28/22,02,05,06,13,14,15,16,26,31,39,40,41,47,48,51,59,60,67,68,80
5/27/22,02,09,11,13,15,25,29,34,36,37,38,39,41,45,56,57,59,70,72,74
5/26/22,01,02,03,09,11,15,19,22,32,38,40,42,51,53,63,67,72,73,79,80
5/25/22,03,05,06,07,10,17,18,24,32,38,40,44,52,53,59,61,67,69,77,79
5/24/22,01,03,06,07,14,16,22,24,30,39,42,43,47,50,66,68,69,70,73,79
5/23/22,01,11,17,20,25,28,32,43,44,45,47,48,49,54,62,64,67,69,73,76
5/22/22,04,09,12,13,14,15,19,20,23,24,26,35,36,43,47,53,57,61,68,73
5/21/22,02,05,06,07,08,11,14,26,33,36,43,53,56,58,62,68,72,74,75,80
5/20/22,01,05,06,09,10,11,15,18,28,29,30,52,56,59,62,64,68,71,79,80
5/19/22,03,08,12,15,19,26,29,31,34,37,41,42,48,52,58,63,64,68,70,76
5/18/22,01,02,03,20,21,24,27,40,50,51,53,55,56,57,61,63,65,66,71,72
5/17/22,14,15,23,26,30,34,36,47,48,49,54,58,60,61,62,63,65,67,68,71
5/16/22,06,08,21,25,26,29,33,34,37,41,50,57,61,66,68,70,71,74,79,80
5/15/22,06,16,20,21,22,28,31,35,36,53,57,62,63,66,69,71,75,76,77,79
5/14/22,01,03,09,18,21,22,33,38,39,41,44,52,56,64,67,68,72,74,76,80
5/13/22,04,08,12,16,23,26,27,37,41,43,50,51,56,57,58,65,70,71,73,76
5/12/22,13,19,20,31,41,43,45,46,48,50,52,56,61,64,68,70,71,75,78,79
5/11/22,01,04,09,12,22,33,35,36,42,48,49,54,55,56,60,66,72,73,78,80
5/10/22,02,07,08,09,15,21,22,29,30,37,47,54,55,59,66,68,71,73,75,80
5/9/22,01,07,14,19,22,27,32,36,37,38,39,46,49,50,55,63,67,68,73,79
5/8/22,01,03,04,08,10,11,19,22,26,27,29,30,32,36,45,51,52,55,57,66
5/7/22,02,23,26,28,29,34,35,37,39,42,44,45,47,48,54,59,60,63,66,80
5/6/22,01,04,05,09,14,26,28,30,37,45,46,51,54,56,60,68,72,73,76,78
5/5/22,04,08,12,13,15,20,22,28,30,33,35,48,49,53,57,61,62,71,72,79
5/4/22,02,06,09,22,29,30,39,47,49,57,60,63,65,66,70,71,72,74,75,80
5/3/22,01,05,08,13,17,18,19,21,23,26,30,33,35,39,42,47,57,58,75,79
5/2/22,03,04,06,07,10,19,22,24,29,35,39,40,41,45,47,50,51,53,55,75
5/1/22,03,05,07,09,14,16,18,26,30,34,37,48,52,56,57,64,68,70,72,76
4/30/22,02,07,10,11,14,18,21,29,30,34,38,44,47,48,49,59,62,66,72,73
4/29/22,05,16,23,24,34,36,41,42,45,51,52,53,55,57,59,66,72,73,76,79
4/28/22,02,04,09,12,14,15,19,20,25,33,34,38,41,47,55,68,70,77,78,80
4/27/22,04,07,09,14,22,23,27,33,34,36,38,39,42,50,55,57,59,66,74,76
4/26/22,04,06,08,09,11,12,17,25,26,29,41,47,48,52,58,62,64,74,78,80
4/25/22,02,12,18,22,25,27,28,35,38,48,51,52,53,59,61,66,70,73,78,79
4/24/22,01,02,04,08,11,16,20,26,27,35,38,39,49,51,53,57,64,76,79,80
4/23/22,03,04,08,19,26,27,29,31,35,43,46,48,53,57,62,70,73,77,78,79
4/22/22,03,04,05,06,07,14,16,17,25,28,31,34,36,51,60,61,63,71,75,78
4/21/22,01,03,05,06,07,15,20,22,28,29,30,34,42,52,58,66,72,76,77,80
4/20/22,01,03,04,08,09,18,21,23,28,32,33,35,42,45,49,61,62,68,70,77
4/19/22,06,10,11,18,26,27,31,49,56,57,58,60,61,62,64,68,70,72,74,76
4/18/22,03,05,06,07,12,18,19,23,24,28,33,43,46,47,57,61,62,71,74,79
4/17/22,05,08,09,12,22,24,27,33,34,39,47,48,50,53,57,59,69,73,75,80
4/16/22,01,10,16,23,24,35,39,41,48,52,58,60,65,67,68,70,72,73,75,78
4/15/22,01,03,05,07,08,09,15,21,22,25,27,30,38,40,45,51,54,70,71,73
4/14/22,05,11,20,28,32,33,34,35,38,39,47,49,50,51,52,54,59,68,70,74
4/13/22,02,03,04,10,12,20,24,28,29,32,44,50,58,59,62,65,74,75,78,80
4/12/22,01,05,08,10,12,16,17,19,21,23,25,35,42,45,47,61,63,73,78,80
4/11/22,08,10,11,14,22,23,26,27,32,33,34,36,42,44,45,52,53,61,72,80
4/10/22,01,03,05,07,11,17,29,31,34,38,44,46,59,61,62,63,64,72,79,80
4/9/22,03,07,12,13,16,17,18,23,32,34,39,46,47,48,50,53,58,59,63,80
4/8/22,02,04,08,10,11,16,23,29,37,39,48,50,53,55,58,61,62,65,74,76
4/7/22,01,02,08,20,25,36,40,42,45,47,48,50,52,53,55,58,68,70,73,76
4/6/22,01,02,03,13,14,15,19,24,36,38,41,43,44,55,56,57,65,69,70,76
4/5/22,07,13,18,19,20,29,30,31,35,38,44,46,54,58,60,62,67,68,69,73
4/4/22,01,05,07,13,21,23,27,33,34,38,41,43,44,46,47,48,51,65,68,77
4/3/22,03,07,15,16,23,25,33,36,37,52,55,56,59,61,64,69,70,71,74,75
4/2/22,02,04,05,11,13,19,23,34,37,38,40,44,50,52,55,57,58,61,76,77
4/1/22,01,03,04,05,11,27,30,31,34,39,46,47,51,58,59,62,65,70,72,75
3/31/22,03,06,07,17,21,23,32,42,47,52,54,59,61,65,66,67,69,78,79,80
3/30/22,02,03,09,11,28,29,34,36,47,48,51,54,55,57,59,64,65,72,76,79
3/29/22,03,07,10,15,17,18,20,28,29,34,46,58,61,64,66,68,71,72,75,80
3/28/22,07,08,09,11,16,17,20,24,28,31,32,36,40,49,50,55,56,58,72,75
3/27/22,06,11,12,15,18,21,22,26,29,37,39,40,46,61,62,69,73,77,78,79
3/26/22,12,16,22,24,26,29,38,45,46,48,51,53,54,56,64,66,76,78,79,80
3/25/22,02,10,11,15,22,23,27,33,34,37,39,48,52,57,59,60,63,64,68,75
3/24/22,01,06,08,09,15,19,20,21,23,30,39,40,41,47,48,51,55,56,57,61
3/23/22,03,04,07,13,16,18,20,25,36,46,55,56,61,66,68,70,71,74,76,77
3/22/22,05,07,08,12,13,15,18,20,25,28,34,39,47,52,58,61,63,65,67,78
3/21/22,02,04,17,18,19,31,38,39,44,47,52,54,61,63,64,65,68,70,73,80
3/20/22,06,09,14,18,20,21,24,28,33,35,40,42,45,50,52,56,57,64,70,75
3/19/22,02,03,04,05,09,14,16,22,29,34,41,45,52,53,59,68,72,76,77,78
3/18/22,03,14,16,19,25,27,34,35,40,45,46,49,56,58,63,64,68,69,72,79
3/17/22,02,03,06,07,15,16,31,32,34,37,38,40,44,53,62,67,68,72,74,78
3/16/22,03,09,11,23,24,28,29,30,40,41,44,50,56,65,66,67,72,74,76,78
3/14/22,02,03,04,07,08,11,18,20,23,25,32,38,41,42,56,58,65,68,73,78
3/13/22,01,02,07,10,25,34,42,45,46,56,58,61,63,66,68,71,72,73,74,79
3/11/22,01,12,17,19,25,26,35,37,43,47,48,53,54,55,64,70,72,73,75,79
3/10/22,04,12,15,18,27,29,30,33,35,38,42,45,46,47,49,56,60,64,77,78
3/9/22,08,09,11,15,20,21,23,25,30,34,35,37,39,45,46,50,68,69,74,79
3/8/22,02,03,11,18,19,23,24,27,36,44,45,47,49,50,51,65,67,73,78,80
3/7/22,10,11,13,19,21,25,30,32,33,34,38,39,44,53,56,63,65,75,78,80
3/6/22,10,11,12,16,20,21,34,35,41,44,45,56,60,62,64,65,72,74,78,79
3/5/22,03,04,05,10,13,14,15,17,18,24,28,31,38,39,40,44,60,68,70,72
3/4/22,01,07,11,15,18,19,21,31,32,33,35,36,39,46,48,49,58,64,75,80
3/3/22,03,07,12,13,15,19,20,23,24,31,32,37,41,55,57,62,70,72,73,74
3/2/22,02,03,20,21,30,37,43,45,46,51,52,56,61,64,65,67,69,70,73,77
3/1/22,01,20,21,27,32,36,40,43,45,49,54,57,60,66,67,74,75,77,78,79
2/28/22,04,05,06,08,12,15,21,24,30,34,41,43,44,56,62,63,64,65,73,74
2/27/22,05,08,09,12,22,25,33,34,40,43,47,51,54,56,58,59,66,68,78,80
2/26/22,05,10,12,20,26,34,36,40,49,50,52,55,56,57,63,68,69,73,77,79
2/25/22,01,09,11,13,15,17,18,27,28,37,47,50,53,54,60,61,65,75,76,77
2/24/22,05,09,13,19,22,25,30,34,37,38,40,43,45,48,55,59,68,72,77,79
2/23/22,01,02,07,08,09,13,14,18,22,24,25,37,40,41,42,47,53,57,67,80
2/22/22,02,03,04,07,08,12,13,17,23,27,31,39,49,53,62,63,66,68,69,73
2/21/22,03,07,10,14,18,21,24,28,30,36,38,41,52,54,69,70,73,75,76,77
2/20/22,01,10,16,20,23,25,29,30,31,34,49,51,53,54,56,67,69,70,74,75
2/19/22,03,05,07,11,15,19,30,34,45,52,53,55,57,60,63,65,71,72,77,80
2/18/22,01,03,05,07,08,09,12,23,33,36,50,61,63,65,67,69,70,71,74,80
2/17/22,01,10,12,20,27,28,31,32,36,41,45,46,47,48,53,63,66,69,70,77
2/16/22,01,02,10,13,17,22,32,39,44,45,47,52,57,63,64,69,73,75,78,80
2/15/22,03,07,08,19,20,23,28,29,40,43,51,54,57,61,62,63,65,69,73,79
2/14/22,05,09,17,21,29,38,39,40,41,42,43,44,45,51,56,62,67,68,76,79
2/13/22,05,09,12,15,21,22,26,29,31,33,36,38,40,41,44,46,50,72,76,79
2/12/22,07,10,11,12,14,15,16,17,18,21,23,26,37,40,52,58,61,66,77,78
2/11/22,03,06,09,10,17,22,25,29,42,44,50,54,55,58,62,64,66,68,76,79
2/10/22,11,16,19,23,26,30,31,33,40,44,47,49,54,60,61,68,73,77,79,80
2/9/22,04,05,06,10,12,20,21,25,27,34,35,43,45,51,52,58,60,61,65,72
2/8/22,05,06,07,10,12,16,17,28,31,34,37,38,41,44,49,57,62,63,70,73
2/7/22,01,06,07,27,31,33,35,38,47,55,57,59,65,68,70,71,73,76,78,80
2/6/22,03,15,19,20,23,27,28,32,35,40,41,42,44,45,46,48,52,61,65,67
2/5/22,04,06,12,17,26,28,30,32,33,36,49,55,58,59,66,69,72,74,78,79
2/3/22,04,07,09,10,13,21,25,32,34,39,43,45,53,60,62,64,65,68,69,78
2/2/22,01,07,08,15,33,34,39,44,47,48,49,55,56,57,59,62,66,67,78,80
2/1/22,08,16,17,22,24,39,40,42,43,49,50,52,54,56,57,59,64,78,79,80
1/31/22,05,06,10,14,19,23,27,35,37,42,43,47,48,52,53,54,55,61,71,79
1/30/22,04,07,08,10,16,18,24,28,32,34,38,50,55,59,62,63,66,69,73,78
1/29/22,03,04,05,11,12,19,24,35,41,43,44,52,63,66,68,69,73,74,75,79
1/28/22,02,08,11,12,14,15,21,25,26,38,42,47,54,55,61,64,68,69,73,74
1/27/22,08,10,11,13,14,17,38,41,44,46,58,60,63,64,70,71,72,74,77,78
1/26/22,02,09,10,13,16,18,35,37,41,43,45,58,59,61,62,69,76,77,78,79
1/25/22,03,13,15,18,19,21,22,25,27,29,32,34,36,39,45,59,60,64,68,80
1/24/22,04,14,15,16,18,20,21,23,24,25,31,32,40,49,51,56,62,64,71,75
1/23/22,01,02,06,08,24,27,31,33,36,50,54,55,58,59,62,68,70,71,72,79
1/22/22,09,14,16,22,25,27,28,30,31,34,38,42,48,50,55,65,72,74,79,80
1/21/22,04,09,12,13,19,21,24,28,29,37,45,46,49,51,52,53,59,69,75,76
1/20/22,02,06,08,11,14,21,24,25,30,36,37,46,49,51,52,58,61,62,65,78
1/19/22,03,10,13,17,25,27,33,37,39,46,48,50,55,59,67,68,71,73,74,77
1/18/22,01,14,17,21,29,37,40,42,46,48,50,53,59,63,67,72,73,76,78,79
1/17/22,03,08,11,13,14,19,21,22,23,24,26,27,31,36,42,58,60,63,74,80
1/16/22,01,21,26,28,35,38,45,47,48,50,52,53,55,57,64,67,69,70,75,76
1/15/22,03,10,11,20,21,22,27,29,30,32,38,42,45,46,49,50,51,58,65,80
1/14/22,02,20,26,27,32,34,36,37,44,46,48,51,52,57,58,66,69,70,71,79
1/13/22,02,08,13,32,35,37,38,42,43,51,52,53,67,68,71,74,76,77,78,79
1/12/22,02,10,12,13,18,20,34,42,43,44,45,46,50,51,57,67,68,70,71,78
1/11/22,01,02,04,12,14,17,20,23,28,30,32,34,37,38,39,43,49,50,58,68
1/10/22,03,06,10,11,17,21,23,30,32,33,35,37,44,48,51,54,57,58,66,71
1/9/22,05,08,11,12,13,19,20,24,25,31,36,39,42,44,49,53,58,61,62,63
1/8/22,02,03,11,14,15,19,20,27,28,30,34,44,46,48,53,56,57,64,71,72
1/7/22,03,07,10,11,16,17,23,30,33,34,36,39,46,52,61,64,66,77,79,80
1/6/22,12,16,18,20,26,27,28,36,37,40,44,46,67,68,69,72,76,78,79,80
1/5/22,02,04,08,10,14,15,16,23,28,34,35,45,46,49,50,56,57,60,73,79
1/4/22,01,07,08,12,14,23,42,44,48,49,53,58,63,65,67,75,76,78,79,80
1/3/22,03,09,12,27,38,39,42,43,52,53,61,62,64,65,67,69,73,74,76,80
1/2/22,04,07,11,15,18,27,28,30,34,41,42,48,49,51,55,67,69,72,75,77
1/1/22,02,04,07,10,13,20,31,32,35,45,46,47,52,55,57,63,65,67,72,75
12/31/21,04,05,07,15,22,31,35,37,40,46,54,59,62,66,69,73,74,76,78,79
12/30/21,04,07,09,13,19,22,31,36,37,41,43,45,48,51,56,58,60,61,72,76
12/29/21,11,13,14,15,24,29,32,34,35,36,40,41,43,51,59,60,63,65,71,79
12/28/21,06,15,24,27,28,30,32,34,37,38,44,45,49,51,55,64,66,71,77,80
12/27/21,02,11,16,17,20,23,24,26,31,32,41,43,45,46,48,55,60,64,68,72
12/26/21,07,10,12,21,31,33,34,35,39,41,43,45,46,49,51,52,56,66,71,76
12/25/21,02,05,06,14,15,16,18,20,21,28,30,39,45,46,55,57,58,59,64,80
12/24/21,03,05,08,12,17,19,20,22,23,32,37,39,40,47,49,58,62,68,79,80
12/23/21,01,13,17,19,22,23,26,29,37,38,40,41,42,52,61,62,64,68,69,78
12/22/21,05,09,10,13,21,27,29,34,37,48,49,53,55,56,58,59,61,69,71,76
12/21/21,03,06,10,12,14,17,20,34,35,39,46,49,51,54,57,59,61,64,70,76
12/20/21,05,11,12,20,22,23,29,32,35,37,38,48,52,55,56,57,60,67,70,77
12/19/21,06,09,11,16,22,23,27,29,33,37,39,40,44,45,52,56,59,72,77,79
12/18/21,04,06,11,13,17,18,19,29,30,31,36,43,46,56,59,60,62,63,78,80
12/17/21,03,06,09,10,11,12,14,21,24,29,32,34,37,59,61,63,65,69,72,78
12/16/21,04,06,07,08,13,18,19,21,23,30,32,36,38,46,55,56,59,60,70,78
12/15/21,09,10,12,15,18,19,21,22,23,26,28,29,31,32,42,44,68,74,76,78
12/14/21,03,06,09,11,12,13,20,30,31,37,39,40,41,42,57,70,73,74,77,79
12/13/21,01,08,09,16,17,19,20,24,26,27,30,32,41,52,57,60,62,65,67,79
12/12/21,04,05,11,12,14,27,28,31,43,45,48,51,52,54,61,62,64,67,70,80
12/11/21,04,05,08,17,18,19,22,23,24,29,31,35,44,49,61,69,73,76,78,80
12/10/21,07,10,12,13,20,22,23,26,31,36,51,52,53,54,58,64,67,74,76,80
12/9/21,02,03,14,18,20,25,29,30,33,43,50,54,55,58,63,65,66,68,75,78
12/8/21,01,08,10,12,13,14,19,24,31,33,34,48,52,55,58,66,67,71,72,80
12/7/21,02,12,18,20,21,22,24,27,34,45,48,52,53,58,60,61,67,74,76,77
12/6/21,06,11,13,14,17,21,34,37,40,42,44,50,56,57,59,66,70,71,77,78
12/5/21,03,05,13,15,16,24,28,31,36,37,39,45,48,51,59,60,69,70,71,72
12/4/21,05,10,12,13,24,25,26,28,37,38,40,41,45,47,48,52,54,65,76,78
12/3/21,15,16,21,26,28,36,40,52,54,55,56,57,59,66,68,70,72,73,75,79
12/2/21,01,06,08,15,16,21,24,25,27,34,36,39,44,45,46,47,48,64,65,76
12/1/21,01,02,04,09,17,23,26,33,36,38,39,51,56,57,62,68,70,73,79,80
11/30/21,05,06,11,14,15,17,18,22,23,25,42,46,51,55,57,61,67,71,72,77
11/29/21,01,05,09,13,14,22,26,31,36,40,41,46,48,60,61,68,69,70,72,78
11/28/21,04,08,11,17,21,23,26,36,41,44,45,46,49,54,56,59,69,71,76,80
11/27/21,01,03,14,15,17,23,25,28,33,34,40,49,52,54,55,65,66,68,74,77
11/26/21,04,07,13,21,23,24,27,29,30,35,37,43,45,47,55,60,65,68,70,74
11/25/21,01,06,07,09,10,12,13,14,15,20,27,33,41,42,45,47,52,62,66,76
11/24/21,01,02,03,09,10,12,17,30,34,35,38,45,46,49,50,57,64,66,71,73
11/23/21,06,16,22,25,30,33,35,40,44,45,46,47,48,52,58,59,65,69,70,79
11/22/21,05,06,12,14,21,22,24,28,30,37,38,49,52,53,55,58,60,64,67,79
11/21/21,12,13,14,21,22,27,30,36,37,45,51,52,53,55,60,62,68,69,72,80
11/20/21,01,07,08,10,11,12,13,14,17,28,37,42,46,49,59,61,62,68,69,76
11/19/21,02,04,06,14,17,21,30,36,37,38,41,47,50,51,53,54,60,64,70,72
11/18/21,03,06,15,19,21,23,24,37,38,39,42,43,50,52,57,62,71,75,78,80
11/17/21,01,05,08,15,16,18,23,33,41,44,48,51,59,60,62,68,73,74,78,79
11/16/21,05,14,18,24,25,30,35,36,37,47,51,52,63,65,69,70,74,76,79,80
11/15/21,05,07,08,09,13,16,18,22,28,32,36,38,48,51,52,55,56,62,69,73
11/14/21,02,04,13,18,23,29,34,35,39,50,53,55,57,58,61,65,68,78,79,80
11/13/21,06,25,27,33,34,36,37,54,55,56,59,60,61,63,67,68,69,73,75,76
11/12/21,01,03,08,12,18,22,23,24,26,31,42,45,49,52,59,61,72,74,76,80
11/11/21,03,04,14,16,20,21,23,32,34,43,49,52,56,57,59,60,61,62,63,75
11/10/21,03,12,13,14,18,21,22,25,27,30,38,39,41,45,50,52,62,76,77,79
11/9/21,01,02,03,07,18,19,22,23,26,28,31,40,43,44,46,49,53,57,65,80
11/8/21,03,07,14,15,18,20,23,28,29,35,37,41,45,47,48,49,51,53,78,79
11/7/21,01,03,06,07,10,13,15,22,23,25,31,34,54,59,61,64,67,71,72,74
11/6/21,08,14,23,25,26,27,29,34,42,45,47,53,54,59,60,66,72,73,79,80
11/5/21,02,05,09,17,25,26,29,31,38,46,47,52,53,57,58,61,67,73,75,77
11/4/21,04,08,15,17,19,21,28,40,44,45,47,51,53,56,57,59,60,70,77,80
11/3/21,07,09,11,13,14,15,18,19,29,30,40,42,46,50,60,61,63,68,76,78
11/2/21,12,15,17,20,21,28,33,34,36,40,49,52,57,62,63,66,70,74,78,79
11/1/21,03,07,16,17,19,23,24,32,33,37,44,46,52,56,57,60,70,74,77,78
10/31/21,04,07,16,19,26,27,28,35,39,41,42,50,55,56,63,67,69,71,72,74
10/30/21,04,17,24,27,30,31,34,36,37,41,42,44,47,48,53,60,72,76,78,79
10/29/21,05,09,11,15,19,24,31,35,36,39,42,43,47,50,53,66,71,72,73,78
10/28/21,01,08,12,13,15,17,20,32,37,39,43,44,56,57,61,67,69,70,72,73
10/27/21,01,05,06,07,13,17,22,23,29,33,34,38,41,45,49,67,68,77,78,79
10/26/21,03,08,18,32,34,35,36,45,46,47,49,55,59,61,64,65,72,73,74,75
10/25/21,06,16,17,19,21,22,26,33,37,38,45,47,52,53,54,60,70,74,76,79
10/24/21,05,09,11,13,22,27,30,31,34,44,47,54,55,56,60,69,72,74,75,80
10/23/21,01,11,18,34,40,41,42,43,49,50,51,56,58,59,65,66,70,72,77,80
10/22/21,02,05,10,11,15,21,27,33,34,36,40,44,46,50,55,60,69,73,77,79
10/21/21,03,06,07,11,13,14,19,22,26,32,33,46,49,56,59,60,69,73,75,77
10/20/21,01,03,10,16,17,18,20,36,38,42,49,51,61,68,70,72,73,74,77,78
10/19/21,03,06,07,09,13,15,18,20,23,25,27,28,35,49,55,62,63,64,78,80
10/18/21,02,07,21,22,23,25,27,28,29,31,36,37,40,41,43,58,63,72,73,80
10/17/21,02,06,07,08,09,21,25,30,32,37,42,44,51,56,61,65,66,70,77,78
10/16/21,01,10,11,12,14,17,22,27,31,32,34,42,44,48,50,52,53,58,70,73
10/15/21,03,07,08,09,10,12,15,17,19,24,34,41,45,50,52,54,58,67,74,78
10/14/21,01,09,11,14,18,20,24,32,33,36,37,41,44,45,46,48,52,58,62,64
10/13/21,03,05,10,13,19,22,25,26,29,30,31,43,45,46,62,65,71,73,74,76
10/12/21,02,03,04,06,08,11,19,27,33,36,41,45,46,51,53,55,71,75,78,80
10/11/21,01,04,06,07,09,11,18,20,30,33,35,44,47,50,56,60,61,67,74,78
10/10/21,02,11,15,18,20,22,26,35,36,38,52,56,57,61,63,64,67,73,74,77
10/9/21,02,14,15,21,26,31,33,37,41,42,43,47,51,57,58,70,73,74,76,79
10/8/21,01,12,14,19,23,24,27,31,38,39,40,43,51,57,63,65,67,68,69,73
10/7/21,05,09,21,24,29,30,39,41,42,44,46,49,54,58,60,63,65,67,68,79
10/6/21,01,04,10,13,14,21,24,25,34,36,47,48,56,58,64,66,72,73,74,78
10/5/21,04,14,17,19,20,21,24,27,28,33,35,38,40,41,49,64,65,67,71,74
10/4/21,04,05,06,09,12,20,24,29,34,37,41,46,51,52,57,62,70,72,75,80
10/3/21,04,15,16,17,21,27,29,31,34,35,36,38,41,53,59,64,67,68,69,70
10/2/21,03,05,08,10,15,16,19,21,23,30,34,38,44,45,50,53,56,62,63,71
10/1/21,22,25,29,33,41,43,44,47,49,53,59,62,64,65,67,68,71,78,79,80
9/30/21,06,07,12,15,16,17,20,22,24,34,35,38,39,41,42,53,54,57,75,79
9/29/21,01,03,11,12,17,19,20,25,29,31,37,43,44,48,53,56,59,68,71,72
9/28/21,02,04,07,08,11,13,26,35,40,43,46,48,53,62,67,68,69,72,76,78
9/27/21,01,06,16,17,19,24,27,31,38,43,46,53,56,60,66,68,69,72,77,80
9/26/21,09,10,11,14,16,23,26,27,32,35,39,44,49,52,57,58,63,67,71,80
9/25/21,02,03,04,15,18,20,23,24,34,44,45,47,49,51,54,56,58,65,76,80
9/24/21,01,09,12,20,31,33,40,41,42,51,56,58,59,60,62,65,66,72,74,78
9/23/21,10,12,15,19,20,21,23,31,34,43,44,51,53,54,55,59,69,75,79,80
9/22/21,01,08,13,18,19,31,41,42,43,48,50,52,57,60,62,71,72,74,78,79
9/21/21,01,04,10,14,18,19,20,21,23,29,33,42,46,50,63,64,67,76,78,80
9/20/21,04,07,13,17,19,23,30,38,44,52,53,55,56,59,60,61,64,65,72,79
9/19/21,02,03,05,06,08,09,17,18,23,27,34,35,39,43,56,61,63,68,72,80
9/18/21,03,05,07,13,14,18,20,21,29,40,49,54,55,59,61,63,64,70,77,79
9/17/21,03,04,06,09,10,11,17,25,29,36,37,40,44,48,59,64,67,70,72,76
9/16/21,02,03,12,19,20,28,29,31,33,34,37,38,43,44,48,67,72,75,78,79
9/15/21,04,08,19,22,28,30,31,33,35,37,39,40,54,55,57,58,61,65,68,72
9/14/21,07,10,14,16,18,19,21,29,31,36,38,45,46,53,57,59,62,69,74,79
9/13/21,05,08,11,13,18,20,23,24,29,32,33,36,38,40,46,48,52,55,67,78
9/12/21,01,04,14,18,20,22,27,31,36,42,44,45,46,47,50,52,73,74,75,77
9/11/21,04,05,11,12,19,22,26,29,31,34,46,47,51,59,62,64,67,68,74,75
9/10/21,03,07,09,14,26,33,34,36,40,44,49,52,58,63,64,65,67,71,77,80
9/9/21,05,06,08,10,27,33,36,39,42,44,45,50,52,60,61,62,63,65,71,74
9/8/21,01,02,03,08,09,10,17,20,25,27,30,32,33,46,51,59,66,72,77,79
9/7/21,02,05,06,11,26,27,29,31,37,41,43,48,54,58,65,67,70,72,73,74
9/6/21,05,10,11,19,21,26,32,33,51,54,56,59,60,64,66,68,73,74,76,80
9/5/21,01,03,08,14,15,16,26,40,41,46,49,52,53,54,58,61,64,66,67,69
9/4/21,03,06,07,17,20,23,29,32,38,43,44,45,48,50,52,59,62,65,74,80
9/3/21,01,06,07,10,11,15,18,20,22,29,34,43,48,53,59,61,65,68,70,80
9/2/21,01,08,12,18,19,20,24,29,33,39,41,44,49,52,53,55,68,75,78,79
9/1/21,02,04,08,12,13,16,23,25,26,31,41,43,44,47,48,49,53,66,67,78
8/31/21,08,12,21,23,26,35,39,40,46,49,50,52,54,55,57,61,64,76,78,80
8/30/21,02,04,06,12,21,26,31,33,35,39,48,54,56,60,62,65,66,71,72,77
8/29/21,05,10,12,13,15,22,23,27,28,34,35,37,40,44,50,52,54,62,63,73
8/28/21,01,07,16,18,20,21,24,29,36,48,49,51,52,55,58,59,64,69,73,79
8/27/21,08,18,21,24,30,32,35,37,39,40,44,45,47,55,58,59,63,65,72,79
8/26/21,02,03,04,06,07,10,12,14,17,18,23,24,28,33,43,47,59,61,75,77
8/25/21,04,06,11,15,17,18,21,27,31,35,43,46,50,54,56,58,65,69,72,74
8/24/21,03,07,11,16,23,28,36,43,44,46,50,52,57,58,59,60,66,72,73,75
8/23/21,01,05,15,20,21,22,23,25,31,35,38,48,50,51,58,59,65,66,73,74
8/22/21,01,02,10,11,20,34,35,40,41,54,57,61,62,63,67,68,69,75,76,77
8/21/21,03,07,10,12,13,14,26,29,31,38,47,50,51,61,63,65,70,72,74,76
8/20/21,05,06,07,08,12,13,16,21,26,27,36,41,42,44,45,54,58,71,78,79
8/19/21,04,05,07,19,27,28,30,36,38,39,41,43,44,47,58,60,67,68,74,80
8/18/21,01,06,09,19,24,32,34,35,36,39,48,49,50,60,62,66,69,71,72,73
8/17/21,12,13,23,24,25,27,29,32,34,40,43,48,52,53,55,59,64,68,70,74
8/16/21,02,04,06,13,16,17,23,26,29,32,36,37,38,40,60,61,63,68,75,76
8/15/21,02,04,11,17,19,22,26,27,32,39,44,47,53,58,64,65,72,73,75,78
8/14/21,02,05,10,12,13,16,18,20,30,32,34,52,56,61,62,63,65,67,70,72
8/13/21,02,04,09,11,15,16,17,24,26,29,34,36,39,46,47,56,60,65,72,79
8/12/21,01,07,13,14,17,26,28,32,35,39,40,41,44,50,60,65,71,78,79,80
8/11/21,04,06,10,13,20,21,26,27,28,34,40,41,44,51,52,56,58,59,73,75
8/10/21,02,03,06,07,16,18,20,34,38,43,44,45,49,55,56,59,61,68,69,77
8/9/21,02,07,09,14,15,16,25,28,30,32,40,44,48,49,52,54,61,65,67,78
8/8/21,01,02,03,10,15,16,19,22,26,43,44,46,53,55,56,60,64,69,71,75
8/7/21,07,10,17,18,27,29,30,34,39,41,45,46,51,56,57,58,64,71,74,75
8/6/21,03,05,07,11,15,16,20,21,25,31,33,37,49,50,53,66,70,71,73,80
8/5/21,01,03,08,14,15,19,20,30,31,32,48,54,55,57,59,61,64,65,75,78
8/4/21,15,17,18,25,26,30,31,32,35,36,38,42,47,52,56,60,61,62,63,75
8/3/21,03,09,17,19,21,24,26,29,30,37,39,46,53,60,61,64,65,67,75,79
8/2/21,02,04,07,09,16,19,24,29,30,36,37,40,42,43,46,50,64,69,74,75
8/1/21,05,08,09,14,15,18,19,23,26,28,33,34,54,59,61,63,70,76,78,79
7/31/21,04,16,17,18,19,24,29,36,38,43,45,46,51,54,56,57,65,66,73,80
7/30/21,06,16,18,26,28,29,34,37,44,46,48,52,54,61,68,71,72,74,75,78
7/29/21,02,05,06,07,09,10,20,22,24,26,27,30,36,40,45,47,50,54,56,80
7/28/21,01,05,07,08,17,20,21,25,30,36,41,48,49,52,53,63,71,72,79,80
7/27/21,04,12,17,19,34,35,42,46,47,48,49,50,55,60,64,68,70,71,76,79
7/26/21,03,08,09,10,11,21,25,28,33,44,46,50,56,57,58,66,71,72,73,74
7/25/21,01,03,06,08,11,19,22,28,38,40,42,46,54,56,57,64,66,70,79,80
7/24/21,13,14,16,19,23,28,29,38,40,44,47,48,53,58,59,67,72,75,78,80
7/23/21,02,03,04,07,09,10,15,16,28,39,42,54,56,59,65,71,72,74,76,79
7/22/21,09,19,21,29,30,36,38,39,44,45,46,48,51,56,59,63,68,75,77,80
7/21/21,10,15,18,19,25,27,28,34,38,41,44,46,47,51,64,65,72,77,78,79
7/20/21,02,03,16,18,19,21,24,26,27,29,31,38,40,48,58,61,62,66,70,77
7/19/21,07,11,18,20,22,24,28,30,31,35,38,44,47,48,59,61,63,65,68,80
7/18/21,03,07,17,19,20,23,24,28,38,39,42,45,46,47,49,53,60,65,72,74
7/17/21,02,16,21,23,27,28,31,32,33,35,39,43,50,59,60,61,64,68,73,78
7/16/21,03,08,14,16,18,20,25,29,30,32,37,42,44,45,50,57,63,64,67,77
7/15/21,01,04,11,18,21,23,24,25,36,43,46,48,50,52,60,63,65,69,74,80
7/14/21,01,02,03,05,08,11,17,35,36,42,44,49,51,57,62,65,66,69,76,79
7/13/21,01,03,08,14,18,20,23,25,32,34,39,44,51,53,56,57,59,67,68,77
7/12/21,07,10,12,18,20,23,24,27,32,33,37,39,40,46,55,64,69,73,75,78
7/11/21,06,09,12,17,20,25,27,32,41,47,48,50,55,58,59,60,69,71,72,79
7/10/21,04,07,17,26,27,29,32,34,36,37,42,50,56,62,63,65,66,72,77,78
7/9/21,04,14,21,22,23,28,32,35,36,43,54,61,62,63,65,66,68,69,76,79
7/8/21,02,07,09,12,16,22,24,25,29,31,35,37,40,42,46,53,59,65,68,70
7/7/21,02,09,13,20,22,29,31,32,47,48,49,53,54,57,59,60,65,66,67,68
7/6/21,04,10,13,19,22,25,35,39,44,45,46,47,54,58,60,64,68,72,74,80
7/5/21,11,39,40,47,49,50,52,53,54,56,61,62,64,67,69,72,76,78,79,80
7/4/21,01,06,10,11,16,25,26,28,34,38,39,48,51,56,60,62,74,76,77,79
7/3/21,07,08,09,10,11,15,21,27,28,30,31,40,41,45,55,57,58,63,69,80
7/2/21,01,02,13,15,19,24,35,36,47,52,54,58,64,65,66,72,75,77,78,80
7/1/21,07,09,10,12,13,14,17,27,30,32,33,36,39,40,50,53,67,70,73,79
6/30/21,01,04,07,10,14,15,24,29,34,42,45,53,56,60,61,67,69,71,73,75
6/29/21,03,04,05,06,10,15,24,28,38,42,48,50,58,60,62,65,66,71,72,77
6/28/21,04,19,22,26,30,34,39,46,48,49,52,55,56,58,59,63,72,73,77,80
6/27/21,03,06,10,11,12,25,29,36,38,40,45,46,50,53,65,71,72,75,77,79
6/26/21,01,04,05,11,22,29,30,34,36,38,39,42,44,53,56,61,68,69,78,80
6/25/21,02,03,08,10,18,19,22,25,28,33,34,36,38,42,45,50,58,73,74,80
6/24/21,04,07,12,17,20,25,26,29,33,41,44,46,49,54,58,59,62,66,76,77
6/23/21,03,29,36,41,44,45,48,49,51,53,61,62,63,68,70,72,74,75,76,79
6/22/21,01,12,14,17,19,27,32,33,42,48,49,53,58,60,64,66,69,71,77,80
6/21/21,03,09,11,12,21,24,26,32,34,42,45,48,51,53,58,59,60,65,66,70
6/20/21,05,09,13,14,24,26,31,32,40,41,45,49,52,54,58,64,66,69,75,76
6/19/21,02,08,10,12,23,29,30,33,38,39,44,47,54,55,56,62,64,71,77,79
6/18/21,04,06,08,13,20,27,28,35,38,39,40,49,54,56,59,60,65,70,76,80
6/17/21,04,05,07,11,21,30,32,37,38,39,46,50,55,60,61,64,65,66,77,80
6/16/21,02,11,14,17,18,21,28,33,37,43,44,54,55,57,60,65,66,67,73,76
6/15/21,03,05,10,12,14,22,26,30,33,34,38,41,52,59,66,69,73,75,77,80
6/14/21,01,10,12,15,16,22,25,30,35,37,48,50,53,57,59,60,65,67,77,79
6/13/21,01,04,09,10,11,17,24,26,29,33,38,39,41,53,56,59,62,73,74,79
6/12/21,02,09,11,14,16,20,24,30,38,48,54,60,62,64,65,74,76,77,78,80
6/11/21,02,06,10,11,12,13,14,28,34,40,41,42,49,52,57,62,69,73,75,77
6/10/21,02,06,07,18,19,24,25,26,27,28,29,43,45,48,53,58,61,71,72,80
6/9/21,03,12,13,14,20,22,39,42,49,50,51,55,57,63,65,66,70,73,75,80
6/8/21,01,02,05,06,12,13,20,34,35,36,39,40,42,46,57,58,70,72,76,77
6/7/21,02,03,04,08,09,10,28,31,32,34,35,43,50,52,54,61,67,70,75,80
6/6/21,07,09,16,17,22,23,26,27,28,29,32,36,43,44,45,55,58,61,65,76
6/5/21,02,07,08,15,23,24,28,42,46,53,56,60,63,67,69,70,71,76,77,78
6/4/21,02,05,06,07,08,10,13,21,25,34,41,43,46,49,50,55,63,72,73,79
6/3/21,04,08,14,18,19,21,23,26,27,43,47,48,51,52,58,61,73,74,77,78
6/2/21,02,08,11,12,13,14,28,33,37,38,44,46,50,51,55,58,61,63,74,76
6/1/21,04,11,14,17,18,19,22,25,33,35,40,45,47,55,61,66,70,72,75,76
5/31/21,06,11,17,18,19,21,25,27,28,29,32,33,41,52,57,60,61,71,72,74
5/30/21,06,08,09,16,23,24,37,38,41,49,50,54,59,60,64,67,68,72,73,79
5/29/21,17,19,22,23,24,26,30,31,35,40,46,48,62,64,66,67,70,74,78,80
5/28/21,01,05,08,09,16,23,26,28,29,34,37,40,41,46,52,53,60,67,68,78
5/27/21,07,08,10,13,15,22,29,32,34,36,39,41,42,46,48,50,62,70,74,79
5/26/21,08,13,19,28,29,34,36,44,46,49,51,53,59,63,68,69,70,72,78,79
5/25/21,01,04,06,07,14,19,21,29,31,33,36,38,39,49,57,63,64,74,76,77
5/24/21,10,15,16,22,29,35,42,43,46,47,54,55,58,62,65,70,72,75,76,80
5/23/21,11,16,20,23,27,29,34,38,41,42,43,47,51,56,59,60,75,77,79,80
5/22/21,01,02,06,17,20,22,28,33,41,45,52,54,55,56,61,64,65,71,73,78
5/21/21,01,07,08,11,28,36,38,39,43,46,51,52,54,60,65,66,70,71,72,74
5/20/21,05,06,07,09,15,20,27,30,48,51,52,55,56,57,59,60,64,70,71,76
5/19/21,01,04,05,06,11,17,18,23,32,40,41,46,49,50,54,58,59,61,65,75
5/18/21,03,06,08,11,13,14,19,25,27,33,34,41,42,44,58,65,67,70,71,78
5/17/21,08,10,19,26,27,28,31,40,43,46,47,52,53,55,60,63,68,71,73,79
5/16/21,06,07,11,15,16,17,21,31,48,49,51,58,60,64,66,67,69,73,76,80
5/15/21,01,06,08,17,23,24,30,31,32,34,35,38,41,42,53,63,65,70,74,75
5/14/21,02,13,17,18,21,24,28,30,34,46,49,51,57,61,63,65,66,71,77,78
5/13/21,01,08,11,12,13,21,24,25,27,38,39,43,47,48,54,57,58,72,75,77
5/12/21,04,11,14,17,22,23,24,30,31,35,40,41,44,48,56,63,67,70,71,79
5/11/21,04,11,15,19,20,21,24,36,40,41,43,45,46,48,49,55,58,63,68,77
5/10/21,06,14,21,24,31,32,33,35,39,40,41,52,55,56,58,59,64,66,70,79
5/9/21,07,14,23,28,29,32,38,40,41,46,51,60,62,63,69,70,72,74,76,77
5/8/21,10,17,18,20,32,38,40,41,42,43,47,50,51,57,60,62,68,69,74,78
5/7/21,01,03,04,13,20,22,23,30,32,33,35,42,49,52,53,55,57,61,69,80
5/6/21,02,12,14,19,20,27,40,41,42,46,52,55,56,57,58,64,67,73,74,80
5/5/21,02,06,09,13,15,18,21,23,27,34,37,49,50,61,62,68,71,75,77,79
5/4/21,01,03,06,07,18,29,33,35,37,43,44,46,50,51,52,55,66,67,74,75
5/3/21,02,10,13,28,29,33,35,38,49,54,57,59,60,66,67,70,72,77,79,80
5/2/21,01,03,06,16,22,23,26,32,33,34,37,38,43,48,58,59,62,74,77,78
5/1/21,04,06,12,20,24,26,30,34,37,38,39,51,53,55,56,66,67,68,69,71
4/30/21,08,13,15,16,25,28,31,38,42,44,46,50,57,58,62,63,68,74,75,77
4/29/21,04,06,10,11,12,13,14,15,22,31,41,42,43,44,53,64,66,67,69,71
4/28/21,03,10,17,21,25,26,32,37,40,41,43,48,50,55,62,63,67,78,79,80
4/27/21,07,23,24,28,29,30,31,38,47,54,55,59,60,61,62,65,66,67,71,75
4/26/21,03,04,05,09,25,29,30,35,36,38,39,40,41,44,48,49,61,67,72,75
4/25/21,10,12,17,21,26,39,40,41,44,45,52,53,57,65,68,70,73,74,78,79
4/24/21,04,05,07,10,12,14,19,26,31,33,35,39,46,47,48,54,61,67,73,74
4/23/21,05,07,14,16,19,21,23,32,35,40,42,44,48,50,58,75,76,78,79,80
4/22/21,01,05,08,09,11,18,20,21,30,31,34,35,37,46,47,48,51,55,77,80
4/21/21,01,08,10,13,15,17,18,19,31,32,37,43,60,64,66,70,72,74,77,78
4/20/21,02,03,07,15,24,28,30,35,36,37,41,45,50,52,54,57,64,68,72,73
4/19/21,03,06,08,09,14,18,21,23,24,37,39,43,50,55,61,66,73,74,77,78
4/18/21,01,07,08,09,14,25,26,27,28,32,37,44,45,46,50,53,62,65,70,75
4/17/21,02,04,13,14,24,26,27,30,34,40,42,44,49,53,55,56,65,67,77,80
4/16/21,02,04,08,11,14,17,20,28,31,34,38,46,49,54,56,58,65,70,72,76
4/15/21,01,02,11,15,17,28,30,40,42,43,44,48,55,56,66,69,70,74,76,79
4/14/21,14,15,18,20,22,26,28,40,42,46,48,50,54,55,58,60,61,70,78,79
4/13/21,01,05,11,12,15,17,19,24,28,40,42,44,54,55,56,57,59,64,73,80
4/12/21,01,09,14,19,24,25,26,27,34,37,39,40,43,48,56,57,73,74,79,80
4/11/21,03,07,08,09,10,12,19,28,32,36,37,40,42,53,57,61,71,74,79,80
4/10/21,02,06,09,14,20,21,23,24,29,31,33,38,45,52,53,57,68,72,76,78
4/9/21,01,03,14,18,20,21,24,25,27,28,35,38,40,42,46,55,66,70,79,80
4/8/21,01,09,12,14,22,34,36,39,41,43,48,52,54,55,56,60,68,70,72,76
4/7/21,02,05,06,12,16,18,27,30,32,39,43,45,46,53,54,55,63,66,78,79
4/6/21,08,09,14,15,20,26,35,42,48,49,50,51,56,59,61,63,64,66,75,77
4/5/21,02,10,21,25,26,27,31,34,35,41,52,55,57,60,63,64,70,72,74,77
4/4/21,04,06,10,13,14,18,23,25,28,29,31,34,42,44,48,51,54,58,62,67
4/3/21,01,03,06,18,22,32,40,43,46,51,58,60,65,67,71,73,74,75,79,80
4/2/21,05,14,16,17,22,27,29,37,38,39,41,44,49,56,57,58,72,76,77,80
4/1/21,03,10,13,15,19,26,31,35,39,41,43,49,51,56,62,69,70,75,77,80
3/31/21,01,04,05,12,16,17,19,21,29,30,33,40,41,50,53,54,55,72,78,80
3/30/21,09,10,12,14,18,21,27,29,30,31,36,37,39,42,46,51,62,68,76,80
3/29/21,01,04,08,11,12,18,22,23,25,31,33,40,42,54,58,61,64,68,74,77
3/28/21,08,09,12,20,21,24,32,33,40,44,47,51,52,53,54,58,73,74,75,79
3/27/21,02,03,17,18,20,22,24,31,39,43,45,46,47,51,52,53,63,68,78,80
3/26/21,15,20,23,26,27,30,32,35,37,42,43,45,47,50,52,55,60,61,64,69
3/25/21,03,04,06,07,11,16,17,22,25,31,32,35,37,38,43,52,56,59,60,70
3/24/21,03,07,08,10,12,16,22,29,30,38,40,45,51,57,60,62,65,67,71,79
3/23/21,01,04,05,06,07,10,14,15,18,19,32,37,40,44,61,63,66,67,71,77
3/22/21,02,05,08,13,17,29,36,37,39,41,44,46,54,61,62,69,70,72,78,79
3/21/21,05,08,19,21,26,31,32,34,37,46,48,50,54,56,60,66,68,69,72,75
3/20/21,05,09,10,11,14,18,23,24,25,31,33,35,36,37,61,67,69,71,78,79
3/19/21,02,05,06,11,12,19,31,36,37,40,43,44,53,55,58,61,67,68,69,78
3/18/21,01,02,03,05,07,08,09,15,16,26,28,31,32,34,41,55,67,69,70,73
3/17/21,04,10,11,20,21,22,23,25,31,32,33,47,49,54,55,70,71,74,75,80
3/16/21,01,06,07,08,18,22,24,26,27,33,40,43,53,54,58,59,60,64,72,77
3/15/21,02,04,13,20,33,35,36,40,46,47,50,51,53,56,57,62,65,70,72,80
3/14/21,02,05,10,14,17,19,20,31,32,36,38,39,47,48,50,54,58,61,74,75
3/13/21,02,03,07,13,15,18,19,20,49,52,53,55,57,58,64,67,70,72,74,79
3/12/21,04,05,08,10,11,16,19,35,41,44,50,52,56,57,58,60,68,72,73,79
3/11/21,05,06,08,09,10,12,13,22,31,38,39,40,41,48,63,65,70,74,78,80
3/10/21,01,04,08,09,13,16,17,18,20,26,30,38,39,40,41,60,63,64,72,78
3/9/21,02,04,05,11,12,17,29,30,42,44,45,48,52,54,56,57,59,65,72,75
3/8/21,04,06,13,29,34,38,40,48,52,53,58,59,61,62,66,68,70,72,75,79
3/7/21,02,08,09,14,16,25,42,45,46,49,50,56,59,61,63,65,67,68,74,80
3/6/21,02,09,10,11,14,16,21,22,27,36,38,45,46,49,54,58,69,72,76,79
3/5/21,02,05,10,13,19,22,30,32,34,36,37,40,42,48,53,55,67,72,77,80
3/4/21,10,12,17,18,20,22,25,28,30,33,40,42,45,52,57,58,62,74,77,79
3/3/21,02,06,09,10,11,13,14,20,34,35,42,43,47,48,55,59,60,61,63,72
3/2/21,04,05,17,18,25,26,29,30,31,33,38,43,45,47,49,54,59,74,75,78
3/1/21,07,19,28,31,37,38,42,43,45,50,55,61,62,64,67,68,70,71,76,79
2/28/21,01,02,10,11,17,19,21,31,32,38,41,45,52,64,66,72,73,75,76,80
2/27/21,02,05,13,17,18,26,27,30,31,34,43,45,46,58,59,61,63,65,72,75
2/26/21,02,16,17,18,24,27,29,31,41,44,45,46,51,54,55,56,72,73,74,79
2/25/21,08,10,16,19,30,42,44,46,48,51,52,54,61,64,67,69,74,75,77,80
2/24/21,01,04,17,19,22,23,24,25,31,33,36,39,41,42,57,61,63,72,76,80
2/23/21,03,09,10,13,14,15,17,18,21,22,26,36,37,53,55,63,67,70,76,80
2/22/21,06,14,19,21,36,37,41,42,49,51,53,56,66,72,74,75,77,78,79,80
2/21/21,04,07,10,14,18,19,24,36,43,44,48,49,54,56,60,62,65,67,68,77
2/20/21,01,02,05,10,26,29,33,34,35,36,47,56,57,60,61,70,71,73,76,77
2/19/21,01,03,12,16,18,24,28,29,34,39,43,49,53,61,62,63,65,66,73,75
2/18/21,01,08,09,11,16,21,28,32,39,43,44,52,55,60,61,62,65,69,70,73
2/17/21,07,14,15,17,20,21,23,26,27,30,38,42,43,44,54,55,63,68,73,78
2/16/21,01,03,06,08,20,23,24,25,31,37,39,43,45,50,51,53,59,63,73,79
2/15/21,06,07,17,20,25,26,32,33,36,38,48,58,61,63,65,67,70,73,74,75
2/14/21,06,08,10,11,17,20,21,26,31,32,37,39,41,44,56,61,74,75,78,80
2/13/21,01,02,10,18,21,28,31,32,34,39,44,45,53,56,58,62,63,65,75,79
2/12/21,04,14,17,18,21,27,36,42,45,49,53,54,56,58,61,62,64,70,71,76
2/11/21,06,07,09,13,18,22,28,31,33,37,42,43,46,48,55,61,62,63,65,74
2/10/21,14,15,18,19,22,23,26,27,39,41,43,46,52,57,58,63,65,69,73,74
2/9/21,01,02,06,08,10,16,20,40,46,47,49,51,52,55,58,62,66,69,79,80
2/8/21,03,05,07,08,11,12,13,14,15,18,20,21,22,34,43,51,57,76,77,78
2/7/21,02,07,08,16,17,20,21,26,34,35,40,42,48,57,58,61,63,66,68,78
2/6/21,01,06,13,17,18,19,25,31,32,33,41,43,51,62,64,65,72,76,77,78
2/5/21,06,10,13,16,21,22,23,24,35,37,40,46,47,54,70,73,74,76,79,80
2/4/21,03,05,09,10,14,17,31,33,38,39,42,48,50,53,57,65,66,71,72,78
2/3/21,04,09,10,14,22,28,30,32,34,38,46,48,49,54,58,65,66,73,74,77
2/2/21,03,04,06,08,12,22,27,35,36,38,42,44,47,53,56,59,66,71,72,80
2/1/21,01,02,08,13,23,29,31,41,43,49,51,59,63,64,66,70,71,76,77,78
1/31/21,06,12,14,23,25,31,35,36,37,43,49,53,55,61,63,67,70,76,79,80
1/30/21,02,03,18,29,30,31,32,33,35,37,40,42,47,59,66,67,70,72,75,80
1/29/21,02,09,17,24,25,34,36,40,43,44,50,55,61,66,69,70,71,73,79,80
1/28/21,02,04,06,07,20,23,27,28,32,33,34,46,47,48,50,53,54,57,58,68
1/27/21,06,07,10,16,18,20,24,25,36,41,43,45,46,49,52,54,56,62,73,75
1/26/21,12,15,20,21,26,29,30,34,36,41,48,49,61,62,68,72,73,77,78,79
1/25/21,01,02,04,07,13,15,18,26,28,32,33,43,46,48,49,61,62,66,73,75
1/24/21,05,06,10,12,14,16,18,23,25,27,28,31,33,49,56,57,60,67,68,74
1/23/21,02,06,13,16,19,26,39,47,50,51,54,55,58,62,66,67,69,71,77,78
1/22/21,05,06,07,14,16,17,19,22,31,34,36,38,46,47,55,59,64,67,73,80
1/21/21,01,18,20,21,28,35,36,38,46,47,53,57,62,65,66,67,68,72,78,79
1/20/21,04,10,11,13,15,23,25,29,30,33,37,39,40,51,54,61,64,67,69,78
1/19/21,07,13,15,16,17,21,22,24,25,27,30,39,47,51,55,56,57,77,78,80
1/18/21,01,04,08,18,21,23,25,28,36,38,41,54,55,57,62,69,72,73,74,78
1/17/21,01,03,12,13,16,19,33,37,38,40,42,45,46,47,49,53,57,58,73,78
1/16/21,01,05,06,07,08,09,13,20,32,33,34,35,37,41,54,57,61,68,71,76
1/15/21,03,04,07,10,11,17,19,25,38,42,46,48,49,50,51,52,53,62,70,79
1/14/21,05,06,07,10,11,15,17,22,29,30,31,42,43,54,58,60,69,71,77,80
1/13/21,03,04,07,10,11,16,22,26,30,36,37,38,44,46,48,51,53,57,63,65
1/12/21,02,10,16,18,21,22,25,31,33,35,37,38,40,44,49,50,58,66,69,77
1/11/21,01,05,06,13,19,21,24,27,28,41,45,46,47,49,50,59,60,64,73,80
1/10/21,03,05,12,27,31,35,40,41,43,44,50,51,56,57,67,69,71,73,75,79
1/9/21,01,06,15,21,25,35,45,48,51,53,56,61,63,69,72,73,76,77,78,80
1/8/21,02,05,08,11,16,20,21,23,24,27,28,33,38,40,42,49,53,58,70,79
1/7/21,03,04,06,07,19,23,24,30,35,36,46,49,53,55,58,59,63,69,74,79
1/6/21,01,02,07,09,11,12,31,33,43,47,50,52,60,62,65,67,73,76,77,79
1/5/21,01,05,06,14,25,26,29,33,59,61,62,63,66,67,68,69,74,75,77,80
1/4/21,09,11,13,14,22,23,26,27,44,45,48,49,53,55,61,62,64,68,76,79
1/3/21,06,07,08,09,12,22,23,26,28,31,37,39,43,49,55,59,64,69,74,78
1/2/21,02,05,12,13,15,17,37,39,47,51,52,55,56,57,62,64,67,71,77,78
1/1/21,01,04,13,16,20,23,29,30,32,34,39,43,51,54,62,64,65,70,71,75
12/31/20,04,07,18,27,32,37,38,43,45,46,49,53,63,65,67,68,74,75,76,78
12/30/20,04,09,21,22,25,28,29,33,35,38,42,43,46,49,50,65,68,70,73,74
12/29/20,02,04,05,06,09,20,22,24,28,33,35,45,47,50,51,64,66,68,78,79
12/28/20,04,05,17,19,28,29,32,35,43,52,53,54,57,60,62,63,69,73,79,80
12/27/20,10,16,17,18,20,23,25,29,30,37,39,40,48,51,52,62,63,64,77,78
12/26/20,08,17,18,19,21,24,30,35,38,39,46,50,56,57,58,64,69,70,76,79
12/25/20,02,14,15,20,23,25,38,39,42,44,51,52,55,61,64,65,68,72,73,78
12/24/20,02,04,10,25,26,27,30,32,33,35,36,40,60,61,63,65,68,70,71,80
12/23/20,04,07,08,09,13,14,19,23,24,27,33,46,51,52,59,64,68,74,76,79
12/22/20,02,04,06,19,22,24,26,29,45,48,51,54,56,61,66,67,70,75,76,77
12/21/20,01,03,05,07,10,14,24,25,31,35,36,42,45,56,61,64,69,72,75,80
12/20/20,05,07,08,15,17,18,21,26,27,29,38,39,43,49,52,56,58,63,69,78
12/19/20,03,04,07,09,12,14,16,19,25,27,32,36,43,45,47,55,61,65,70,80
12/18/20,02,05,12,18,22,27,31,35,42,44,51,53,64,65,67,68,72,75,76,80
12/17/20,03,07,08,09,16,21,24,32,33,34,37,41,53,58,59,62,63,71,73,79
12/16/20,03,06,07,16,17,19,23,27,33,35,37,44,48,52,54,57,59,62,64,71
12/15/20,04,05,06,08,10,18,20,22,29,33,34,38,42,49,51,55,56,64,68,79
12/14/20,01,04,06,14,15,17,22,26,30,36,39,43,44,54,55,58,62,68,71,79
12/13/20,01,05,08,13,14,17,18,19,33,36,39,62,63,68,70,71,72,75,76,80
12/12/20,04,11,12,24,25,29,40,41,43,44,51,53,57,59,69,75,76,78,79,80
12/11/20,04,06,10,13,15,22,24,26,31,35,39,45,57,58,60,63,68,70,72,77
12/10/20,01,05,16,19,27,28,30,36,41,50,51,57,58,60,62,63,70,72,75,78
12/9/20,02,03,08,09,11,14,20,23,26,30,31,33,38,42,50,65,68,71,76,79
12/8/20,03,08,12,13,25,29,32,39,42,44,48,49,50,54,60,63,68,69,73,75
12/7/20,03,04,11,18,20,24,29,35,39,44,48,57,61,62,64,65,66,73,78,80
12/6/20,01,11,14,15,20,21,24,29,30,34,36,45,51,62,63,69,70,74,75,77
12/5/20,01,02,19,25,28,29,33,41,47,53,54,56,61,63,65,68,69,70,71,80
12/4/20,04,06,07,10,17,23,30,31,32,55,56,57,59,66,67,68,69,74,78,80
12/3/20,01,03,06,08,19,21,32,38,45,48,53,54,60,64,65,70,72,75,79,80
12/2/20,01,06,07,08,10,15,16,19,31,37,40,42,46,48,50,54,62,67,70,72
12/1/20,05,17,23,27,28,29,30,33,37,39,43,45,51,52,58,60,64,71,72,80
11/30/20,04,11,16,23,24,29,36,38,43,49,50,58,59,68,73,74,75,76,79,80
11/29/20,04,06,08,09,15,18,25,33,35,37,38,44,51,59,61,70,74,75,76,79
11/28/20,01,02,08,19,22,23,24,28,37,48,49,57,59,60,64,68,71,72,73,76
11/27/20,09,12,13,17,18,23,24,25,27,28,40,42,50,53,55,57,61,63,68,69
11/26/20,07,08,12,16,17,19,20,23,28,32,36,40,50,53,59,60,61,69,74,75
11/25/20,06,08,09,17,19,23,37,38,40,41,43,44,46,51,59,63,73,74,75,76
11/24/20,05,07,11,14,16,17,24,35,37,40,43,46,47,52,58,59,63,67,69,77
11/23/20,04,05,08,10,11,12,13,16,19,31,32,35,57,60,63,66,67,70,78,79
11/22/20,05,13,15,21,22,25,27,28,29,35,36,48,49,52,56,65,73,74,75,79
11/21/20,04,05,07,08,15,22,23,27,35,39,42,43,51,54,55,56,58,67,72,79
11/20/20,09,16,18,19,20,30,32,37,41,43,44,52,57,58,59,60,63,71,76,79
11/19/20,01,03,06,14,19,22,26,27,28,34,43,49,50,54,55,60,61,64,72,73
11/18/20,03,04,05,11,14,16,18,21,28,42,43,53,56,59,62,67,68,73,77,80
11/17/20,02,10,12,14,18,22,23,24,26,28,35,40,50,51,57,61,65,72,75,76
11/16/20,03,05,07,11,15,16,18,22,28,31,43,46,63,67,69,74,75,77,78,80
11/15/20,01,02,04,07,19,21,23,39,44,45,47,54,56,64,67,71,75,77,78,79
11/14/20,03,08,12,16,17,20,23,24,26,30,36,40,42,49,51,59,61,63,72,73
11/13/20,02,05,12,17,25,26,27,31,37,44,47,49,51,54,55,57,60,62,71,75
11/12/20,06,07,08,11,16,19,26,27,29,30,31,32,38,39,40,41,49,62,71,76
11/11/20,03,11,13,23,24,27,28,33,37,39,40,43,55,56,57,61,63,65,70,79
11/10/20,04,05,07,18,20,21,25,28,32,36,37,43,44,61,69,71,73,74,76,77
11/9/20,03,06,11,14,16,19,26,27,31,34,36,45,51,52,54,64,66,75,77,80
11/8/20,07,09,21,22,25,42,43,45,46,48,53,54,58,62,63,70,71,74,77,80
11/7/20,06,09,15,18,19,20,34,35,36,39,41,44,50,51,52,56,68,70,71,80
11/6/20,08,10,21,28,31,32,33,38,39,41,49,55,59,64,65,72,74,76,78,80
11/4/20,02,03,15,16,18,28,37,42,43,45,51,52,54,59,62,63,66,75,76,80
11/2/20,02,03,08,09,13,22,27,31,33,34,44,45,53,55,56,61,62,63,67,69
11/1/20,04,07,08,11,13,21,22,27,28,32,38,47,50,54,56,60,61,69,77,78
10/31/20,01,04,05,06,08,10,18,20,23,25,34,38,39,43,47,54,67,68,72,78
10/30/20,03,04,05,08,11,15,17,18,20,21,31,32,41,43,45,48,55,58,70,79
10/29/20,03,19,20,21,22,23,26,37,46,50,52,55,57,58,61,63,69,74,76,80
10/28/20,02,10,12,16,21,22,23,26,32,36,43,49,53,58,63,68,72,75,76,79
10/27/20,02,12,16,17,20,22,26,32,34,35,38,50,52,55,58,64,65,71,74,78
10/26/20,01,04,06,10,14,20,24,31,33,37,40,42,46,51,53,57,62,66,74,80
10/25/20,01,04,06,08,12,15,16,28,40,42,43,49,50,52,56,59,70,73,76,80
10/24/20,01,03,07,08,12,24,26,27,31,35,36,47,50,51,60,67,68,69,75,78
10/23/20,07,10,17,21,23,24,25,27,31,42,46,50,53,54,56,65,67,70,72,78
10/22/20,01,13,19,20,29,31,32,34,36,39,42,51,58,61,65,72,73,76,78,80
10/21/20,08,10,21,24,26,28,30,34,40,44,48,49,51,52,55,60,62,65,67,69
10/20/20,01,02,03,15,16,18,21,32,35,37,46,50,53,55,57,59,64,65,71,76
10/19/20,05,09,10,11,13,16,19,21,25,26,31,32,49,52,54,62,65,71,75,79
10/18/20,02,09,10,11,14,28,30,39,45,46,47,52,53,54,56,64,65,70,71,78
10/17/20,07,09,15,21,25,29,30,32,35,44,45,48,51,54,57,61,62,69,70,73
10/16/20,02,03,04,05,07,10,13,22,24,27,30,38,42,43,45,53,59,61,75,78
10/15/20,07,09,16,17,20,23,28,32,33,37,42,48,55,64,66,67,69,75,76,77
10/14/20,06,07,12,13,23,24,25,34,35,42,44,50,51,52,59,63,64,66,76,80
10/13/20,03,08,15,17,18,21,25,26,34,37,39,43,44,46,48,51,62,68,69,72
10/12/20,03,04,07,13,16,18,21,23,32,35,40,42,43,48,49,64,74,75,77,78
10/11/20,01,02,05,07,08,18,26,32,35,36,41,45,49,56,60,62,64,72,79,80
10/10/20,05,12,16,17,18,19,26,32,39,41,48,49,53,54,59,72,74,77,79,80
10/9/20,12,15,20,23,25,26,28,31,35,38,48,54,57,59,66,68,69,72,75,78
10/8/20,07,12,14,17,22,32,33,34,35,37,40,41,43,47,53,56,68,69,77,80
10/7/20,01,03,10,15,17,19,22,23,25,43,46,53,60,67,68,69,71,77,78,79
10/6/20,02,12,13,22,25,26,28,30,31,44,53,58,62,63,65,66,70,74,75,76
10/5/20,01,03,11,13,14,19,22,23,24,26,28,30,35,43,44,48,49,61,66,77
10/4/20,03,05,06,07,10,16,17,19,20,39,45,47,50,51,53,54,56,60,68,78
10/3/20,06,13,22,23,26,30,31,32,34,43,44,47,49,50,53,57,58,60,69,80
10/2/20,05,07,14,19,28,31,36,38,47,49,51,56,59,61,66,68,73,74,78,79
10/1/20,05,09,21,22,23,25,31,32,33,44,45,47,50,69,70,74,75,76,77,80
9/30/20,01,04,07,10,16,19,28,34,36,40,46,47,51,52,59,62,64,67,72,77
9/29/20,04,15,18,20,21,23,24,26,29,30,34,39,40,42,49,50,54,56,68,78
9/28/20,02,11,16,18,22,23,39,41,57,58,59,60,63,67,69,70,72,73,77,80
9/27/20,03,10,15,21,26,30,32,37,45,47,51,52,55,57,62,65,70,74,76,78
9/26/20,04,06,12,14,20,21,22,28,32,33,34,37,40,41,43,47,49,72,75,79
9/25/20,03,05,06,07,08,19,20,21,22,24,25,33,41,48,50,59,68,73,78,80
9/24/20,06,15,17,20,22,23,27,31,32,40,43,48,49,53,55,60,62,73,74,76
9/23/20,08,19,30,34,36,39,41,45,46,54,63,64,65,68,69,70,72,76,77,78
9/22/20,01,02,03,05,16,24,25,28,30,33,35,52,54,57,60,65,68,73,74,78
9/21/20,02,09,16,18,30,31,33,39,42,52,54,55,56,57,58,59,68,69,74,78
9/20/20,06,09,12,16,18,19,23,28,31,35,38,48,49,57,63,65,69,72,74,76
9/19/20,04,06,08,14,15,17,18,19,26,28,34,35,36,38,39,42,47,60,62,75
9/18/20,02,07,12,17,18,22,23,24,26,28,31,32,37,40,46,57,61,66,67,72
9/17/20,05,08,14,21,22,25,26,30,37,38,43,47,49,50,52,56,57,59,60,64
9/16/20,01,04,06,14,24,27,32,38,40,42,45,49,52,56,57,63,68,69,71,78
9/15/20,09,16,20,21,28,29,30,36,38,40,48,49,52,56,61,62,67,68,79,80
9/14/20,05,09,12,13,14,15,16,17,18,25,32,46,53,63,64,67,71,74,76,80
9/13/20,03,07,13,16,19,24,26,27,32,33,38,47,49,53,55,57,58,61,63,71
9/12/20,01,05,14,16,19,25,28,31,34,40,43,47,48,51,52,53,54,66,70,73
9/11/20,02,05,17,21,22,25,27,33,34,39,49,50,54,56,61,62,71,75,77,80
9/10/20,06,08,15,19,21,23,24,26,30,36,44,45,47,49,57,58,61,65,68,74
9/9/20,01,05,07,08,09,27,30,34,39,40,41,43,45,50,51,66,67,72,76,79
9/8/20,02,05,14,17,19,20,26,27,32,38,44,52,55,60,63,67,72,73,75,78
9/7/20,03,04,11,14,29,32,34,35,36,38,48,49,50,53,55,56,59,65,69,71
9/6/20,01,03,07,08,17,20,26,29,37,40,42,43,44,46,49,53,60,66,72,75
9/5/20,03,04,08,24,31,32,33,36,45,47,53,57,58,61,64,68,70,72,74,75
9/4/20,06,10,12,15,19,20,23,26,33,42,46,47,48,49,50,51,57,62,63,72
9/3/20,06,07,09,12,14,15,33,34,35,37,51,53,57,58,60,61,65,66,69,76
9/2/20,03,07,10,22,23,27,31,32,34,35,36,44,50,52,56,61,65,68,69,70
9/1/20,07,14,17,19,21,30,38,39,47,48,51,54,55,63,66,67,68,72,74,75
8/31/20,05,06,11,19,20,22,23,31,32,36,37,40,41,54,60,63,75,76,77,78
8/30/20,07,09,16,18,25,27,37,38,40,43,44,57,58,64,68,71,75,78,79,80
8/29/20,02,03,09,11,14,17,22,23,24,27,34,35,36,38,43,45,49,58,62,64
8/28/20,04,05,09,12,13,18,19,26,31,38,42,44,49,50,52,53,55,57,65,66
8/27/20,07,11,12,13,15,19,28,31,35,36,44,45,54,56,65,66,71,72,74,80
8/26/20,01,02,09,18,19,23,26,27,34,38,45,48,49,52,62,72,74,75,76,80
8/25/20,09,10,11,16,17,18,29,33,43,44,47,49,54,56,60,62,65,71,72,73
8/24/20,14,16,18,19,28,37,38,39,40,42,44,47,60,62,65,70,73,75,79,80
8/23/20,02,05,08,12,15,16,17,18,19,20,22,27,37,54,56,61,66,67,72,77
8/22/20,01,02,04,13,15,19,20,28,30,32,38,39,41,42,46,52,53,61,70,79
8/21/20,03,06,07,09,17,25,26,31,33,41,42,44,45,48,58,60,66,67,72,73
8/20/20,07,08,09,12,14,24,27,35,39,44,46,61,62,67,69,71,74,75,77,79
8/19/20,11,13,15,16,18,20,23,26,30,39,48,51,57,58,62,67,69,71,72,73
8/18/20,11,12,13,18,26,27,31,37,38,43,48,54,58,61,67,68,70,72,73,76
8/17/20,04,07,09,12,13,16,20,27,28,29,43,47,50,51,53,57,59,61,65,69
8/16/20,05,09,10,14,16,20,21,24,27,29,32,35,36,37,38,60,68,75,76,79
8/15/20,02,07,15,16,20,21,30,31,32,33,38,43,47,51,61,66,67,68,75,77
8/14/20,06,07,09,10,16,19,27,31,34,39,41,42,44,45,50,54,57,58,71,75
8/13/20,01,03,12,23,25,29,31,36,42,44,49,53,56,58,59,63,68,69,70,71
8/12/20,04,22,25,27,30,32,35,39,41,43,45,47,49,54,57,59,60,65,76,78
8/11/20,04,07,08,10,17,22,27,37,39,41,45,46,61,66,68,70,72,74,75,76
8/10/20,01,08,09,10,12,15,17,25,28,35,37,41,44,46,48,54,57,62,71,80
8/9/20,18,20,21,22,31,33,36,38,41,48,50,53,58,67,72,73,74,75,76,77
8/8/20,01,05,08,09,15,19,22,24,26,28,30,31,33,36,37,42,43,45,63,64
8/7/20,13,16,18,26,28,34,36,40,41,42,44,45,46,48,49,55,58,71,73,75
8/6/20,01,03,11,12,14,15,25,30,32,35,39,48,50,51,54,57,58,60,63,74
8/5/20,06,11,16,20,21,23,26,29,31,32,33,46,51,54,58,66,69,74,75,78
8/4/20,02,03,08,12,18,21,22,25,29,34,38,40,43,44,46,50,65,69,73,79
8/3/20,03,09,14,18,22,23,30,31,37,44,46,47,50,53,54,63,67,68,72,74
8/2/20,03,07,08,10,13,16,21,22,23,32,35,36,47,49,50,66,67,68,70,80
8/1/20,03,04,08,11,15,26,28,29,30,40,41,43,44,46,54,56,57,63,66,72
7/31/20,02,05,06,17,22,28,33,38,39,40,57,65,67,68,69,70,73,74,77,79
7/30/20,02,05,06,08,09,15,16,21,29,31,33,34,37,42,49,53,58,63,69,77
7/29/20,06,08,09,11,12,21,22,24,26,28,31,40,42,43,51,60,62,63,72,79
7/28/20,03,05,06,17,23,26,27,29,31,34,35,36,45,48,53,59,61,66,67,75
7/27/20,02,06,08,09,13,21,25,26,28,30,31,33,36,40,42,43,53,54,63,71
7/26/20,04,06,10,11,12,15,18,26,27,28,32,33,34,36,50,53,56,75,78,79
7/25/20,04,09,19,20,23,32,38,46,47,52,54,55,58,62,63,75,76,77,79,80
7/24/20,12,14,17,19,20,25,33,34,43,48,52,56,61,62,63,65,69,75,76,77
7/23/20,02,06,07,12,20,33,36,41,43,44,47,52,54,56,60,61,62,63,67,78
7/22/20,01,10,11,26,29,32,37,38,40,53,54,57,59,62,72,73,74,75,76,80
7/21/20,01,03,06,08,09,11,18,20,38,40,43,44,46,48,56,57,58,59,60,66
7/20/20,06,13,16,18,19,20,24,28,29,33,34,44,50,51,59,63,69,71,77,78
7/19/20,05,11,12,25,29,33,34,39,41,52,56,57,58,60,62,69,70,72,74,75
7/18/20,01,03,05,06,15,22,23,34,45,52,59,63,65,66,69,72,75,77,79,80
7/17/20,06,11,14,23,24,33,38,41,44,46,48,51,57,59,64,65,69,75,78,79
7/16/20,08,12,15,20,23,28,31,33,37,48,51,54,55,56,57,59,71,73,75,77
7/15/20,02,07,13,16,20,22,23,24,26,27,42,47,63,65,66,67,68,71,72,74
7/14/20,01,10,12,13,15,16,19,25,26,34,41,43,48,50,54,57,65,71,76,77
7/13/20,01,02,11,12,17,20,33,35,36,39,43,49,52,59,69,70,75,77,78,79
7/12/20,03,04,09,10,12,18,20,48,49,50,51,60,61,62,65,66,67,69,74,75
7/11/20,03,06,13,17,23,24,31,41,47,55,60,63,66,67,68,71,72,74,77,79
7/10/20,02,18,23,29,31,44,48,51,52,56,58,59,60,61,70,71,73,75,76,79
7/9/20,03,09,11,13,17,20,31,38,39,40,44,46,49,58,62,64,66,70,71,72
7/8/20,02,04,05,07,08,11,13,15,17,18,32,33,41,53,55,61,62,66,74,78
7/7/20,07,10,11,13,17,18,20,28,29,43,58,60,62,64,67,70,75,76,77,80
7/6/20,01,02,03,05,08,09,18,19,33,40,46,47,48,51,56,59,62,63,67,72
7/5/20,07,19,21,22,23,24,27,28,31,32,33,35,37,43,44,45,46,55,69,79
7/4/20,01,02,07,14,15,16,24,37,38,40,42,43,44,47,48,61,63,64,71,78
7/3/20,02,03,06,07,08,12,20,24,34,42,43,49,56,58,71,72,76,78,79,80
7/2/20,01,04,08,09,13,15,18,19,30,32,42,46,56,59,61,62,65,70,72,80
7/1/20,04,07,12,13,23,24,25,27,28,36,37,38,51,52,53,58,61,64,73,79
6/30/20,01,05,09,10,11,13,15,26,27,30,35,42,47,49,52,55,57,74,75,77
6/29/20,03,05,06,12,18,19,21,30,31,32,33,34,40,45,46,52,60,71,77,79
6/28/20,03,08,13,19,20,22,24,28,29,32,33,34,37,39,41,43,47,50,73,75
6/27/20,02,03,11,12,15,18,21,33,34,37,42,43,45,46,51,55,58,67,69,72
6/26/20,01,04,07,09,23,24,28,33,34,41,51,59,60,61,64,66,67,76,77,79
6/25/20,03,04,06,07,09,10,11,17,20,21,27,31,32,33,41,48,61,66,67,71
6/24/20,01,12,20,21,27,47,48,51,54,58,60,61,62,69,70,73,74,77,78,79
6/23/20,04,09,13,14,16,27,29,30,34,44,45,48,52,53,60,63,65,69,71,79
6/22/20,06,10,14,20,21,24,29,31,35,38,40,42,53,55,56,57,68,72,74,75
6/21/20,03,04,14,20,23,24,34,37,40,41,45,46,51,52,58,60,64,73,75,77
6/20/20,03,04,05,09,18,23,24,27,33,39,47,48,54,58,61,62,69,72,73,77
6/19/20,01,03,05,06,13,18,26,27,28,30,33,36,37,42,48,50,59,64,70,80
6/18/20,01,02,05,10,15,16,18,26,28,30,35,36,43,46,49,61,67,68,75,79
6/17/20,04,08,10,11,13,25,28,29,32,39,40,45,49,54,56,57,66,73,79,80
6/16/20,05,07,20,22,25,30,32,33,34,38,41,42,43,46,49,52,55,57,64,71
6/15/20,02,06,10,13,23,30,32,35,39,48,49,51,52,56,61,68,69,70,71,76
6/14/20,02,03,05,12,23,24,28,31,33,35,37,43,46,55,56,60,69,74,77,78
6/13/20,02,06,09,11,16,20,21,26,33,35,41,47,52,55,56,58,62,64,68,76
6/12/20,03,07,09,15,18,29,31,33,38,46,54,57,61,66,67,69,74,75,76,80
6/11/20,03,06,08,10,16,18,20,21,25,30,33,34,35,41,46,56,61,63,77,80
6/10/20,01,04,16,28,29,34,37,38,39,42,44,47,49,50,54,56,62,63,68,71
6/9/20,10,11,13,16,17,18,22,23,27,51,52,53,58,62,64,65,66,67,73,74
6/8/20,03,04,08,09,17,20,31,32,35,44,52,55,57,59,60,61,64,66,77,80
6/7/20,02,05,07,15,17,21,24,27,28,36,40,44,47,50,58,59,65,70,74,75
6/6/20,01,02,04,06,07,08,14,15,19,20,22,23,25,27,31,42,51,66,71,75
6/5/20,06,14,18,21,22,25,26,27,32,45,47,49,50,51,59,61,65,72,74,78
6/4/20,02,16,24,26,28,29,31,37,43,46,50,52,53,54,56,61,68,70,73,74
6/3/20,03,05,13,17,26,33,34,40,41,48,56,57,60,61,64,66,69,75,76,79
6/2/20,06,09,10,17,18,20,24,32,39,41,44,47,50,51,53,62,65,68,71,77
6/1/20,06,09,12,15,16,21,31,35,39,41,45,50,51,53,56,58,61,65,70,77
5/31/20,08,09,10,11,18,22,27,29,31,34,35,38,39,42,46,55,62,63,67,78
5/30/20,03,06,12,13,17,18,21,23,30,40,43,53,58,61,69,73,74,76,77,80
5/29/20,05,08,10,17,19,21,25,28,39,43,54,56,59,61,66,67,75,76,77,80
5/28/20,02,03,09,15,17,25,31,32,36,38,39,42,46,47,49,56,58,65,71,75
5/27/20,01,12,21,23,29,32,37,42,45,46,52,53,55,56,61,63,68,70,77,78
5/26/20,04,06,07,11,15,16,17,20,21,23,33,34,35,42,43,49,67,70,76,78
5/25/20,08,12,14,16,20,24,27,28,29,30,32,34,37,40,44,45,63,70,73,80
5/24/20,06,09,10,11,13,15,24,28,32,38,41,45,46,58,61,64,70,72,77,79
5/23/20,02,09,12,13,22,25,26,27,28,39,40,42,43,44,50,51,57,67,75,76
5/22/20,02,04,11,13,15,17,30,32,36,38,39,41,53,55,65,67,68,69,72,75
5/21/20,06,10,12,13,15,18,22,25,29,32,36,38,41,45,60,62,66,67,68,71
5/20/20,07,08,11,12,14,20,21,24,27,29,30,35,39,44,45,46,58,60,69,70
5/19/20,02,05,08,13,21,24,29,30,31,35,38,40,45,48,58,64,67,69,79,80
5/18/20,01,04,06,07,10,11,19,20,22,23,24,31,45,46,49,58,65,69,76,79
5/17/20,03,04,07,10,16,23,24,29,30,39,40,41,46,48,49,55,61,63,71,72
5/16/20,07,16,17,18,19,24,32,39,41,43,49,50,52,54,60,63,72,76,77,80
5/15/20,01,05,06,13,18,29,31,42,44,45,47,48,58,59,60,66,69,74,77,79
5/14/20,07,12,13,22,24,25,27,28,35,45,52,54,57,58,60,62,64,68,69,79
5/13/20,01,03,09,14,19,31,33,35,43,49,52,53,54,55,57,62,64,66,71,74
5/12/20,03,04,05,08,15,16,20,21,22,25,30,39,50,56,59,60,62,70,71,72
5/11/20,03,05,06,17,21,29,33,34,37,43,53,54,58,59,61,65,71,72,75,77
5/10/20,12,14,15,18,26,31,33,38,39,48,49,53,55,57,62,65,68,75,77,78
5/9/20,01,03,06,14,15,21,23,29,31,41,45,49,55,60,62,65,72,74,75,76
5/8/20,12,13,20,22,23,31,34,35,39,43,48,50,53,57,58,62,64,69,70,74
5/7/20,02,05,07,12,14,19,23,28,34,38,39,42,47,50,55,56,68,74,76,79
5/6/20,04,13,15,20,24,27,30,32,33,35,39,41,43,59,60,67,69,73,75,78
5/5/20,07,12,13,18,22,26,32,35,42,44,46,48,50,53,55,60,64,71,73,78
5/4/20,01,06,12,13,21,27,33,39,41,48,49,58,59,60,63,65,68,72,74,78
5/3/20,01,09,12,13,16,27,30,34,39,42,43,44,45,52,56,57,58,67,72,74
5/2/20,09,11,14,16,24,26,30,31,35,40,50,56,57,61,62,63,65,71,73,74
5/1/20,08,09,10,16,17,21,29,30,32,33,41,42,46,52,53,63,64,68,74,77
4/30/20,02,06,08,12,13,15,29,30,31,35,36,47,49,52,54,55,59,70,72,78
4/29/20,16,24,25,28,32,35,37,41,48,50,57,60,65,66,67,68,69,75,77,80
4/28/20,08,10,11,16,17,27,33,34,36,39,45,46,47,49,50,55,65,70,72,75
4/27/20,05,12,13,15,16,19,25,28,30,32,36,41,47,49,54,56,58,62,64,65
4/26/20,02,04,07,11,15,19,21,22,28,29,33,39,48,49,52,67,69,70,71,79
4/25/20,06,12,14,34,36,43,44,45,58,59,60,61,64,65,71,72,73,74,75,77
4/24/20,02,03,04,12,14,19,24,29,38,39,48,53,54,57,66,69,70,72,75,76
4/23/20,03,04,15,23,25,28,32,36,38,45,46,50,54,60,61,64,67,69,76,80
4/22/20,01,05,19,20,21,23,29,31,32,33,38,45,50,51,54,55,67,70,75,79
4/21/20,01,08,11,14,16,17,22,26,29,43,48,50,52,55,61,62,65,67,70,75
4/20/20,03,08,15,18,20,28,30,31,37,43,50,51,52,57,63,65,66,68,71,74
4/19/20,01,08,13,15,16,21,25,31,34,37,42,46,50,53,55,57,70,74,77,79
4/18/20,02,03,05,07,10,17,18,22,27,30,40,41,43,45,55,65,66,69,72,73
4/17/20,01,02,04,05,06,07,10,11,20,22,35,39,40,45,59,62,63,71,74,78
4/16/20,02,07,11,13,14,15,17,20,21,30,38,42,50,56,58,61,68,73,75,80
4/15/20,01,06,09,12,13,16,18,22,25,31,34,43,44,46,50,58,64,74,76,80
4/14/20,11,18,22,30,32,37,39,42,47,48,54,55,56,59,61,63,66,67,68,69
4/13/20,02,11,21,24,33,34,36,38,39,43,46,51,52,53,59,61,70,72,74,79
4/12/20,02,03,06,08,10,18,22,25,26,27,35,39,47,50,52,55,57,72,73,75
4/11/20,05,06,12,16,18,29,33,39,40,43,46,47,48,50,51,52,63,66,76,77
4/10/20,01,04,06,07,08,10,12,20,21,26,31,45,47,58,61,66,68,73,77,78
4/9/20,06,17,19,21,27,29,30,48,50,51,52,53,56,57,65,71,72,73,76,77
4/8/20,05,17,22,24,25,27,31,34,35,36,41,43,47,56,58,59,64,68,73,75
4/7/20,02,06,09,12,13,15,17,25,29,36,44,47,52,56,62,63,64,69,70,74
4/6/20,05,07,10,11,25,35,40,43,45,46,47,49,55,57,66,68,71,75,77,78
4/5/20,01,06,07,08,10,20,21,26,27,28,40,43,45,46,47,60,62,65,68,72
4/4/20,03,06,07,10,14,20,26,33,38,39,40,43,44,46,56,68,71,73,76,78
4/3/20,03,06,07,15,17,20,22,25,32,33,36,38,44,45,46,53,57,65,76,78
4/2/20,05,06,18,21,32,35,36,38,47,48,54,56,58,60,64,67,68,73,74,78
4/1/20,02,04,06,08,09,11,19,24,28,32,33,40,53,54,57,60,61,64,70,74
3/31/20,02,04,07,10,14,16,19,24,25,28,33,35,37,41,57,66,68,74,77,79
3/30/20,01,07,09,10,11,12,18,21,23,25,26,32,41,47,48,54,59,64,66,67
3/29/20,07,10,13,26,32,36,37,42,46,50,54,55,56,61,63,67,68,70,73,80
3/28/20,02,04,08,10,12,17,18,20,31,32,33,34,38,47,49,50,51,56,59,78
3/27/20,06,08,10,11,12,16,29,32,43,52,53,61,63,65,69,70,73,74,77,80
3/26/20,08,10,16,20,24,27,30,31,33,37,40,44,45,47,49,56,58,64,74,75
3/25/20,05,06,07,12,20,22,23,28,29,36,37,40,50,56,63,66,67,73,74,75
3/24/20,02,03,04,23,27,28,31,45,47,48,49,51,59,62,63,67,69,70,75,76
3/23/20,07,14,22,25,26,34,35,44,46,49,50,55,59,60,63,69,75,76,77,80
3/22/20,05,14,16,20,26,28,29,38,39,41,42,44,48,64,72,74,75,76,77,79
3/21/20,03,10,15,17,18,19,20,21,23,28,45,49,53,58,59,61,64,74,76,79
3/20/20,01,02,05,07,08,10,14,23,24,27,29,41,42,46,52,58,61,70,72,74
3/19/20,06,09,18,25,28,30,35,39,40,43,47,51,57,58,61,64,68,74,75,80
3/18/20,04,06,11,14,16,18,24,28,30,31,35,41,47,54,57,59,69,71,78,79
3/17/20,03,09,12,18,32,34,37,38,44,46,47,53,55,57,60,64,66,73,75,79
3/16/20,13,17,21,37,38,39,40,44,47,48,49,53,56,61,66,70,71,72,77,78
3/15/20,03,04,07,12,14,16,23,24,29,30,32,40,45,46,50,54,56,58,59,73
3/14/20,01,02,03,04,06,09,11,13,14,16,28,36,42,43,46,53,62,64,74,79
3/13/20,06,08,12,21,30,31,33,34,35,36,38,47,48,50,54,56,59,64,71,76
3/12/20,12,18,21,23,27,29,30,36,39,42,43,47,49,53,58,59,62,63,68,79
3/11/20,03,07,08,16,21,24,25,31,35,39,45,50,53,66,70,71,72,74,76,77
3/10/20,03,05,06,08,18,19,20,23,24,28,30,31,33,35,39,45,57,72,73,77
3/9/20,04,16,19,20,23,33,34,37,38,40,45,50,52,53,55,56,61,63,68,80
3/8/20,02,12,15,18,20,28,33,41,44,47,50,52,56,59,60,63,66,70,72,77
3/7/20,10,15,17,18,19,20,26,28,34,35,38,39,41,42,58,63,65,66,76,78
3/6/20,01,11,14,17,18,25,30,33,41,44,50,52,59,64,67,70,71,76,78,79
3/5/20,02,04,09,16,17,18,26,28,32,40,42,49,51,54,55,60,61,63,69,72
3/4/20,01,04,07,08,09,15,16,18,23,29,32,42,46,51,52,63,64,65,76,79
3/3/20,04,05,13,14,16,21,24,27,36,37,39,46,53,54,57,59,70,73,75,77
3/2/20,02,13,20,21,26,29,39,41,49,52,55,57,60,61,63,65,68,71,72,73
3/1/20,07,08,10,14,16,17,22,25,37,39,42,43,45,46,63,65,67,74,75,78
2/29/20,02,05,11,14,16,21,22,25,28,35,41,44,51,52,56,58,63,66,70,79
2/28/20,02,05,09,10,12,16,18,21,23,26,31,33,48,51,53,55,58,59,63,80
2/27/20,01,02,08,16,21,22,25,35,36,38,43,51,52,54,56,58,63,64,68,80
2/26/20,01,05,06,07,16,27,35,47,48,49,52,55,56,58,61,65,71,72,75,78
2/25/20,04,05,10,15,19,42,50,51,52,54,55,56,57,61,62,65,68,70,72,73
2/24/20,02,03,09,10,11,21,27,28,31,33,47,48,57,64,65,66,67,72,74,80
2/23/20,06,07,20,25,26,27,30,40,44,52,54,55,59,61,62,64,65,68,72,76
2/22/20,01,13,20,21,29,32,37,39,45,51,58,59,61,63,67,68,70,71,78,79
2/21/20,03,06,09,14,15,26,27,28,33,35,37,40,46,48,57,66,68,70,71,76
2/20/20,11,21,22,23,28,37,40,43,48,51,54,56,57,61,66,69,71,72,77,79
2/19/20,15,17,21,23,25,27,28,31,34,35,43,45,46,50,51,62,65,71,72,76
2/18/20,01,12,13,15,17,18,20,21,30,39,44,45,47,52,54,56,58,65,66,79
2/17/20,03,10,16,23,26,27,29,37,40,41,45,50,51,52,55,59,64,71,74,80
2/16/20,04,05,10,13,19,23,31,35,41,46,48,50,56,57,60,65,67,73,78,79
2/15/20,03,05,15,16,17,20,23,30,31,34,35,42,46,55,60,62,64,67,68,71
2/14/20,02,04,06,07,11,17,19,23,26,29,42,44,54,65,66,69,70,71,76,77
2/13/20,11,15,22,23,24,26,28,29,42,44,48,51,60,63,67,70,71,72,77,80
2/12/20,06,18,19,25,28,34,35,36,38,40,42,45,50,51,53,58,61,66,67,71
2/11/20,02,05,14,15,24,25,29,30,36,40,42,44,46,51,53,57,64,73,74,80
2/10/20,02,03,10,12,14,16,21,22,28,30,34,35,47,51,52,64,65,70,71,74
2/9/20,05,09,12,16,18,22,27,34,39,40,41,52,53,54,62,63,64,66,68,78
2/8/20,05,14,15,20,29,35,38,42,43,54,55,56,58,62,63,65,69,75,77,78
2/7/20,04,09,13,14,20,21,24,34,42,48,49,56,57,60,61,62,66,67,71,79
2/6/20,01,05,08,10,14,20,24,32,46,53,61,63,65,70,75,76,77,78,79,80
2/5/20,02,06,08,11,16,17,26,27,40,41,51,53,63,65,66,67,72,76,77,80
2/4/20,01,02,06,08,10,14,19,23,25,28,33,39,44,47,50,54,68,70,74,77
2/3/20,01,03,04,10,15,17,25,32,36,42,47,50,51,52,59,64,68,73,74,77
2/2/20,02,08,22,25,26,28,31,36,40,42,44,48,51,55,57,60,71,75,76,77
2/1/20,02,15,16,23,25,29,32,35,39,45,46,50,55,56,60,68,70,74,75,79
1/31/20,12,20,21,22,23,28,31,39,40,43,47,51,53,54,56,58,63,65,77,79
1/30/20,02,04,05,08,10,11,16,23,24,30,38,40,47,48,52,59,64,65,75,76
1/29/20,01,05,06,07,09,10,18,23,29,30,33,36,38,43,56,64,65,71,72,79
1/28/20,01,02,03,06,07,12,14,16,23,24,27,29,35,41,48,53,58,67,72,76
1/27/20,03,09,17,18,20,21,22,33,36,43,47,50,54,58,61,62,63,65,71,76
1/26/20,03,09,10,12,14,27,29,34,38,44,46,47,49,58,59,65,67,69,75,76
1/25/20,04,16,21,26,30,34,36,37,41,45,46,47,49,58,60,63,66,67,69,80
1/24/20,03,10,11,13,14,20,26,32,38,39,41,53,58,59,61,63,66,69,75,77
1/23/20,08,09,12,16,20,25,27,33,38,41,47,49,51,54,67,71,74,76,77,80
1/22/20,03,08,17,22,24,28,31,34,37,42,44,46,47,57,60,61,63,64,65,71
1/21/20,02,03,15,19,36,37,39,43,44,47,48,50,52,60,61,63,64,71,76,79
1/20/20,02,03,05,09,10,11,15,25,27,30,31,32,40,41,48,55,59,70,73,76
1/19/20,03,07,08,09,11,12,14,15,16,21,30,33,39,40,44,55,59,67,74,75
1/18/20,01,04,13,14,15,16,19,32,35,38,42,48,49,54,69,72,74,75,78,80
1/17/20,03,12,14,19,20,21,26,34,39,44,48,53,58,60,61,62,63,66,69,72
1/16/20,03,05,07,08,13,15,17,19,20,25,28,31,46,49,50,55,59,60,64,74
1/15/20,01,03,10,19,20,21,26,27,29,38,40,42,43,48,50,69,70,71,76,79
1/14/20,01,05,07,13,24,28,30,32,45,48,51,59,62,63,64,65,71,76,77,78
1/13/20,01,02,15,17,20,21,23,24,25,31,37,42,45,51,57,59,67,69,72,79
1/12/20,02,05,07,08,13,19,23,29,31,34,36,39,47,49,50,56,65,71,76,78
1/11/20,01,08,09,11,22,25,26,28,30,31,36,37,39,49,50,55,72,75,77,80
1/10/20,08,13,14,18,25,31,32,38,41,44,46,51,52,54,61,65,66,74,77,79
1/9/20,02,04,06,17,21,23,24,33,40,42,47,50,53,59,64,66,67,72,78,80
1/8/20,05,09,11,20,23,24,27,28,30,36,43,47,49,56,59,61,64,72,75,76
1/7/20,03,04,06,10,15,23,25,29,32,33,34,48,57,61,62,63,74,76,77,80
1/6/20,01,05,06,12,13,18,20,32,40,46,47,49,53,54,56,58,60,61,66,71
1/5/20,06,07,16,19,20,24,25,28,33,36,45,48,51,53,57,61,66,68,69,72
1/4/20,01,07,08,09,12,15,22,23,26,32,38,47,52,55,63,67,71,74,77,78
1/3/20,03,04,08,17,19,22,23,30,33,38,41,44,51,55,63,64,66,68,73,77
1/2/20,04,08,14,20,21,23,27,29,33,35,36,37,42,50,52,55,57,63,69,73
1/1/20,06,09,10,13,15,22,37,42,43,48,55,56,57,58,62,66,72,75,76,78
12/31/19,01,06,07,11,12,13,24,27,29,30,31,44,48,49,50,56,57,62,72,78
12/30/19,05,06,07,15,16,23,24,27,30,32,34,36,37,56,58,60,61,62,71,73
12/29/19,02,10,11,14,20,22,30,32,34,37,42,48,49,54,55,59,64,72,79,80
12/28/19,01,02,03,07,19,28,31,32,36,40,45,46,49,54,58,63,64,65,74,79
12/27/19,13,15,17,18,34,38,39,42,44,45,46,51,55,58,61,64,69,70,78,80
12/26/19,04,08,12,18,21,26,34,40,41,44,45,46,60,61,62,73,75,78,79,80
12/25/19,01,11,12,15,21,22,27,33,34,35,36,37,46,53,63,65,68,71,73,79
12/24/19,08,09,11,12,19,20,27,28,36,44,45,46,50,54,55,62,67,69,71,76
12/23/19,08,09,11,16,22,23,24,40,42,46,50,54,60,64,65,70,74,75,76,77
12/22/19,04,08,16,17,20,29,34,39,40,42,46,47,48,49,51,54,56,59,70,78
12/21/19,12,15,18,22,23,27,30,34,44,45,49,56,57,58,60,64,72,76,78,80
12/20/19,03,04,05,08,15,17,26,27,29,30,33,41,53,59,60,61,63,65,67,74
12/19/19,15,16,17,23,25,29,31,38,40,41,48,51,52,53,57,58,70,75,79,80
12/18/19,05,08,15,16,17,21,24,25,26,27,29,30,38,46,55,60,63,71,77,79
12/17/19,02,08,09,13,22,23,24,25,29,30,32,45,46,49,50,53,57,59,68,74
12/16/19,01,05,12,14,19,23,24,34,35,36,40,41,43,49,53,64,68,69,72,78
12/15/19,02,12,16,18,20,23,24,27,29,34,38,40,41,43,48,64,66,69,73,79
12/14/19,02,08,09,17,20,24,38,43,48,49,51,53,58,61,65,71,75,77,78,80
12/13/19,11,12,17,19,20,25,32,38,41,45,48,49,50,53,62,66,68,76,79,80
12/12/19,03,05,06,07,14,35,43,53,54,56,59,60,61,62,66,67,72,74,75,76
12/11/19,02,04,15,19,20,25,26,27,30,31,34,45,51,52,54,56,57,63,75,77
12/10/19,01,02,03,05,09,11,13,19,23,25,34,42,44,52,56,59,66,68,72,75
12/9/19,04,07,09,13,16,18,20,27,28,34,36,39,40,46,52,58,64,65,73,76
12/8/19,03,04,15,24,25,26,28,29,36,41,42,53,57,58,65,67,68,69,74,75
12/7/19,02,03,04,09,11,16,19,26,29,32,40,49,51,54,58,61,66,70,72,80
12/6/19,01,06,09,10,13,16,24,27,39,40,46,50,51,61,62,65,70,76,78,80
12/5/19,06,10,11,20,29,31,45,46,52,57,58,61,62,63,68,74,76,77,78,80
12/4/19,01,02,07,08,15,16,36,38,48,49,53,57,58,59,63,64,66,67,73,80
12/3/19,02,10,11,12,15,17,19,22,27,32,33,41,45,57,58,59,60,64,70,80
12/2/19,03,04,06,15,17,18,21,23,30,36,41,42,49,51,53,60,61,70,74,75
12/1/19,07,11,13,14,15,18,22,29,30,35,36,42,44,51,53,68,75,76,78,79
11/30/19,04,12,18,21,23,25,33,38,40,43,45,50,51,53,60,63,72,73,75,76
11/29/19,03,06,08,11,19,23,29,30,31,34,36,46,49,50,51,53,55,60,64,80
11/28/19,02,03,13,14,16,17,19,31,40,44,49,51,52,53,60,63,64,69,74,79
11/27/19,09,12,14,15,22,24,29,31,39,42,52,53,62,65,68,71,73,74,79,80
11/26/19,02,08,15,18,20,22,29,33,35,38,40,44,50,54,56,57,63,68,77,78
11/25/19,05,06,16,18,19,31,35,36,37,42,47,49,62,63,64,66,67,69,70,77
11/24/19,01,03,07,13,20,21,26,30,31,33,36,53,54,59,61,64,68,69,70,80
11/23/19,03,04,05,17,21,27,30,32,42,44,50,51,56,60,64,66,68,69,78,79
11/22/19,05,06,20,21,22,26,31,35,36,41,51,55,60,63,71,72,73,77,78,79
11/21/19,11,12,16,18,19,20,23,24,32,33,34,35,42,45,58,63,66,69,70,78
11/20/19,05,14,15,19,21,26,28,29,32,34,38,44,51,56,60,65,70,72,77,79
11/19/19,01,04,05,11,13,14,18,23,25,32,33,34,39,41,48,57,64,65,75,78
11/18/19,01,06,19,23,24,30,31,34,42,45,46,51,53,54,55,58,67,68,77,78
11/17/19,03,08,11,13,21,26,27,32,37,45,47,48,54,56,58,60,62,64,66,70
11/16/19,13,15,16,17,22,24,25,28,31,32,33,38,41,42,43,48,53,55,77,79
11/15/19,06,10,18,19,21,23,24,35,38,39,40,47,48,49,57,60,63,71,77,80
11/14/19,05,06,08,11,12,15,17,21,22,28,29,32,34,35,38,40,45,46,72,79
11/13/19,01,03,04,07,18,25,29,30,31,32,40,41,45,58,62,64,72,73,79,80
11/12/19,12,15,16,18,22,25,30,34,36,39,58,60,63,64,65,67,68,69,72,80
11/11/19,02,05,11,16,19,20,21,33,36,37,39,44,49,55,57,59,66,68,75,79
11/10/19,02,08,09,21,22,28,32,33,39,40,45,46,48,51,54,55,57,59,75,78
11/9/19,01,03,04,08,12,13,22,26,29,30,33,39,50,51,53,61,67,72,74,80
11/8/19,04,05,07,13,17,21,22,24,31,33,37,40,44,48,52,58,64,67,70,73
11/7/19,03,09,12,13,16,30,32,37,38,44,53,54,59,60,65,67,69,74,76,78
11/6/19,04,09,10,12,13,17,35,36,37,38,42,43,48,49,55,57,60,68,71,75
11/5/19,01,04,05,09,11,16,20,25,32,36,37,38,41,43,59,61,62,68,70,71
11/4/19,06,08,09,17,24,25,27,33,40,41,48,51,53,59,61,62,69,74,77,78
11/3/19,04,06,08,09,12,13,24,26,27,28,31,39,46,47,49,57,61,66,67,73
11/2/19,01,04,05,06,12,13,14,23,29,30,44,45,52,61,64,65,68,71,76,79
11/1/19,02,04,16,18,21,23,25,28,29,31,37,39,45,47,51,59,63,67,68,70
10/31/19,04,05,08,09,16,18,20,26,38,43,51,56,59,60,62,63,68,73,79,80
10/30/19,03,05,06,08,19,24,27,30,32,33,45,46,47,49,51,57,64,66,76,80
10/29/19,02,03,08,09,13,14,21,24,25,26,29,30,48,49,53,54,64,65,74,76
10/28/19,03,05,06,07,08,15,18,19,22,28,31,37,41,49,53,55,57,61,62,63
10/27/19,03,05,07,15,16,18,19,21,22,23,25,34,38,40,46,57,63,68,73,78
10/26/19,02,07,12,15,19,20,37,42,43,51,52,58,61,64,65,66,71,74,75,78
10/25/19,05,10,11,12,15,25,29,31,32,35,36,39,48,56,57,61,63,68,73,80
10/24/19,01,02,03,14,17,20,21,31,35,39,42,56,62,63,69,70,72,75,78,79
10/23/19,03,07,10,14,15,18,24,25,27,28,31,34,38,47,56,57,68,72,74,80
10/22/19,11,14,24,26,27,30,36,40,44,45,46,54,57,58,61,67,72,76,77,79
10/21/19,02,06,07,16,24,34,36,38,39,40,41,43,45,51,57,58,61,66,67,79
10/20/19,01,10,15,18,19,20,23,24,25,26,28,30,32,33,53,56,60,64,70,72
10/19/19,01,03,05,06,07,35,36,38,42,51,53,59,62,63,69,71,75,76,77,78
10/18/19,02,10,16,17,19,21,31,33,37,39,42,44,46,47,52,54,55,67,71,77
10/17/19,03,05,08,09,13,20,30,31,41,44,47,48,51,58,59,62,65,68,72,77
10/16/19,01,03,08,16,25,26,33,34,37,43,50,52,58,61,63,64,67,69,71,78
10/15/19,08,10,11,22,23,28,29,31,36,37,50,51,53,55,56,61,67,72,75,80
10/14/19,02,08,19,26,28,30,33,47,48,54,56,58,61,62,63,68,69,70,72,78
10/13/19,03,07,10,12,15,17,21,26,28,37,43,50,57,58,60,68,70,71,74,75
10/12/19,02,04,05,09,12,13,23,29,33,34,37,52,56,60,63,70,71,76,79,80
10/11/19,01,02,04,08,15,16,18,27,33,35,38,44,46,50,55,57,65,70,73,76
10/10/19,10,12,20,21,23,24,31,32,33,34,37,38,48,49,52,53,58,65,71,79
10/9/19,05,06,09,11,24,27,29,30,35,39,44,47,51,52,59,64,69,71,73,76
10/8/19,09,10,14,15,22,23,24,27,33,36,37,52,57,59,64,71,72,74,75,77
10/7/19,06,08,09,13,14,20,23,24,25,27,31,35,37,38,45,46,56,58,61,67
10/6/19,09,10,14,28,31,33,35,43,46,51,60,61,62,63,68,70,76,78,79,80
10/5/19,07,17,23,28,29,30,34,37,45,46,49,50,56,63,66,68,71,75,79,80
10/4/19,12,20,23,27,36,38,41,44,46,48,49,53,55,56,58,60,67,71,75,77
10/3/19,06,08,09,14,15,17,24,25,32,34,38,43,45,46,48,50,58,59,64,77
10/2/19,05,07,09,13,14,16,21,26,30,33,37,52,57,58,61,64,66,68,72,74
10/1/19,11,17,18,25,26,28,30,31,33,41,42,48,49,53,54,55,57,77,79,80
9/30/19,02,03,09,25,27,34,37,39,40,45,48,57,59,61,62,63,65,67,73,80
9/29/19,02,05,06,07,11,20,22,25,26,28,32,41,45,46,53,62,68,72,74,76
9/28/19,01,09,11,22,23,24,25,26,31,32,34,36,40,46,47,48,62,65,68,72
9/27/19,02,05,07,08,10,11,16,19,24,33,35,37,41,48,49,55,63,69,75,78
9/26/19,06,07,11,18,22,28,30,34,36,38,45,46,47,51,58,64,65,76,77,78
9/25/19,01,08,13,16,19,25,26,28,37,39,41,51,54,55,59,66,67,68,74,75
9/24/19,06,09,10,14,18,20,24,33,44,48,56,61,62,64,67,70,71,75,76,79
9/23/19,04,05,08,12,19,25,26,28,33,42,48,49,52,56,57,66,68,73,74,75
9/22/19,09,12,19,24,26,32,33,40,41,42,50,52,55,58,63,66,68,69,72,76
9/21/19,01,02,05,07,08,10,12,17,18,21,23,24,27,30,36,55,56,60,61,63
9/20/19,04,09,14,15,19,20,25,26,32,41,42,49,53,58,61,63,67,69,73,78
9/19/19,02,03,06,13,15,17,23,25,28,29,31,36,37,47,49,50,53,56,68,80
9/18/19,02,05,16,18,19,20,32,38,40,43,44,47,48,54,64,65,67,68,75,78
9/17/19,02,05,06,19,22,27,33,35,38,40,41,51,53,56,63,64,69,70,72,77
9/16/19,05,11,15,16,28,30,45,49,50,52,53,57,59,65,67,70,72,74,77,78
9/15/19,09,10,12,13,20,21,22,24,27,43,47,51,52,59,60,61,62,65,69,80
9/14/19,02,07,09,10,11,13,17,29,33,35,37,38,42,47,50,54,59,69,72,76
9/13/19,02,04,11,15,21,25,30,40,44,45,53,60,63,66,68,69,70,71,72,74
9/12/19,01,10,12,15,26,28,38,47,51,53,61,63,65,69,70,71,72,75,78,80
9/11/19,01,05,07,13,15,19,28,30,33,34,36,43,53,54,58,66,68,71,76,78
9/10/19,14,18,21,29,30,36,39,41,45,49,51,57,58,61,68,71,74,75,76,80
9/9/19,08,09,11,26,33,37,40,41,46,50,52,54,55,57,64,65,71,72,74,75
9/8/19,04,10,15,19,24,26,27,28,32,33,37,51,53,54,60,62,66,67,70,75
9/7/19,04,05,10,12,17,19,27,28,30,32,41,45,51,54,57,63,69,75,77,79
9/6/19,03,04,06,09,14,17,20,27,32,34,35,36,44,52,54,56,66,69,78,80
9/5/19,02,05,07,10,14,15,16,17,18,21,25,30,32,37,41,47,53,55,58,68
9/4/19,08,11,18,20,22,26,28,32,34,37,42,43,47,55,56,62,63,67,70,73
9/3/19,10,11,14,17,24,30,31,35,37,38,45,52,55,58,59,65,67,68,70,71
9/2/19,02,11,18,22,37,39,42,49,57,59,61,62,65,67,71,73,76,77,78,80
9/1/19,05,06,08,09,11,13,14,15,21,25,41,47,52,53,55,72,73,74,76,77
8/31/19,05,06,08,12,15,20,21,22,24,26,29,30,35,37,47,50,57,65,75,76
8/30/19,06,10,11,16,18,26,27,28,41,45,48,51,53,56,58,62,63,67,71,79
8/29/19,02,03,04,05,06,08,09,11,12,20,34,36,37,38,47,53,61,64,67,80
8/28/19,01,07,09,10,18,19,22,23,25,34,39,41,47,52,55,56,66,71,77,79
8/27/19,05,11,12,17,18,39,41,47,51,53,55,56,58,62,71,74,75,76,79,80
8/26/19,01,07,18,21,22,27,28,29,34,36,41,42,47,48,49,55,68,70,78,79
8/25/19,05,06,09,10,11,24,27,30,35,43,49,51,60,63,65,66,72,75,77,78
8/23/19,11,12,21,23,32,33,34,37,40,43,46,53,55,57,60,61,62,63,67,77
8/22/19,08,11,13,14,17,19,20,23,27,36,43,44,50,52,55,59,68,72,73,76
8/21/19,12,17,21,24,27,30,36,39,40,43,47,54,58,59,61,64,66,70,74,79
8/20/19,03,04,13,19,27,28,30,32,36,37,44,50,55,64,66,70,74,75,77,79
8/19/19,03,04,11,16,18,21,24,28,32,41,43,57,58,59,61,64,68,70,71,79
8/18/19,03,07,12,14,20,23,35,36,38,39,45,47,49,51,52,53,56,59,67,74
8/17/19,09,11,12,16,19,25,31,33,36,38,39,40,42,43,49,50,59,61,67,73
8/16/19,06,08,09,14,16,17,18,20,23,25,42,47,51,55,56,58,59,67,72,76
8/15/19,02,04,07,11,14,17,22,28,31,32,34,39,42,45,57,58,60,61,74,77
8/14/19,01,10,13,20,33,38,42,43,49,50,51,52,54,60,64,66,70,75,79,80
8/13/19,07,08,13,17,19,20,23,24,25,27,28,30,31,37,39,41,46,57,61,63
8/12/19,01,04,05,10,19,22,24,26,27,31,34,48,50,57,60,65,66,72,76,80
8/11/19,01,02,09,10,11,16,18,19,26,38,43,45,50,54,57,65,66,69,73,79
8/10/19,01,10,12,13,15,17,18,19,21,24,29,30,33,41,46,55,57,63,64,68
8/9/19,05,12,16,22,25,27,32,34,38,39,43,45,51,58,61,66,68,72,73,78
8/8/19,09,13,17,21,23,35,37,40,44,46,55,56,58,59,63,69,71,72,75,76
8/7/19,01,04,09,16,20,24,25,26,40,41,44,59,60,64,68,69,71,73,76,77
8/6/19,08,13,18,20,26,27,33,37,39,45,48,50,56,59,61,67,69,70,74,79
8/5/19,03,05,08,09,14,20,26,27,34,36,37,41,42,48,55,56,59,60,67,79
8/4/19,01,10,12,13,18,21,22,24,32,36,40,50,54,56,57,58,61,63,67,70
8/3/19,01,03,04,17,18,21,27,30,35,40,46,51,59,62,65,68,69,75,77,80
8/2/19,01,04,05,07,08,11,14,18,32,37,42,44,45,50,53,56,67,68,73,76
8/1/19,02,05,06,08,12,14,24,26,27,31,36,38,43,44,46,53,54,62,64,80
7/31/19,03,06,14,15,16,17,25,33,38,42,43,49,52,54,62,63,67,69,76,79
7/30/19,02,12,13,17,18,22,28,29,32,38,48,50,54,57,59,68,69,71,72,80
7/29/19,08,19,27,33,35,42,43,45,49,53,55,56,61,62,68,69,70,71,73,79
7/28/19,10,11,12,13,20,31,33,37,38,41,42,45,50,52,56,58,59,68,76,79
7/27/19,01,03,09,10,16,19,20,21,24,26,29,32,35,50,52,54,56,72,77,78
7/26/19,02,11,30,32,33,35,37,39,40,42,47,52,56,57,60,62,63,68,72,80
7/25/19,03,08,09,21,23,25,32,33,35,38,40,44,48,50,53,58,60,63,75,78
7/24/19,01,11,14,18,25,30,36,39,43,44,45,46,47,48,57,60,61,69,77,78
7/23/19,02,06,12,16,24,35,38,44,46,55,56,57,60,61,62,66,67,68,74,80
7/22/19,03,04,05,09,24,29,30,31,33,38,41,44,48,50,62,64,70,74,75,79
7/21/19,03,15,20,21,22,23,24,25,29,32,37,41,45,49,51,57,59,61,70,71
7/20/19,01,04,11,12,14,21,27,29,30,38,40,42,43,50,51,58,68,69,78,80
7/19/19,11,12,14,16,17,23,24,31,39,49,53,57,58,60,61,63,68,76,77,79
7/18/19,02,03,08,13,14,19,29,31,33,40,43,45,53,54,58,60,61,62,75,78
7/17/19,02,05,08,11,14,17,20,22,23,26,32,36,43,52,53,62,68,70,72,73
7/16/19,01,02,05,08,09,12,25,40,41,42,47,56,59,60,66,67,71,77,79,80
7/15/19,01,04,13,18,20,23,27,37,42,45,47,50,57,61,63,64,66,75,76,78
7/14/19,01,03,06,07,11,12,16,19,21,23,27,30,40,50,55,65,70,71,73,78
7/13/19,06,08,10,13,15,24,25,30,34,48,49,54,59,64,65,68,70,73,78,80
7/12/19,01,06,16,17,19,24,36,37,38,46,50,51,52,53,63,65,66,69,71,77
7/11/19,05,06,11,17,18,25,28,30,35,42,44,51,58,60,63,64,71,72,76,78
7/10/19,07,10,14,18,23,31,32,35,40,48,52,56,61,62,68,74,76,77,78,80
7/9/19,02,03,05,11,13,15,25,26,33,38,39,41,43,51,56,68,69,76,78,80
7/8/19,09,14,16,20,23,30,35,36,38,41,47,53,55,57,62,63,65,67,72,73
7/7/19,03,05,06,09,10,23,27,31,37,44,53,54,56,58,60,61,67,68,70,78
7/6/19,03,08,13,17,18,22,33,34,35,40,43,44,45,53,58,61,66,67,69,76
7/5/19,01,03,06,11,14,18,24,30,33,44,45,48,51,58,63,65,68,69,71,74
7/4/19,01,02,08,10,17,18,22,26,27,29,34,37,39,44,53,60,62,67,74,75
7/3/19,03,07,14,16,17,22,24,26,27,30,33,37,41,45,53,59,65,74,76,80
7/2/19,14,21,22,27,29,44,50,53,54,56,57,60,63,65,66,70,71,76,77,80
7/1/19,02,04,17,18,22,26,27,30,31,36,43,44,49,62,64,65,71,78,79,80
6/30/19,08,09,13,14,16,17,25,28,30,34,38,40,51,52,57,66,67,69,70,77
6/29/19,07,09,21,25,29,36,41,44,45,46,49,52,53,60,62,65,69,70,77,79
6/28/19,03,11,18,21,26,28,31,32,35,36,46,50,52,54,56,58,59,63,67,73
6/27/19,01,03,05,09,11,12,13,14,27,32,39,42,43,58,59,60,61,62,74,79
6/26/19,01,06,09,13,18,23,26,27,29,30,33,36,40,41,58,63,65,67,73,76
6/25/19,01,10,19,20,24,25,36,38,40,43,45,52,53,55,63,64,66,67,74,76
6/24/19,13,14,19,22,23,35,37,39,41,44,46,47,48,50,52,56,57,61,64,80
6/23/19,06,09,15,20,32,34,36,41,46,47,50,51,52,53,55,60,64,66,74,77
6/22/19,03,04,06,10,11,12,13,15,23,27,32,37,41,45,47,54,60,65,68,72
6/21/19,02,05,18,20,21,26,29,32,33,38,39,40,44,45,60,65,66,69,74,75
6/20/19,01,02,03,04,33,35,39,43,46,47,51,52,56,60,62,69,72,74,78,79
6/19/19,07,09,10,14,17,26,31,34,37,40,42,44,47,50,52,53,73,75,76,80
6/18/19,01,03,04,07,08,12,14,22,32,37,39,44,49,59,60,64,71,74,75,79
6/17/19,02,03,04,07,18,21,22,30,31,32,35,39,43,44,49,52,67,69,74,76
6/16/19,01,02,04,09,16,24,26,29,30,36,38,41,48,49,54,56,59,70,71,72
6/15/19,01,06,08,14,24,27,33,39,40,46,49,51,52,54,59,62,63,69,72,75
6/14/19,10,18,19,20,24,25,26,28,30,31,33,36,39,44,46,47,60,62,65,72
6/13/19,18,21,22,25,28,30,32,33,34,37,40,41,42,47,51,56,59,69,71,80
6/12/19,05,08,09,16,31,34,36,37,39,40,50,53,54,57,62,68,71,72,75,78
6/11/19,07,10,11,14,18,21,35,37,40,42,51,53,55,59,70,71,72,76,79,80
6/10/19,11,12,14,15,17,19,24,31,39,40,46,48,51,53,54,57,65,67,77,79
6/9/19,01,12,17,19,23,28,35,36,37,38,45,48,54,61,64,66,67,72,74,75
6/8/19,02,07,14,15,18,20,24,26,29,33,35,44,52,57,61,63,72,75,78,80
6/7/19,02,08,13,15,16,18,24,25,28,33,37,40,45,49,52,55,66,68,78,79
6/6/19,02,05,07,08,11,13,14,20,26,29,37,43,47,58,63,64,65,75,79,80
6/5/19,01,02,03,14,19,26,27,35,40,46,47,51,53,54,58,72,73,74,78,79
6/4/19,05,06,07,10,11,15,16,18,23,24,27,36,37,43,44,46,53,60,64,76
6/3/19,01,10,18,22,28,32,41,44,49,57,59,60,61,63,64,67,69,71,75,78
6/2/19,03,17,18,22,27,32,38,40,45,50,57,59,61,64,69,71,73,76,77,79
6/1/19,06,10,16,29,33,35,36,46,48,49,50,51,53,55,61,63,67,75,77,80
5/31/19,06,07,11,17,23,25,33,34,36,37,39,45,46,47,48,56,63,65,68,74
5/30/19,04,05,08,14,18,19,20,23,25,28,36,43,44,53,56,59,61,68,70,72
5/29/19,13,15,17,18,27,28,30,36,44,45,53,57,60,65,68,73,75,77,78,79
5/28/19,02,06,13,16,23,26,27,29,38,39,40,41,50,54,59,69,70,71,73,75
5/27/19,05,12,13,18,30,34,37,39,41,44,45,50,56,58,60,71,76,78,79,80
5/26/19,01,04,09,12,17,20,24,25,32,33,40,41,45,50,52,64,66,70,77,80
5/25/19,01,04,10,28,30,34,35,38,46,51,52,53,55,57,59,60,64,65,72,78
5/24/19,13,15,18,26,27,35,39,42,47,51,54,60,61,64,65,66,69,78,79,80
5/23/19,01,05,14,18,20,23,27,31,32,34,38,40,42,45,51,60,61,63,74,75
5/22/19,06,08,13,15,16,17,19,20,27,33,34,50,51,53,54,60,64,68,73,78
5/21/19,03,04,05,06,12,15,22,26,30,32,36,38,40,43,46,68,70,71,74,78
5/20/19,07,09,16,20,24,30,32,35,37,38,40,44,59,60,62,64,66,72,75,76
5/19/19,20,24,26,28,30,33,35,39,40,42,43,47,49,50,51,53,57,59,72,74
5/18/19,05,06,07,09,11,16,19,21,23,30,36,39,52,61,64,65,68,70,71,77
5/17/19,01,03,06,17,18,21,34,38,40,45,51,54,57,60,61,71,73,75,77,80
5/16/19,02,06,10,12,13,14,23,30,33,38,42,44,46,49,51,57,61,62,65,77
5/15/19,10,11,24,27,29,40,41,43,48,51,55,57,59,69,70,71,75,78,79,80
5/14/19,01,07,15,17,21,23,27,30,38,41,42,43,44,45,50,51,54,73,74,79
5/13/19,02,10,13,16,17,23,24,25,27,29,30,35,47,53,57,62,63,64,75,78
5/12/19,06,12,15,16,17,20,28,29,32,35,41,44,47,48,51,52,59,64,76,79
5/11/19,04,06,07,10,16,18,22,24,25,40,42,45,48,51,52,56,59,67,71,78
5/10/19,11,12,15,17,19,24,25,30,31,32,33,37,38,43,54,58,60,61,69,77
5/9/19,01,15,17,18,23,24,25,30,41,45,52,57,58,60,62,67,68,73,75,77
5/8/19,01,03,06,08,14,15,23,25,28,30,34,47,53,54,55,57,63,72,75,80
5/7/19,06,07,08,09,10,12,26,28,30,31,33,46,47,48,68,70,73,74,78,79
5/6/19,12,23,24,26,28,30,32,33,35,41,43,45,54,56,58,59,67,69,75,80
5/5/19,03,04,06,14,18,19,21,23,24,29,30,45,46,47,49,57,63,66,68,80
5/4/19,14,17,21,22,23,24,32,35,37,39,40,41,49,61,62,63,68,69,71,78
5/3/19,05,09,10,14,17,19,30,31,32,35,40,42,45,53,59,60,67,69,77,80
5/2/19,02,05,09,13,17,20,21,23,24,29,31,39,42,44,45,56,57,64,72,78
5/1/19,06,13,16,18,21,26,27,34,41,44,47,53,55,62,63,69,75,76,79,80
4/30/19,01,08,13,16,21,25,29,30,37,43,44,45,46,52,61,66,68,69,70,79
4/29/19,04,07,08,12,17,20,21,23,29,33,35,37,42,47,50,59,63,64,67,73
4/28/19,01,04,05,07,10,16,18,28,30,31,43,46,48,55,62,64,65,69,76,79
4/27/19,01,02,09,10,12,15,16,21,30,41,44,45,58,59,62,68,69,70,71,76
4/26/19,03,06,07,10,12,13,19,24,27,31,33,40,43,46,48,70,75,76,77,80
4/25/19,09,10,12,20,27,29,33,36,42,43,44,46,51,52,54,55,62,63,66,75
4/24/19,02,03,04,06,07,08,10,19,23,32,34,38,44,50,51,54,58,64,70,71
4/23/19,03,04,07,11,12,15,18,25,26,27,29,30,32,37,40,43,44,63,73,76
4/22/19,01,02,06,15,20,25,39,41,43,56,57,58,59,61,64,66,68,70,74,80
4/21/19,03,15,19,20,21,23,28,29,32,36,46,47,51,52,53,61,63,65,70,74
4/20/19,01,08,09,10,13,14,17,19,20,24,31,32,35,46,60,61,62,64,65,80
4/19/19,01,05,06,07,14,18,29,33,34,36,37,46,48,51,52,54,59,61,62,75
4/18/19,12,14,15,18,23,26,30,33,43,51,52,53,54,62,63,64,69,71,72,74
4/17/19,02,04,05,09,14,21,24,27,31,34,41,42,44,53,56,58,66,70,72,73
4/16/19,05,07,14,17,20,27,41,42,45,46,49,53,55,57,58,64,65,69,73,79
4/15/19,02,04,07,11,12,15,25,31,32,33,37,40,43,51,57,68,71,75,78,80
4/14/19,03,04,09,10,13,15,22,25,26,29,36,45,58,59,63,67,71,74,75,80
4/13/19,04,05,06,09,15,18,19,21,32,34,44,48,53,56,61,65,69,70,72,75
4/12/19,04,06,08,26,27,28,29,31,43,46,48,49,57,60,63,69,71,72,76,80
4/11/19,01,02,04,09,14,15,21,26,28,33,36,38,42,46,52,59,67,68,74,79
4/10/19,06,08,10,17,18,27,33,38,39,43,46,47,51,53,54,58,62,65,71,74
4/9/19,03,13,14,23,29,33,34,41,45,50,55,57,61,64,67,68,72,74,76,80
4/8/19,05,06,11,17,26,29,30,33,35,41,43,46,55,63,65,66,68,71,74,78
4/7/19,03,04,06,09,14,39,41,42,45,46,50,53,56,58,59,60,65,69,72,80
4/6/19,04,08,15,16,17,20,28,29,30,32,39,47,49,52,53,54,56,59,77,80
4/5/19,12,14,18,27,30,32,33,34,39,44,45,48,55,56,64,65,68,70,71,79
4/4/19,01,04,08,11,18,19,22,23,25,30,32,44,62,66,67,68,70,75,76,80
4/3/19,04,08,17,19,32,35,38,41,42,46,50,55,62,63,64,65,69,71,72,74
4/2/19,02,04,08,14,16,21,29,31,41,45,51,53,57,58,61,67,71,74,78,79
4/1/19,02,05,11,12,14,18,21,25,30,32,34,35,43,45,46,47,55,56,62,70
3/31/19,04,13,24,25,30,33,37,38,43,45,48,50,51,57,60,61,64,72,76,77
3/30/19,05,07,10,14,23,26,29,32,37,39,43,46,50,53,58,60,67,70,75,79
3/29/19,02,05,12,13,16,20,22,25,30,32,41,52,53,54,64,65,70,72,75,76
3/28/19,01,04,08,12,17,29,30,35,36,37,39,40,49,50,55,61,66,67,68,74
3/27/19,01,02,07,15,20,21,25,36,38,40,42,46,50,51,52,63,64,68,74,80
3/26/19,01,04,06,07,15,19,24,25,28,35,42,43,47,49,50,57,62,63,71,77
3/25/19,08,09,13,19,20,27,32,38,39,45,59,60,61,63,70,71,73,76,77,78
3/24/19,04,10,12,18,22,26,27,35,36,43,44,45,47,49,52,63,71,73,75,79
3/23/19,01,09,12,16,27,32,35,37,38,40,41,49,53,55,57,65,72,74,76,78
3/22/19,03,09,16,22,24,27,36,44,45,47,48,51,52,57,60,61,62,67,71,80
3/21/19,02,07,10,11,21,29,30,31,32,40,43,47,60,65,67,68,71,73,74,76
3/20/19,02,06,10,11,17,22,29,30,32,35,36,47,51,54,56,57,60,68,78,79
3/19/19,03,09,11,13,22,23,25,35,40,41,44,45,49,51,54,59,61,65,68,78
3/18/19,02,08,10,16,17,30,35,36,43,51,53,56,62,64,67,71,73,75,76,78
3/17/19,18,26,33,34,35,36,40,41,43,44,45,49,50,53,58,59,62,69,73,78
3/16/19,01,06,07,08,16,28,29,31,32,34,43,45,46,53,54,57,59,69,70,72
3/15/19,02,04,07,12,15,24,34,36,44,51,52,53,59,61,62,63,64,65,71,80
3/14/19,06,09,22,23,24,35,36,39,47,56,57,58,60,61,66,67,68,73,74,80
3/13/19,01,04,07,17,24,26,33,35,37,39,45,47,50,55,56,60,63,69,71,72
3/12/19,05,09,16,18,19,37,39,42,45,55,57,60,61,62,67,69,70,72,75,80
3/11/19,03,04,06,10,11,12,18,22,24,37,40,41,48,54,58,60,67,68,75,76
3/10/19,01,02,03,05,15,24,37,45,47,49,54,56,57,60,61,65,66,70,71,73
3/9/19,09,13,16,19,20,26,28,30,33,43,45,46,47,53,55,61,62,66,67,76
3/8/19,01,02,03,09,11,18,20,23,26,29,33,40,52,55,59,60,68,69,78,80
3/7/19,02,07,12,13,19,23,26,28,33,36,48,56,59,63,65,70,71,75,78,79
3/6/19,23,24,29,36,38,45,46,49,50,51,54,57,58,59,60,66,68,70,71,72
3/5/19,05,08,15,18,22,27,28,31,32,35,41,46,49,54,55,56,63,64,68,72
3/4/19,02,04,12,18,22,23,28,29,32,35,49,50,52,54,56,59,63,65,67,72
3/3/19,05,06,09,12,19,22,44,45,48,50,53,54,56,62,65,71,73,75,77,80
3/2/19,05,09,14,23,25,36,43,45,47,49,54,55,59,66,68,69,73,75,77,78
3/1/19,01,02,03,06,07,09,21,28,30,39,41,47,49,51,57,58,65,70,72,74
2/28/19,06,12,13,17,18,22,23,33,37,38,42,43,46,53,58,62,65,67,69,71
2/27/19,01,02,22,24,26,31,44,45,46,48,55,56,57,58,59,60,62,73,74,77
2/26/19,03,13,14,20,25,27,29,30,32,35,38,45,49,55,56,57,64,71,73,79
2/25/19,07,18,19,20,21,26,27,28,34,36,43,52,55,60,67,69,70,74,77,80
2/24/19,02,03,05,08,11,25,33,35,37,43,46,47,52,57,58,67,69,70,71,75
2/23/19,03,08,12,22,28,34,35,36,39,40,41,42,49,53,55,63,68,70,72,77
2/22/19,18,19,20,21,23,24,31,35,36,37,39,46,48,52,55,59,70,74,77,79
2/21/19,11,13,22,23,24,26,33,36,37,42,45,54,56,57,58,60,63,69,75,76
2/20/19,01,02,03,07,13,14,19,25,33,36,40,42,48,49,52,53,64,71,79,80
2/19/19,05,07,09,17,22,33,35,36,39,40,41,44,46,51,57,61,71,72,73,74
2/18/19,01,05,08,10,12,13,14,16,20,22,24,42,49,52,57,61,65,69,70,76
2/17/19,08,10,13,14,16,17,20,22,26,30,32,33,37,47,48,71,72,73,74,77
2/16/19,02,11,14,19,24,26,28,32,42,44,48,52,54,61,63,65,68,74,76,77
2/15/19,03,11,22,32,35,37,40,41,42,49,51,52,55,58,59,68,73,74,75,79
2/14/19,03,04,07,09,11,20,22,24,29,32,35,36,44,45,52,55,59,67,68,69
2/13/19,08,15,16,17,21,28,36,44,45,46,50,53,54,56,58,65,66,72,76,79
2/12/19,10,13,16,19,24,29,32,40,41,45,46,47,49,55,58,61,65,69,70,79
2/11/19,02,09,12,13,18,20,27,29,34,35,40,45,50,52,57,58,61,68,74,76
2/10/19,01,07,12,19,23,26,30,31,34,35,41,45,47,48,49,51,65,77,78,79
2/9/19,01,02,03,06,07,12,21,27,35,39,46,50,51,55,59,60,62,63,76,77
2/8/19,02,08,10,13,16,17,19,20,36,43,44,45,51,55,56,60,65,67,69,75
2/7/19,01,07,19,29,30,31,32,35,36,45,53,54,57,68,70,73,74,75,76,79
2/6/19,02,03,07,23,25,28,30,37,38,40,43,44,51,60,64,67,69,71,72,74
2/5/19,03,04,13,17,18,25,36,42,43,48,49,50,54,56,58,60,64,66,74,78
2/4/19,01,02,05,08,09,10,12,13,19,21,23,27,28,40,42,44,48,53,68,78
2/3/19,11,12,21,22,23,25,29,31,35,39,45,47,48,56,57,61,66,70,79,80
2/2/19,01,03,07,10,15,17,26,30,32,38,48,52,53,54,61,62,65,70,73,77
2/1/19,01,02,03,04,11,12,13,22,24,26,49,51,54,55,59,60,65,69,76,80
1/31/19,12,17,19,27,31,33,36,38,41,42,44,46,47,58,61,64,67,71,79,80
1/30/19,03,07,11,13,20,23,35,37,40,44,48,50,52,56,57,60,63,69,72,75
1/29/19,03,06,08,15,17,21,23,24,26,32,50,51,52,58,62,64,65,70,75,76
1/28/19,02,09,11,12,16,22,24,25,33,34,46,49,56,59,64,70,71,74,76,80
1/27/19,16,18,19,20,25,26,27,28,32,41,44,51,52,56,58,64,67,68,75,79
1/26/19,01,05,07,12,16,18,19,29,34,39,43,44,46,49,52,57,70,71,72,74
1/25/19,03,08,14,18,26,27,33,35,44,46,52,58,60,61,63,68,70,74,75,79
1/24/19,02,08,22,24,27,29,30,32,34,38,45,46,52,55,59,62,64,66,73,77
1/23/19,05,06,09,10,15,17,20,21,22,25,32,35,38,43,52,62,65,67,78,80
1/22/19,03,04,11,13,14,16,17,21,22,36,38,39,43,44,46,47,51,61,66,70
1/21/19,04,06,07,14,16,18,23,27,28,32,33,44,45,49,59,62,65,69,76,80
1/20/19,04,06,07,09,15,16,17,19,27,34,36,41,43,46,52,60,69,70,73,74
1/19/19,13,14,20,28,30,34,39,41,44,46,47,48,51,54,63,70,72,78,79,80
1/18/19,03,07,11,13,16,26,33,35,43,49,52,53,58,61,62,64,66,69,73,77
1/17/19,01,03,06,09,10,12,21,25,27,34,38,43,46,47,51,55,60,62,78,80
1/16/19,05,08,09,14,15,16,17,21,26,28,34,35,49,62,63,64,71,72,76,77
1/15/19,01,02,03,11,14,23,29,40,41,42,43,47,48,57,59,62,63,70,73,75
1/14/19,08,15,16,22,24,25,31,37,41,53,55,62,63,64,69,73,74,75,77,80
1/13/19,02,08,09,17,20,21,30,34,37,41,45,53,54,55,56,64,71,76,77,80
1/12/19,04,05,11,15,28,37,38,42,44,45,48,52,57,59,62,67,68,72,78,80
1/11/19,03,04,08,10,12,14,15,17,28,29,30,54,55,56,59,61,65,67,71,78
1/10/19,14,16,26,28,29,35,36,39,40,42,44,45,49,57,58,61,64,66,70,79
1/9/19,07,08,09,12,16,17,24,26,33,34,37,38,40,43,48,57,70,71,73,78
1/8/19,06,11,19,21,22,28,30,31,38,40,46,47,52,53,59,65,71,75,77,80
1/7/19,05,08,12,13,19,20,25,26,27,31,33,38,43,52,60,63,64,67,74,76
1/6/19,01,04,08,13,15,31,33,36,42,47,52,53,57,58,62,68,70,75,78,80
1/5/19,02,03,05,07,20,23,27,28,32,34,37,44,48,49,53,57,66,69,74,78
1/4/19,03,06,09,11,19,32,38,39,40,41,46,47,52,55,59,65,66,73,75,77
1/3/19,02,10,12,27,30,31,34,36,47,49,50,52,56,59,62,65,66,69,79,80
1/2/19,02,03,06,10,14,16,25,26,52,53,54,56,62,65,70,71,74,77,79,80
1/1/19,04,06,10,11,12,20,26,27,32,33,44,50,59,63,68,71,72,76,77,79
12/31/18,10,19,20,21,27,29,37,40,49,55,59,62,65,68,70,71,75,76,77,79
12/30/18,01,08,09,12,13,15,37,41,42,45,46,49,50,52,56,59,63,75,77,80
12/29/18,01,04,09,11,15,18,20,23,24,41,43,45,46,48,55,56,59,63,65,78
12/28/18,01,04,05,09,15,16,19,20,23,24,27,29,32,37,46,51,66,69,75,77
12/27/18,02,16,19,21,22,23,26,28,31,33,36,42,43,51,54,55,63,66,72,77
12/26/18,01,03,06,09,10,14,28,35,38,42,43,52,53,54,57,60,64,70,75,80
12/25/18,06,08,12,15,18,21,30,31,34,38,50,51,55,59,63,69,70,71,75,79
12/24/18,09,13,20,21,30,32,33,36,43,47,52,53,57,59,61,67,69,73,75,80
12/23/18,09,10,18,22,23,29,32,36,37,43,45,46,50,59,61,63,65,68,75,79
12/22/18,08,11,15,18,20,21,25,29,36,38,39,42,47,49,56,59,63,72,77,78
12/21/18,01,05,07,08,16,18,26,27,38,42,48,49,51,52,53,55,57,60,72,80
12/20/18,01,05,11,17,19,22,31,34,41,42,49,50,54,61,64,65,74,76,77,80
12/19/18,14,16,17,19,31,36,39,41,43,49,50,51,57,58,61,68,70,77,78,79
12/18/18,02,05,07,09,12,16,19,24,27,30,32,37,45,47,52,57,60,63,74,79
12/17/18,07,15,17,19,28,31,32,34,37,40,42,43,54,59,60,61,65,68,70,78
12/16/18,03,04,07,08,10,12,23,27,31,38,40,41,44,45,52,55,62,65,67,79
12/15/18,04,06,09,14,19,23,24,26,33,34,36,37,45,48,52,68,70,74,75,78
12/14/18,03,07,16,18,19,21,26,27,30,33,45,48,50,53,57,61,62,67,76,79
12/13/18,05,12,13,15,17,23,28,40,44,51,56,59,61,62,64,69,74,76,77,78
12/12/18,04,10,12,17,21,30,34,42,45,47,49,50,51,57,60,64,65,67,76,77
12/11/18,01,04,06,07,13,20,25,40,47,50,52,59,61,62,67,69,70,71,73,77
12/10/18,02,04,12,23,27,28,29,30,31,33,35,40,41,44,45,48,61,64,74,79
12/9/18,06,08,10,12,13,15,19,26,32,48,50,52,55,58,60,64,66,69,76,79
12/8/18,04,12,13,14,20,25,26,34,36,41,42,49,53,54,59,63,67,69,70,74
12/7/18,07,10,18,21,29,31,35,37,38,41,53,56,57,59,64,66,69,73,76,80
12/6/18,09,11,15,16,19,29,30,34,37,44,50,53,55,60,61,62,73,78,79,80
12/5/18,03,06,15,16,22,24,26,28,34,38,41,42,44,45,49,54,60,67,74,80
12/4/18,01,09,11,16,20,25,27,31,40,44,52,54,58,61,67,68,69,70,73,77
12/3/18,10,13,14,15,16,21,22,23,31,38,45,49,51,53,59,62,63,66,74,77
12/2/18,03,05,08,09,13,27,29,31,36,39,43,54,56,57,64,68,69,72,76,80
12/1/18,05,09,10,14,16,17,19,21,23,25,28,33,42,59,61,63,69,71,72,77
11/30/18,06,13,14,16,23,30,31,32,36,38,43,44,50,51,53,62,63,69,71,79
11/29/18,04,05,11,12,19,21,23,33,34,36,51,52,55,58,61,62,64,70,72,73
11/28/18,01,02,04,08,09,15,18,19,21,24,26,29,34,38,42,43,45,61,62,79
11/27/18,03,05,20,21,27,30,32,37,42,46,48,50,51,56,60,66,68,69,72,79
11/26/18,02,12,13,23,34,35,40,41,44,45,46,49,51,52,53,62,66,73,74,75
11/25/18,01,03,06,08,10,11,15,27,35,37,39,42,46,47,50,58,59,74,77,80
11/24/18,09,12,13,16,19,24,28,29,33,34,36,39,48,54,63,68,69,71,76,79
11/23/18,01,02,04,08,09,19,20,23,25,28,34,38,40,42,46,51,52,55,65,80
11/22/18,02,07,10,12,14,18,23,24,26,35,43,47,50,59,60,62,67,71,74,79
11/21/18,02,03,04,06,07,08,11,15,19,22,26,29,32,41,43,46,48,52,56,74
11/20/18,04,08,12,15,18,19,21,29,33,36,37,38,39,47,56,63,64,69,70,73
11/19/18,01,09,12,13,16,22,31,32,38,40,42,43,45,46,51,54,60,63,70,75
11/18/18,17,21,22,25,30,31,36,40,43,46,48,52,54,60,62,63,64,67,70,78
11/17/18,02,08,15,17,20,24,29,31,32,34,37,39,44,53,56,57,63,65,67,69
11/16/18,01,08,09,12,14,19,25,26,38,42,43,46,49,52,57,62,68,69,78,80
11/15/18,01,05,15,16,22,24,25,26,30,32,33,35,39,47,61,63,64,67,73,77
11/14/18,09,15,17,20,22,26,28,29,41,51,55,56,58,61,65,67,68,70,71,72
11/13/18,02,05,10,13,18,19,26,33,41,43,45,46,47,52,54,61,71,77,79,80
11/12/18,01,06,07,08,09,13,14,27,29,30,32,35,39,50,55,57,58,70,74,76
11/11/18,06,15,23,29,33,36,37,40,48,50,53,56,61,62,63,66,67,69,71,80
11/10/18,02,04,08,10,14,21,22,28,33,45,47,50,51,53,59,63,70,74,77,79
11/9/18,17,19,27,29,41,42,49,54,58,60,61,62,63,64,65,66,69,70,75,77
11/8/18,01,09,11,12,18,26,34,38,39,40,42,43,47,53,59,60,64,66,69,74
11/7/18,05,10,13,19,22,23,24,30,31,32,33,37,39,41,44,47,53,57,72,77
11/6/18,01,04,05,07,09,23,24,25,26,27,29,31,41,46,51,54,57,59,72,78
11/5/18,02,06,09,13,19,24,26,28,37,38,51,52,55,57,62,63,71,73,75,77
11/4/18,06,07,09,14,16,24,25,26,39,50,52,55,59,60,61,65,66,69,76,78
11/3/18,01,06,08,09,13,21,23,28,29,33,40,41,42,45,46,50,64,69,73,80
11/2/18,11,14,21,24,26,27,28,29,33,37,42,46,49,52,59,60,66,67,77,79
11/1/18,01,08,09,20,23,24,29,30,32,39,40,42,46,47,54,58,68,77,78,80
10/31/18,04,08,09,17,25,26,30,32,35,37,39,43,46,53,56,64,67,69,77,78
10/30/18,01,04,08,09,12,16,22,25,28,31,39,43,48,53,55,58,64,72,75,77
10/29/18,01,13,22,31,35,41,42,43,45,50,52,55,60,63,68,69,70,74,79,80
10/28/18,03,05,06,15,16,17,21,22,32,36,37,44,45,49,55,63,66,71,72,74
10/27/18,05,08,10,11,12,13,22,24,30,31,35,38,41,46,48,56,59,65,70,72
10/26/18,02,03,06,08,09,11,12,14,22,39,42,50,52,67,72,74,76,77,78,79
10/25/18,04,08,17,20,23,34,35,37,41,42,43,50,55,57,60,61,63,67,72,80
10/24/18,02,09,14,15,16,17,20,26,29,32,39,46,49,52,58,61,69,72,73,77
10/23/18,01,06,08,17,19,21,22,26,31,38,41,42,59,63,65,66,68,74,77,78
10/22/18,03,04,09,12,14,36,40,44,45,47,53,54,62,64,69,73,74,75,76,77
10/21/18,02,04,12,14,15,18,25,27,30,31,40,42,45,46,49,53,55,69,73,77
10/20/18,06,08,09,10,16,20,21,25,36,39,43,49,58,61,66,72,74,76,77,79
10/19/18,03,06,11,12,15,20,34,38,43,45,49,57,60,63,65,66,68,69,76,80
10/18/18,03,04,05,11,17,23,24,30,33,37,38,39,43,49,50,53,62,70,73,77
10/17/18,03,11,13,18,23,24,30,32,33,35,36,41,43,47,51,53,63,64,76,79
10/16/18,02,04,06,11,21,24,26,31,36,37,46,57,59,62,65,66,67,69,71,76
10/15/18,04,13,14,18,19,25,30,36,44,47,59,60,61,64,69,70,71,74,78,79
10/14/18,04,05,18,22,23,24,45,47,50,51,57,58,59,66,69,71,74,77,78,79
10/13/18,01,03,05,06,09,10,11,12,25,34,35,38,49,52,59,61,64,70,71,80
10/12/18,03,04,08,14,15,18,19,28,31,33,38,41,42,43,47,50,53,59,65,75
10/11/18,07,13,15,18,26,28,32,34,38,42,49,50,51,56,58,59,65,72,79,80
10/10/18,02,04,06,07,14,15,23,30,31,33,38,45,48,49,51,53,54,55,56,69
10/9/18,02,06,07,10,11,17,20,29,31,34,38,40,41,42,43,53,57,59,62,73
10/8/18,03,09,14,16,23,29,34,44,45,48,50,51,54,59,61,69,72,75,76,80
10/7/18,01,08,11,14,18,24,26,28,43,51,54,57,61,63,68,71,72,75,78,80
10/6/18,01,02,18,20,22,27,30,46,47,50,52,56,59,60,65,67,69,70,75,76
10/5/18,03,06,07,08,12,14,22,29,31,32,35,38,40,42,43,48,54,56,58,76
10/4/18,01,07,09,14,19,21,30,32,33,35,37,39,41,48,52,54,66,69,71,73
10/3/18,06,12,14,16,19,23,31,32,45,46,51,52,55,61,66,70,72,74,75,80
10/2/18,02,03,04,07,09,16,36,38,39,46,47,49,52,54,66,70,72,73,76,79
10/1/18,01,03,05,11,16,18,21,29,30,35,37,47,57,59,63,67,68,72,73,75
9/30/18,12,13,15,16,20,22,26,31,33,38,41,45,58,61,62,63,67,68,70,76
9/29/18,05,08,09,15,16,22,26,31,35,36,37,52,53,61,67,69,70,75,77,78
9/28/18,06,12,13,16,22,26,28,31,42,45,53,57,58,61,65,66,68,77,78,79
9/27/18,04,07,11,14,30,35,36,37,41,44,57,58,61,62,64,69,71,72,77,78
9/26/18,02,05,07,08,09,14,22,23,24,25,30,35,41,47,54,58,64,65,76,78
9/25/18,02,09,10,21,28,31,32,34,35,36,40,44,45,52,53,54,60,63,68,71
9/24/18,01,02,03,07,09,10,11,28,32,33,41,42,44,49,50,54,67,77,78,80
9/23/18,05,17,20,21,22,34,36,43,46,50,53,54,59,62,63,67,70,73,78,80
9/22/18,04,06,08,09,15,19,21,23,33,37,41,43,45,47,60,62,71,73,78,79
9/21/18,03,06,14,20,21,37,41,45,46,53,54,55,56,60,63,67,71,72,76,80
9/20/18,03,08,13,24,26,29,32,34,36,39,40,43,44,47,48,55,62,67,68,79
9/19/18,01,04,07,08,11,15,18,27,28,34,42,43,45,54,57,59,60,63,66,68
9/18/18,01,09,12,25,26,28,29,30,31,35,44,45,49,54,62,63,67,74,79,80
9/17/18,17,18,21,25,27,36,38,46,47,48,53,54,55,60,63,65,66,72,75,78
9/16/18,07,10,16,19,24,27,29,32,33,35,40,49,53,54,58,60,61,71,72,75
9/15/18,02,06,07,08,15,25,27,34,42,45,46,47,51,54,55,64,65,66,76,79
9/14/18,04,18,19,27,31,35,37,38,42,43,47,48,50,52,54,60,64,68,74,78
9/13/18,01,03,07,09,13,17,20,24,29,31,33,39,45,46,47,59,63,64,67,74
9/12/18,02,03,04,05,12,15,19,20,31,37,38,39,42,43,44,49,57,62,67,77
9/11/18,02,09,20,22,25,29,35,36,39,40,50,51,66,67,68,69,71,77,79,80
9/10/18,05,06,13,15,20,25,26,30,38,43,45,51,55,56,67,69,72,74,76,77
9/9/18,08,09,14,20,21,25,27,30,35,37,38,42,47,50,54,62,64,65,66,68
9/8/18,08,09,13,14,23,25,26,28,35,39,41,43,46,49,51,54,57,62,67,80
9/7/18,02,08,09,11,25,27,32,43,44,48,50,56,57,58,62,64,65,67,71,79
9/6/18,01,03,09,14,16,18,20,26,32,34,37,48,54,58,61,62,63,75,77,79
9/5/18,02,14,15,26,27,28,30,34,35,36,41,43,45,50,53,55,60,66,69,72
9/4/18,03,05,06,08,18,20,24,27,34,36,38,55,62,63,67,69,70,71,72,80
9/3/18,05,08,12,20,23,24,25,29,30,37,47,48,52,56,59,65,70,72,76,79
9/2/18,04,08,09,11,13,18,20,24,26,31,39,40,50,53,55,60,67,70,72,78
9/1/18,03,05,09,13,15,23,24,27,28,33,42,46,47,50,56,60,61,65,72,79
8/31/18,14,18,21,23,32,36,38,40,44,45,48,51,58,59,60,62,65,67,76,79
8/30/18,01,03,04,05,07,09,10,11,35,38,39,41,45,46,47,57,59,67,71,79
8/29/18,09,13,19,21,24,29,30,36,37,39,42,44,47,55,60,62,67,68,69,80
8/28/18,01,05,09,12,20,21,22,30,32,33,47,48,52,54,56,63,66,67,69,76
8/27/18,06,08,09,14,17,18,22,23,28,41,50,51,59,60,61,63,65,73,77,78
8/26/18,04,05,08,09,10,14,15,20,27,31,41,47,51,55,61,66,68,77,78,80
8/25/18,06,08,13,15,20,22,23,33,34,36,37,45,47,52,55,63,64,66,72,75
8/24/18,01,02,03,06,10,13,25,26,32,34,38,39,40,52,57,59,60,64,69,80
8/23/18,02,03,06,07,08,09,30,32,37,43,45,47,50,54,57,58,73,74,76,78
8/22/18,02,09,11,12,13,14,19,23,27,33,40,42,49,52,56,57,59,65,73,74
8/21/18,02,04,05,11,13,15,16,20,21,22,23,24,25,35,37,39,41,66,70,71
8/20/18,07,09,24,31,33,36,37,40,42,46,51,56,57,60,62,66,73,75,77,80
8/19/18,01,04,06,15,24,27,31,34,41,48,52,58,59,63,65,68,73,74,75,78
8/18/18,08,12,13,16,28,33,34,37,38,42,45,49,55,56,67,70,71,72,77,78
8/17/18,05,06,07,09,10,17,24,25,29,33,34,36,43,50,53,62,65,66,75,78
8/16/18,03,04,07,08,09,20,24,28,32,36,40,44,45,47,52,58,61,65,72,77
8/15/18,08,09,18,19,21,25,29,31,35,42,43,47,50,51,57,61,62,66,75,76
8/14/18,03,15,21,23,30,31,32,41,50,51,52,55,66,68,72,73,74,75,76,77
8/13/18,03,07,08,09,12,19,22,28,30,31,33,37,41,43,44,46,49,63,64,79
8/12/18,01,06,07,09,15,18,22,31,34,40,41,53,61,65,70,73,75,76,77,79
8/11/18,01,02,03,08,13,17,19,23,27,28,33,50,52,53,55,56,59,60,65,76
8/10/18,03,05,14,16,22,24,29,30,34,36,40,41,53,55,64,66,70,71,74,75
8/9/18,01,03,04,08,39,41,42,47,52,57,59,60,61,65,67,69,70,72,73,79
8/8/18,07,15,17,20,21,22,23,25,26,32,35,41,42,45,47,52,56,58,69,73
8/7/18,02,03,10,16,17,19,22,23,25,26,36,37,49,50,53,54,56,61,68,73
8/6/18,01,09,10,13,18,22,26,32,36,38,39,40,44,45,49,60,63,65,68,76
8/5/18,05,09,21,26,31,32,36,39,41,42,46,50,53,60,62,64,65,72,75,78
8/4/18,02,04,05,08,18,22,23,28,33,35,38,45,48,49,52,58,61,62,65,68
8/3/18,02,05,06,10,16,24,30,41,43,44,48,52,56,57,60,64,69,72,74,78
8/2/18,11,17,22,23,24,25,28,30,31,32,33,39,41,45,50,53,66,74,75,76
8/1/18,02,03,05,07,12,27,28,31,33,45,46,54,56,61,63,66,67,73,75,76
7/31/18,12,14,16,19,25,26,31,34,40,42,44,47,49,60,64,65,68,71,76,80
7/30/18,02,06,07,09,16,18,19,23,30,36,43,45,60,61,62,65,67,70,73,75
7/29/18,02,06,09,13,14,16,17,20,23,37,43,44,54,55,56,59,64,67,71,80
7/28/18,03,04,07,09,12,13,16,17,20,22,27,33,38,52,58,59,62,63,66,69
7/27/18,01,06,09,13,18,22,23,28,36,37,39,42,57,61,64,65,68,74,75,79
7/26/18,07,14,19,24,27,32,37,39,40,49,57,61,65,68,71,72,73,74,76,80
7/25/18,03,04,05,06,07,09,11,16,17,23,37,40,43,53,58,62,63,66,67,72
7/24/18,05,06,09,17,18,19,23,29,30,31,39,46,56,58,62,66,73,75,77,80
7/23/18,03,12,14,15,20,23,25,29,33,34,41,57,59,66,67,69,71,74,77,78
7/22/18,02,03,04,08,11,14,17,18,24,26,27,30,35,36,48,60,62,67,74,77
7/21/18,08,12,16,20,22,28,37,38,39,42,44,48,58,63,64,67,71,72,79,80
7/20/18,03,04,08,10,14,15,17,25,27,31,33,36,37,45,50,51,59,65,69,72
7/19/18,04,08,12,17,22,31,34,36,45,49,50,51,54,59,64,65,67,70,72,80
7/18/18,02,18,20,25,27,30,31,33,35,36,44,47,52,53,62,63,67,72,73,75
7/17/18,01,07,15,16,18,22,23,34,38,39,46,49,52,53,58,63,64,68,70,75
7/16/18,03,05,18,31,37,39,40,42,46,47,48,51,55,56,57,61,67,68,69,70
7/15/18,01,09,19,28,32,35,38,42,44,47,48,55,58,59,62,63,64,73,75,78
7/14/18,03,09,16,24,26,30,31,33,38,46,51,57,59,61,62,72,75,77,78,79
7/13/18,01,06,08,17,20,26,35,39,52,53,56,58,59,65,66,68,72,73,74,78
7/12/18,02,05,06,18,19,20,24,27,28,29,31,40,42,46,49,52,60,64,69,76
7/11/18,01,02,03,10,11,15,18,20,21,22,23,39,47,50,52,55,72,73,76,80
7/10/18,02,04,08,15,21,22,38,39,41,42,43,45,46,54,59,65,66,68,76,78
7/9/18,04,08,11,17,21,22,23,25,29,31,35,43,44,50,59,60,61,65,69,79
7/8/18,04,09,17,26,27,28,30,40,47,48,50,51,53,55,63,72,73,75,79,80
7/7/18,05,06,08,12,22,25,31,33,36,40,42,48,50,51,57,62,64,75,76,79
7/6/18,02,06,09,10,13,17,27,30,33,38,42,43,48,52,56,59,61,64,71,77
7/5/18,06,17,26,29,31,33,34,35,37,40,41,43,44,49,51,52,55,59,66,75
7/4/18,01,02,05,10,11,12,15,17,19,20,23,29,30,37,39,42,44,56,65,73
7/3/18,03,06,07,09,14,27,28,29,31,32,36,42,44,50,53,56,59,67,71,79
7/2/18,05,07,13,14,21,23,28,34,42,43,45,46,49,54,57,63,65,71,72,80
7/1/18,03,04,10,12,14,15,19,20,21,24,28,40,44,48,53,61,62,67,68,70
6/30/18,02,03,05,06,07,10,16,18,20,29,36,37,38,41,42,48,57,59,68,71
6/29/18,03,06,08,09,11,12,26,31,36,38,46,56,57,59,67,71,72,73,75,76
6/28/18,11,17,18,23,29,32,36,38,41,43,44,46,47,49,53,56,62,70,75,80
6/27/18,03,05,09,11,13,25,28,33,34,36,41,45,47,51,53,54,59,64,65,77
6/26/18,02,10,27,28,29,30,35,39,40,45,50,54,57,58,59,67,72,74,75,77
6/25/18,01,06,12,18,19,34,36,42,45,51,52,56,57,62,65,66,71,76,78,79
6/24/18,02,04,07,09,10,18,20,26,27,34,39,50,51,55,59,64,68,74,76,77
6/23/18,03,09,16,20,32,34,36,41,43,44,45,46,51,53,57,60,62,67,71,76
6/22/18,01,03,08,09,10,18,20,23,24,27,31,33,35,38,47,57,59,60,65,75
6/21/18,05,13,16,18,21,27,32,36,37,43,44,46,47,49,59,63,64,66,73,80
6/20/18,02,09,12,16,17,18,23,26,27,29,38,39,47,56,61,65,67,77,78,80
6/19/18,03,04,05,14,15,16,19,20,21,22,28,30,31,37,38,45,52,58,60,65
6/18/18,01,02,05,06,09,10,15,19,36,39,50,57,59,60,64,68,69,70,75,77
6/17/18,06,07,10,14,17,19,23,31,35,38,43,47,50,58,59,62,64,67,72,73
6/16/18,05,13,19,20,26,35,40,42,43,51,56,57,62,70,71,73,74,76,78,80
6/15/18,06,11,13,15,16,20,24,25,27,31,34,40,50,53,58,59,66,67,75,77
6/14/18,03,08,19,20,26,28,33,49,54,55,58,60,61,64,69,74,75,76,77,80
6/13/18,01,04,05,10,12,14,15,17,18,22,37,42,43,46,57,58,61,67,74,76
6/12/18,04,06,09,22,23,29,31,39,42,43,45,50,52,58,62,63,64,68,72,75
6/11/18,03,15,17,19,27,32,34,37,40,43,44,47,48,49,55,61,63,69,72,73
6/10/18,02,03,04,06,21,23,26,28,31,40,43,44,49,53,56,58,61,67,70,80
6/9/18,02,11,19,23,24,26,28,29,36,37,39,52,55,57,58,59,70,72,77,80
6/8/18,06,10,14,22,27,34,35,41,47,49,52,54,56,57,60,63,71,76,77,80
6/7/18,03,07,09,12,21,25,46,50,51,52,54,56,61,63,64,67,75,76,79,80
6/6/18,06,07,08,14,23,26,32,36,38,39,43,44,47,50,51,54,65,70,72,75
6/5/18,01,08,16,18,21,25,26,28,29,33,39,40,44,50,51,52,60,63,65,68
6/4/18,04,08,09,11,13,16,19,27,30,34,35,36,38,39,43,49,50,60,64,73
6/3/18,02,03,04,07,10,14,25,26,27,33,34,37,40,45,55,56,64,71,75,76
6/2/18,09,10,13,17,21,23,26,32,35,36,46,48,49,56,64,68,73,74,76,80
6/1/18,03,08,15,22,24,29,31,34,35,36,40,44,47,50,51,59,61,64,67,79
5/31/18,01,04,08,13,19,36,38,40,41,45,47,57,58,59,62,66,68,75,76,78
5/30/18,04,11,12,16,17,20,24,31,37,40,41,44,45,53,57,71,75,76,77,78
5/29/18,07,09,11,15,17,18,26,29,31,46,47,49,53,57,59,64,67,70,72,78
5/28/18,02,04,08,14,15,19,20,21,25,29,31,32,34,35,49,54,63,66,67,74
5/27/18,17,21,22,26,27,45,46,47,48,49,50,52,53,54,56,58,63,65,71,74
5/26/18,04,06,08,16,19,30,33,37,44,49,52,55,56,60,62,73,74,75,76,78
5/25/18,02,07,09,10,11,13,16,19,20,22,26,35,36,42,46,50,56,58,66,68
5/24/18,08,12,15,16,21,33,37,42,43,44,47,49,50,55,58,62,63,68,74,78
5/23/18,04,08,15,18,27,28,32,36,41,43,53,54,63,65,66,67,68,69,76,79
5/22/18,01,05,13,16,18,23,24,26,27,29,30,40,42,45,49,54,55,60,66,80
5/21/18,02,05,13,16,19,23,25,26,29,30,32,38,46,48,52,53,62,63,74,80
5/20/18,02,03,05,06,12,15,22,24,26,28,34,37,40,41,42,53,54,64,73,75
5/19/18,07,08,09,11,16,18,20,23,50,58,60,62,65,66,67,68,70,76,77,79
5/18/18,04,11,12,25,27,29,30,32,35,37,44,48,50,58,63,65,66,67,68,73
5/17/18,10,12,14,16,25,27,32,34,37,39,44,50,57,65,69,70,72,73,74,77
5/16/18,06,07,09,14,22,26,30,33,35,39,41,43,44,45,47,52,58,69,70,79
5/15/18,05,06,14,27,29,32,34,37,43,46,49,53,58,61,65,71,72,73,74,75
5/14/18,02,04,06,10,19,20,26,28,31,32,33,39,40,44,46,54,56,66,70,76
5/13/18,02,06,07,08,11,18,21,25,26,30,44,47,59,63,66,68,69,73,77,80
5/12/18,02,05,12,20,21,25,26,28,32,37,40,41,43,44,51,52,54,55,64,74
5/11/18,02,08,12,14,15,26,31,37,41,43,49,51,54,56,59,62,64,69,76,80
5/10/18,05,09,12,13,16,20,22,28,31,47,49,53,58,61,62,68,69,74,78,79
5/9/18,01,05,16,18,19,20,26,31,32,33,45,50,51,53,60,61,62,64,68,77
5/8/18,05,06,16,18,29,30,32,38,39,42,46,47,52,54,59,61,67,68,69,77
5/7/18,04,08,15,21,23,28,37,40,42,43,44,46,47,48,49,55,57,59,61,68
5/6/18,03,18,21,22,23,25,27,28,32,35,39,48,53,54,64,69,71,73,76,78
5/5/18,08,15,16,17,18,19,24,25,27,32,34,38,41,42,49,52,56,61,63,78
5/4/18,01,05,12,26,27,36,39,42,43,45,46,47,53,54,56,58,74,77,78,79
5/3/18,03,04,07,11,14,17,19,24,30,32,42,51,56,60,63,65,66,68,72,79
5/2/18,01,06,09,10,14,16,18,28,32,33,37,39,44,52,56,59,60,62,66,71
5/1/18,16,25,28,29,30,31,34,36,38,40,44,45,46,50,58,59,62,64,66,77
4/30/18,03,04,09,14,22,23,24,25,33,36,41,48,50,51,61,62,69,70,71,75
4/29/18,01,03,15,19,23,34,40,43,48,51,55,56,63,66,67,69,70,71,75,79
4/28/18,01,02,03,13,18,21,23,25,26,28,33,39,44,46,47,49,50,55,64,75
4/27/18,06,11,16,18,27,28,30,31,39,41,62,64,65,67,69,70,72,73,74,80
4/26/18,07,13,15,18,19,21,24,26,27,36,38,39,42,43,44,48,51,69,71,78
4/25/18,03,09,12,20,23,26,29,30,31,34,39,41,43,44,45,62,63,64,68,75
4/24/18,01,03,13,14,17,32,35,38,39,41,42,46,48,56,57,60,64,69,72,75
4/23/18,11,12,13,30,32,36,37,39,40,41,47,48,53,54,56,60,62,65,75,78
4/22/18,01,05,08,14,15,22,24,27,38,42,43,45,46,47,49,55,61,62,72,74
4/21/18,05,12,15,21,23,27,29,31,33,42,45,51,52,53,56,57,61,63,74,78
4/20/18,14,15,22,28,29,33,37,40,46,47,50,53,56,57,58,61,63,70,75,77
4/19/18,05,06,10,18,22,27,28,30,32,35,51,58,60,63,67,69,70,75,77,80
4/18/18,11,14,20,22,28,33,36,40,42,45,54,63,64,66,68,71,73,74,76,77
4/17/18,08,09,12,17,20,27,34,36,41,46,47,55,58,67,68,71,75,76,77,78
4/16/18,01,08,14,20,25,28,30,31,32,40,44,45,47,53,59,60,61,67,70,78
4/15/18,05,07,12,13,21,25,31,32,33,34,37,46,48,49,53,55,56,63,69,80
4/14/18,03,04,06,12,15,23,31,37,38,43,45,52,55,61,63,67,69,70,75,79
4/13/18,03,09,13,19,21,33,34,37,45,49,50,55,56,60,64,71,73,74,75,78
4/12/18,01,03,05,15,16,24,29,31,32,39,43,44,47,51,52,55,60,74,76,77
4/11/18,03,06,09,13,15,17,18,25,29,38,40,42,43,50,52,55,63,71,75,78
4/10/18,01,03,06,11,13,23,37,38,39,40,46,57,58,59,61,63,64,65,70,76
4/9/18,06,13,14,15,26,27,35,38,40,43,48,49,53,54,58,63,69,73,77,79
4/8/18,05,10,12,14,16,18,21,24,26,29,34,43,46,50,59,60,64,68,71,77
4/7/18,02,06,07,10,24,31,32,38,39,40,41,42,46,47,50,56,57,59,61,69
4/6/18,06,09,12,17,18,19,30,32,39,40,43,51,52,53,60,63,64,76,79,80
4/5/18,04,07,09,11,18,20,24,29,30,39,44,46,47,56,63,69,72,73,74,75
4/4/18,02,07,12,15,16,26,30,31,33,35,36,37,39,46,48,54,58,60,64,78
4/3/18,02,05,11,14,16,29,30,31,33,34,36,40,48,55,57,67,69,71,78,80
4/2/18,01,06,11,17,19,21,22,24,30,31,35,40,44,56,68,70,72,74,78,79
4/1/18,02,04,17,25,27,29,30,32,37,42,44,49,58,60,61,62,66,69,79,80
3/31/18,01,04,06,07,11,13,15,22,27,35,43,49,52,56,57,59,61,69,72,75
3/30/18,07,11,12,17,20,23,27,31,48,49,52,53,55,63,65,70,71,72,74,79
3/29/18,03,04,05,07,11,12,20,22,26,29,34,37,40,41,42,48,66,67,71,76
3/28/18,03,04,12,15,25,33,46,47,53,59,60,62,64,65,67,69,74,77,79,80
3/27/18,07,08,10,23,30,32,35,38,40,42,44,45,48,54,56,64,69,72,73,78
3/26/18,01,08,12,13,14,17,27,32,37,38,39,41,50,53,54,61,67,71,72,74
3/25/18,01,02,04,05,06,07,09,11,17,20,21,29,35,60,66,69,71,74,78,79
3/24/18,04,13,15,16,21,23,30,36,40,43,45,46,53,61,62,64,65,68,70,74
3/23/18,07,08,10,11,13,19,23,28,39,42,50,53,54,56,57,62,66,71,72,74
3/22/18,07,13,14,15,20,21,24,26,27,30,33,34,45,52,56,59,68,70,75,76
3/21/18,02,11,12,17,20,27,28,31,32,33,38,45,53,58,59,64,66,67,68,78
3/20/18,01,09,12,13,14,19,22,23,25,33,35,39,50,51,54,56,64,75,76,78
3/19/18,06,08,12,19,20,21,22,24,31,32,35,37,39,40,41,44,47,61,68,80
3/18/18,03,05,06,07,13,14,15,17,21,32,33,35,39,40,42,57,65,70,72,80
3/17/18,11,13,14,16,18,27,28,29,31,34,40,45,48,53,54,60,67,72,73,78
3/16/18,02,07,09,16,17,19,29,34,35,38,39,44,49,50,51,62,64,69,70,80
3/15/18,01,05,06,07,08,12,21,24,34,39,43,50,51,52,60,63,65,70,74,79
3/14/18,04,05,16,20,21,27,28,29,33,35,38,39,40,44,53,55,57,58,71,72
3/13/18,02,04,06,10,16,17,18,24,31,35,41,46,48,52,53,55,58,65,75,76
3/12/18,01,03,05,08,24,29,31,34,35,38,41,42,45,46,49,52,62,67,70,80
3/11/18,03,06,10,12,13,14,17,20,24,25,27,35,37,39,45,46,63,71,74,77
3/10/18,02,10,14,15,16,18,28,38,42,48,51,54,55,56,62,67,69,70,73,80
3/9/18,04,05,10,15,17,21,24,26,31,33,44,46,49,53,57,58,64,66,72,73
3/8/18,03,04,05,13,15,20,33,35,37,41,44,45,52,54,57,60,71,75,76,80
3/7/18,05,07,15,20,22,27,35,36,38,40,47,57,58,60,62,68,69,72,78,80
3/6/18,03,12,13,24,26,30,36,42,44,45,50,52,56,57,60,61,63,68,76,80
3/5/18,08,12,15,19,20,24,25,30,31,32,35,40,41,50,54,58,60,72,74,80
3/4/18,05,07,08,09,10,14,19,22,23,28,32,33,42,45,60,63,70,72,76,77
3/3/18,05,06,09,10,14,17,25,38,43,51,54,57,59,64,66,71,72,74,79,80
3/2/18,03,04,07,10,11,23,25,27,28,35,36,45,46,65,68,70,71,73,77,80
3/1/18,03,05,17,19,20,38,39,42,43,44,51,52,53,54,60,62,67,69,77,80
2/28/18,01,06,07,11,13,14,17,27,30,32,36,37,49,53,61,63,70,73,77,78
2/27/18,01,04,14,18,24,29,35,44,48,53,54,56,61,62,63,65,67,75,79,80
2/26/18,03,04,08,09,12,15,19,22,26,28,35,40,46,54,56,57,59,62,68,80
2/25/18,02,04,22,24,25,30,33,39,41,45,49,56,58,59,62,67,71,74,75,77
2/24/18,07,08,15,17,19,23,25,29,33,37,38,42,43,46,54,55,56,66,69,71
2/23/18,04,12,13,14,19,39,40,42,43,47,48,49,50,58,63,69,71,73,74,80
2/22/18,02,06,09,10,11,15,16,21,22,23,39,41,49,54,55,59,60,66,76,80
2/21/18,01,04,06,07,12,13,14,15,16,17,20,22,26,42,45,46,55,68,75,80
2/20/18,01,02,04,05,06,10,15,20,23,26,29,30,31,32,36,45,50,58,67,74
2/19/18,02,07,13,14,19,24,25,26,34,35,43,45,48,51,53,55,60,68,69,76
2/18/18,02,03,06,11,12,13,14,19,20,26,28,31,33,42,49,51,52,76,77,80
2/17/18,16,20,23,26,32,33,34,37,38,42,49,52,58,63,64,65,66,67,72,79
2/16/18,05,06,15,25,28,38,39,41,42,51,56,59,62,63,69,72,74,75,76,78
2/15/18,01,10,11,14,16,23,27,29,31,34,44,48,56,63,64,70,71,76,79,80
2/14/18,07,24,26,27,29,30,34,38,41,43,49,53,56,58,60,65,69,73,75,78
2/13/18,02,05,06,16,21,28,29,38,43,47,51,52,56,58,60,66,69,70,72,77
2/12/18,01,04,05,19,22,23,26,29,33,38,40,46,48,54,58,61,64,66,71,74
2/11/18,01,05,08,09,16,18,22,27,35,36,40,44,52,56,60,65,70,71,73,80
2/10/18,06,14,21,24,25,33,34,42,44,47,51,56,58,64,70,72,75,77,79,80
2/9/18,04,05,07,09,12,18,19,25,26,27,32,41,44,45,49,54,57,62,71,72
2/8/18,01,05,08,11,22,26,28,35,37,43,45,50,54,60,64,66,68,69,71,75
2/7/18,01,11,15,16,21,23,26,27,34,36,40,53,63,65,66,67,69,71,72,80
2/6/18,02,09,11,18,24,27,30,33,35,36,43,48,52,53,56,60,64,66,68,77
2/5/18,02,04,05,06,12,14,16,17,18,24,30,34,36,41,53,54,65,66,67,68
2/4/18,03,04,05,08,10,12,15,18,19,33,38,44,49,51,53,59,66,68,73,75
2/3/18,05,06,08,13,22,24,26,31,34,40,43,45,50,52,53,58,59,64,68,69
2/2/18,03,07,08,13,31,33,35,38,39,40,49,51,61,64,65,66,70,75,78,79
2/1/18,02,10,11,13,14,16,22,25,30,34,38,40,41,46,49,55,58,72,78,79
1/31/18,02,03,06,11,18,21,23,28,29,34,38,45,47,48,57,59,61,71,73,75
1/30/18,02,06,08,10,12,18,32,35,36,42,50,53,61,65,68,69,70,72,76,80
1/29/18,05,07,09,13,16,18,21,24,30,36,49,51,54,56,59,60,70,73,74,77
1/28/18,02,04,05,12,17,23,26,27,35,41,42,44,45,49,51,58,64,73,75,76
1/27/18,01,04,16,19,25,27,28,31,39,42,50,56,60,61,63,66,69,72,75,78
1/26/18,02,03,08,16,18,20,33,39,46,49,52,54,55,60,62,66,69,75,76,79
1/25/18,04,05,07,09,13,19,30,31,34,35,50,51,52,55,57,60,62,66,68,77
1/24/18,14,19,23,25,30,33,35,36,43,48,49,50,54,55,60,67,69,71,75,77
1/23/18,07,08,11,15,23,31,34,35,40,49,51,54,55,56,60,64,74,75,77,78
1/22/18,01,04,07,10,22,23,25,32,34,35,40,46,48,58,60,63,72,73,77,80
1/21/18,02,03,04,10,12,16,21,24,25,34,44,51,53,64,65,70,71,73,75,78
1/20/18,04,05,09,16,20,25,30,33,34,42,45,46,55,59,63,65,66,70,73,77
1/19/18,05,08,10,14,16,18,24,26,38,40,50,51,53,55,56,59,60,63,68,79
1/18/18,01,02,27,28,29,30,38,44,45,47,55,56,57,65,68,70,71,72,74,78
1/17/18,05,11,17,24,27,29,30,35,38,42,52,53,59,60,61,63,66,73,76,78
1/16/18,03,07,12,13,23,31,35,36,40,42,46,48,50,56,60,66,68,69,70,80
1/15/18,01,07,15,16,17,32,36,38,43,50,53,56,57,59,70,71,72,73,74,76
1/14/18,07,08,11,16,18,19,20,21,35,38,42,44,51,52,61,62,73,75,78,80
1/13/18,02,04,14,21,22,23,32,37,44,47,48,50,52,58,60,62,65,68,76,77
1/12/18,02,06,09,16,22,24,25,30,33,36,38,40,48,60,61,64,69,71,75,76
1/11/18,02,03,07,10,11,13,14,15,23,27,35,50,51,55,56,57,61,68,76,79
1/10/18,09,17,18,21,25,27,30,36,41,42,43,45,51,53,56,58,69,77,78,80
1/9/18,06,07,09,12,14,18,21,25,28,33,35,38,48,57,65,66,67,68,69,72
1/8/18,16,18,20,21,27,31,35,36,37,38,39,42,51,54,60,62,65,71,74,79
1/7/18,06,21,24,27,29,30,31,32,33,35,36,40,46,55,59,61,67,71,78,79
1/6/18,01,18,20,25,26,30,32,33,39,41,47,48,49,50,57,63,67,70,75,77
1/5/18,01,09,10,11,13,18,26,27,29,31,33,34,37,44,57,59,61,62,69,76
1/4/18,05,09,12,13,16,18,21,28,29,31,38,45,50,51,64,65,66,69,71,78
1/3/18,01,05,08,13,18,20,26,30,36,38,42,45,47,49,51,53,60,62,63,64
1/2/18,03,05,08,09,21,23,26,32,34,39,42,45,50,53,54,55,58,68,72,80
1/1/18,02,04,09,11,12,25,31,36,39,49,56,57,60,64,67,69,70,72,74,76
12/31/17,02,06,07,09,13,15,17,22,25,35,39,44,45,50,55,56,58,67,72,74
12/30/17,01,04,06,08,19,20,26,28,30,31,32,34,36,39,52,56,57,59,62,71
12/29/17,10,12,13,15,18,21,30,32,33,42,45,52,58,59,62,64,66,75,77,80
12/28/17,05,09,13,14,15,16,19,25,32,36,41,47,49,50,52,59,62,67,73,76
12/27/17,01,05,09,16,22,31,33,38,41,42,45,49,51,56,67,70,71,78,79,80
12/26/17,05,06,08,12,15,18,27,30,39,49,51,53,56,58,59,63,66,73,78,79
12/25/17,04,07,10,13,14,18,20,26,27,30,33,34,44,46,49,53,58,60,72,77
12/24/17,04,15,18,20,22,23,24,30,34,36,38,50,51,58,61,64,73,75,76,79
12/23/17,01,05,06,07,14,15,20,23,24,26,33,41,47,53,57,58,69,71,72,77
12/22/17,01,07,10,16,23,29,34,37,39,42,46,48,51,52,59,63,66,68,75,78
12/21/17,05,11,13,15,16,27,31,33,34,41,50,57,59,60,63,64,67,69,70,78
12/20/17,03,06,10,13,15,25,27,43,45,47,50,51,53,57,59,63,67,72,73,76
12/19/17,04,06,10,15,19,20,21,22,28,29,39,42,43,44,50,59,64,69,71,74
12/18/17,05,07,08,09,12,17,21,24,34,36,37,49,50,51,57,63,64,67,68,72
12/17/17,10,20,21,22,34,36,38,41,42,47,53,58,65,67,69,70,71,74,75,80
12/16/17,02,06,10,13,20,22,24,29,36,39,43,45,47,48,56,68,69,72,76,78
12/15/17,01,03,11,12,14,15,29,30,34,37,39,42,49,52,55,56,63,69,72,73
12/14/17,13,16,18,19,22,24,35,38,43,46,48,49,50,56,60,62,70,77,78,80
12/13/17,02,03,04,05,06,10,19,21,33,42,43,45,46,49,60,61,66,77,78,79
12/12/17,01,03,10,11,13,14,18,22,36,45,46,54,56,59,63,64,72,76,77,78
12/11/17,03,09,13,16,24,32,34,37,44,45,46,53,56,64,66,68,73,77,78,79
12/10/17,02,03,06,11,14,16,17,19,22,23,26,45,63,64,65,67,68,73,74,76
12/9/17,02,03,07,13,15,17,19,23,24,25,32,34,35,44,49,56,60,61,62,77
12/8/17,01,13,19,21,24,25,28,29,34,35,43,44,50,51,59,67,68,71,76,77
12/7/17,01,11,12,13,19,20,21,26,30,33,35,38,40,51,61,65,74,75,76,80
12/6/17,01,13,14,15,16,17,18,21,24,38,39,58,59,60,61,63,67,68,71,76
12/5/17,04,11,15,25,26,27,29,32,37,38,45,48,58,60,65,69,70,72,75,77
12/4/17,07,08,11,12,14,20,26,34,37,47,49,50,51,64,68,70,73,74,76,80
12/3/17,01,04,12,14,24,31,34,35,38,43,46,51,59,64,65,66,72,75,77,80
12/2/17,02,08,09,22,29,32,34,37,38,46,50,53,57,58,60,63,68,69,77,80
12/1/17,01,04,06,09,12,23,32,44,50,53,54,57,58,63,65,67,68,76,77,80
11/30/17,02,12,13,21,25,27,28,30,37,45,53,57,59,61,63,64,69,71,73,80
11/29/17,03,05,09,14,15,17,18,40,41,44,45,47,53,56,68,70,71,74,76,80
11/28/17,07,10,15,18,20,26,30,33,42,48,51,52,56,57,65,71,73,75,78,80
11/27/17,06,11,21,22,24,27,32,37,41,43,48,55,60,61,66,68,71,74,77,78
11/26/17,03,04,05,09,10,15,18,19,23,29,48,49,52,55,59,69,72,73,75,76
11/25/17,09,14,15,16,18,19,20,22,23,33,37,49,58,61,62,63,66,73,77,79
11/24/17,03,08,09,11,16,18,20,23,24,34,35,48,52,57,65,66,72,73,76,77
11/23/17,01,05,08,13,15,16,39,48,49,51,57,60,61,63,66,69,70,76,78,79
11/22/17,01,04,07,12,13,23,24,26,34,37,40,43,57,58,64,65,67,70,75,80
11/21/17,04,11,25,26,31,34,35,37,40,42,45,50,55,57,64,66,69,70,72,79
11/20/17,03,04,11,12,19,20,23,24,26,27,34,41,46,47,50,51,57,64,70,73
11/19/17,03,04,12,20,21,28,30,32,33,35,48,50,52,56,60,63,68,70,71,76
11/18/17,13,17,19,25,30,31,33,36,44,48,50,53,57,58,61,63,64,67,72,75
11/17/17,06,11,13,20,24,25,26,29,31,34,38,42,58,60,61,63,66,69,73,77
11/16/17,09,14,18,20,22,28,29,30,33,39,40,47,51,52,54,56,64,65,67,76
11/15/17,01,03,04,07,09,16,17,18,25,33,40,45,48,51,52,54,56,68,69,74
11/14/17,07,13,14,17,23,24,25,26,29,33,41,42,44,47,48,49,59,63,64,71
11/13/17,01,07,09,17,19,20,23,28,30,32,35,39,42,57,61,62,67,70,76,77
11/12/17,01,02,06,08,11,12,13,27,29,38,40,41,43,45,56,57,62,64,74,77
11/11/17,01,12,14,18,19,20,23,24,27,28,33,37,42,56,57,61,65,66,76,78
11/10/17,06,14,17,18,23,27,28,34,41,42,45,49,53,57,61,66,74,76,77,80
11/9/17,01,04,08,10,13,14,25,43,48,49,54,56,62,67,68,73,74,77,79,80
11/8/17,01,05,09,14,15,20,22,29,31,42,44,48,52,57,62,63,68,71,74,80
11/7/17,06,10,11,30,32,34,38,41,42,43,45,47,49,52,56,63,73,74,76,80
11/6/17,04,06,14,15,21,22,32,36,39,45,46,47,52,59,64,67,74,75,76,78
11/5/17,07,11,16,20,21,28,35,36,37,41,46,47,48,52,62,64,65,67,73,74
11/4/17,02,16,21,24,27,38,42,47,48,53,54,55,56,57,60,62,63,70,73,74
11/3/17,02,06,09,11,15,24,25,26,30,31,37,38,41,45,48,49,50,54,55,62
11/2/17,09,14,16,17,20,22,24,33,38,42,43,47,52,54,57,63,67,68,69,73
11/1/17,01,02,05,06,14,16,27,40,47,54,57,58,59,60,66,68,72,74,75,80
10/31/17,02,03,05,11,14,15,17,24,30,31,33,46,50,52,54,59,71,74,75,77
10/30/17,07,10,17,19,21,25,30,34,35,43,50,51,52,59,60,62,67,69,70,77
10/29/17,01,08,17,20,28,31,32,38,42,43,45,48,50,54,55,58,62,69,74,75
10/28/17,02,04,10,14,22,29,30,32,33,34,36,39,40,47,49,55,57,59,73,75
10/27/17,02,04,10,12,17,21,27,40,41,42,43,44,45,52,56,61,68,70,73,78
10/26/17,07,09,13,16,21,22,23,24,29,30,33,38,39,42,47,52,66,68,71,73
10/25/17,02,13,15,18,21,28,36,38,43,45,49,55,57,58,61,64,66,71,72,80
10/24/17,02,03,04,06,14,16,20,22,25,30,40,42,47,50,52,55,63,70,72,80
10/23/17,04,05,09,15,17,18,21,24,27,34,44,48,60,61,65,66,69,70,75,78
10/22/17,04,08,09,12,13,16,24,25,26,33,34,38,47,49,67,68,72,78,79,80
10/21/17,01,05,12,16,18,20,21,22,26,31,33,34,47,49,59,60,65,67,73,80
10/20/17,01,03,06,10,12,20,21,23,24,25,28,30,36,39,42,44,52,62,68,72
10/19/17,01,02,05,10,11,19,20,28,34,41,50,53,57,58,59,71,73,78,79,80
10/18/17,13,14,15,19,20,21,23,24,25,35,41,44,49,50,54,57,69,76,78,80
10/17/17,07,11,16,18,19,22,28,32,41,44,47,48,52,55,64,65,70,76,77,79
10/16/17,03,04,14,15,17,18,25,26,30,35,37,43,45,50,53,63,65,66,67,72
10/15/17,06,07,13,20,25,27,29,34,38,39,42,46,49,53,54,56,64,70,75,80
10/14/17,01,02,03,06,09,11,16,17,19,25,31,32,35,39,45,52,56,68,72,73
10/13/17,04,10,11,13,24,37,39,41,42,43,44,53,54,56,60,67,68,71,72,74
10/12/17,10,11,16,17,25,27,30,34,37,38,40,43,45,46,50,61,65,67,68,73
10/11/17,01,04,05,06,08,14,15,25,31,33,35,49,59,61,63,65,67,71,72,78
10/10/17,03,05,17,22,24,30,31,32,35,36,43,45,46,50,51,61,62,65,69,73
10/9/17,04,05,10,12,15,25,27,28,34,39,46,56,58,66,71,73,74,77,78,79
10/8/17,01,06,09,10,20,21,28,32,33,34,47,49,52,54,55,58,66,70,71,77
10/7/17,01,08,10,13,17,19,20,22,27,28,32,34,35,44,45,57,70,71,78,80
10/6/17,03,04,11,12,13,15,17,19,25,27,29,39,40,41,46,56,65,70,71,77
10/5/17,07,08,12,13,24,35,37,45,47,49,51,56,57,59,61,65,76,78,79,80
10/4/17,03,04,06,07,17,20,27,29,34,35,38,48,54,60,62,64,65,68,71,72
10/3/17,06,20,23,25,26,27,28,31,32,36,46,48,50,52,53,55,60,66,67,77
10/2/17,01,02,05,08,10,16,21,23,25,28,33,38,40,46,50,51,54,65,72,77
10/1/17,06,11,16,18,19,21,22,23,28,36,40,41,46,57,60,63,64,73,74,79
9/30/17,07,09,13,19,21,29,32,33,39,40,41,48,50,52,56,57,58,62,75,77
9/29/17,01,02,07,08,13,15,22,32,37,43,44,45,48,54,62,70,71,73,74,78
9/28/17,04,08,11,13,17,23,24,27,29,33,36,46,50,54,57,60,62,63,75,78
9/27/17,02,03,08,10,17,20,26,29,33,38,43,44,45,48,56,57,67,69,79,80
9/26/17,03,06,07,24,29,31,33,36,37,44,46,48,49,51,58,60,61,67,70,77
9/25/17,01,03,08,22,24,25,27,29,37,39,45,50,56,59,63,65,69,75,77,79
9/24/17,04,07,10,11,14,21,23,25,28,31,35,36,40,59,62,66,68,75,76,77
9/23/17,03,05,06,11,12,13,14,18,28,33,44,46,51,53,54,65,68,74,77,79
9/22/17,14,15,21,26,29,30,35,37,44,45,61,62,64,67,68,69,70,72,76,79
9/21/17,04,06,07,08,14,17,19,20,31,42,46,51,54,56,57,58,60,61,64,65
9/20/17,02,03,12,17,18,19,24,28,31,39,40,43,44,46,70,71,73,75,76,80
9/19/17,06,11,13,14,17,21,24,38,40,45,49,54,57,59,64,66,68,69,73,75
9/18/17,01,04,05,07,10,15,16,19,25,36,37,50,51,54,61,63,69,71,72,79
9/17/17,10,13,17,21,30,31,34,48,51,59,60,63,64,65,67,68,69,71,74,79
9/16/17,06,18,19,23,24,26,32,34,35,38,43,46,47,48,58,62,65,71,72,76
9/15/17,08,09,12,14,16,24,29,33,41,45,47,51,52,58,59,62,64,68,78,80
9/14/17,04,07,08,14,16,24,26,27,29,33,35,47,48,51,52,55,56,62,67,75
9/13/17,06,11,14,19,24,26,29,34,43,50,52,54,58,59,63,69,71,72,78,80
9/12/17,08,12,15,18,22,25,33,35,43,46,47,51,54,55,56,57,67,70,76,79
9/11/17,03,09,12,14,15,21,24,27,30,31,32,36,38,39,44,48,50,60,64,78
9/10/17,01,02,04,10,15,20,26,27,31,44,50,54,55,62,65,66,67,69,70,74
9/9/17,03,04,05,06,09,11,17,29,31,37,49,52,55,60,61,67,73,74,75,77
9/8/17,05,08,09,14,15,23,27,29,30,35,36,40,46,50,59,60,76,78,79,80
9/7/17,01,03,04,21,23,25,26,31,32,33,34,36,42,49,53,56,65,67,72,73
9/6/17,15,21,22,29,31,33,38,41,44,50,51,52,56,59,62,63,70,74,76,77
9/5/17,03,08,13,15,23,27,29,37,40,46,47,49,50,53,60,62,67,69,78,79
9/4/17,04,19,20,23,27,28,29,38,42,47,51,53,55,59,66,67,70,74,78,79
9/3/17,03,08,17,18,20,26,27,33,37,38,46,49,52,58,69,73,74,77,78,80
9/2/17,07,10,15,21,22,24,32,34,40,41,43,45,63,68,69,71,73,76,77,78
9/1/17,01,12,13,16,29,31,32,37,38,39,44,45,47,50,52,58,60,63,73,79
8/31/17,03,05,06,08,09,21,24,25,34,39,44,52,61,65,68,75,77,78,79,80
8/30/17,02,03,08,14,16,17,22,26,34,36,42,43,44,49,53,55,58,63,73,80
8/29/17,03,04,06,08,09,11,12,16,21,24,26,28,33,34,37,38,50,65,69,75
8/28/17,06,12,22,24,25,33,36,38,39,43,50,51,53,54,56,57,61,72,76,80
8/27/17,01,02,05,11,16,19,20,24,27,29,30,37,43,50,53,61,62,69,74,80
8/26/17,02,04,06,16,22,26,27,30,31,32,40,42,44,51,53,61,65,72,73,74
8/25/17,05,12,13,14,19,20,23,24,30,34,41,44,45,49,51,60,61,72,76,80
8/24/17,04,08,10,13,17,19,23,33,35,38,40,47,49,50,61,69,70,72,76,80
8/23/17,05,14,22,27,29,38,40,46,47,49,50,61,64,65,69,72,74,75,76,78
8/22/17,07,08,10,16,20,25,29,38,39,40,41,43,50,56,63,68,70,76,78,80
8/21/17,01,02,07,08,10,13,14,16,27,30,32,33,43,48,52,54,56,63,66,68
8/20/17,03,10,12,14,21,23,29,30,31,39,48,49,54,57,58,62,64,66,67,72
8/19/17,04,05,06,10,11,18,19,20,31,37,41,47,48,58,63,65,67,69,78,79
8/18/17,03,05,08,10,11,24,34,40,48,51,53,54,60,61,62,63,64,70,76,80
8/17/17,12,14,17,19,25,27,28,34,36,42,46,49,51,55,59,69,72,74,78,80
8/16/17,08,10,20,23,29,31,32,35,41,46,49,55,57,61,66,67,69,70,73,79
8/15/17,01,03,06,09,12,24,25,27,28,32,36,38,40,42,48,51,55,56,68,75
8/14/17,05,08,14,20,27,29,33,41,43,44,45,46,48,50,53,58,64,70,73,74
8/13/17,04,07,08,12,19,23,32,36,37,40,45,53,54,63,64,66,68,69,70,74
8/12/17,16,17,19,23,24,30,39,42,44,45,46,48,52,54,58,60,66,71,74,76
8/11/17,06,07,14,22,27,29,31,41,42,45,49,52,55,58,61,63,66,71,75,80
8/10/17,01,10,14,16,21,23,24,28,29,32,33,35,41,43,44,45,46,59,64,67
8/9/17,11,15,16,17,22,25,31,34,44,48,51,53,57,58,61,65,67,72,77,80
8/8/17,05,06,15,18,19,24,26,28,39,44,46,47,48,53,56,57,59,75,76,79
8/7/17,01,16,21,22,28,32,34,37,46,48,50,51,53,56,57,59,64,67,79,80
8/6/17,01,07,08,11,15,17,19,22,26,29,30,39,40,45,46,57,58,63,69,77
8/5/17,03,09,12,24,27,28,29,31,36,42,47,56,57,63,64,65,67,69,71,72
8/4/17,07,10,12,26,28,30,40,43,44,48,51,52,58,59,65,67,72,73,75,80
8/3/17,02,03,04,07,09,10,18,29,30,37,40,42,47,58,59,60,65,68,69,80
8/2/17,01,07,09,15,18,24,28,31,35,40,42,46,50,57,58,69,72,75,78,79
8/1/17,10,14,17,21,26,28,31,32,37,40,41,43,46,50,53,63,66,69,72,79
7/31/17,05,10,11,14,16,18,25,30,31,32,40,43,47,54,57,58,60,63,70,74
7/30/17,08,09,13,16,17,27,29,33,42,43,48,49,52,55,59,65,66,68,69,75
7/29/17,03,05,08,12,16,19,31,32,43,47,48,50,52,53,61,62,63,65,67,76
7/28/17,06,10,11,12,18,19,24,34,43,52,53,57,59,61,62,65,71,73,78,79
7/27/17,03,08,10,12,15,17,22,24,25,39,41,43,44,46,59,63,68,71,72,73
7/26/17,03,12,13,14,15,21,23,25,33,37,38,41,42,46,47,58,60,63,67,68
7/25/17,01,09,11,17,22,24,25,28,37,47,54,55,56,59,62,63,64,65,68,74
7/24/17,01,06,08,10,18,25,29,32,38,40,44,50,51,57,59,69,72,77,79,80
7/23/17,01,04,09,12,25,32,39,40,41,43,47,48,52,53,57,58,61,66,67,68
7/22/17,01,03,23,25,30,38,42,43,44,45,46,47,49,50,56,63,68,69,71,76
7/21/17,01,03,07,13,15,22,30,38,39,44,55,61,65,66,68,70,75,78,79,80
7/20/17,05,06,11,17,24,30,33,36,37,41,49,50,51,55,61,63,67,68,71,75
7/19/17,01,02,08,09,11,13,15,16,19,21,28,35,42,43,45,47,49,61,62,73
7/18/17,05,07,10,13,15,20,30,33,35,44,50,56,65,68,70,73,74,77,78,79
7/17/17,05,06,23,27,29,42,44,51,52,59,60,61,63,66,68,69,71,73,79,80
7/16/17,01,02,11,13,16,17,19,26,29,32,33,41,45,46,53,61,64,65,68,74
7/15/17,02,03,12,13,19,24,29,34,35,41,44,45,46,54,57,60,61,68,79,80
7/14/17,05,10,14,15,16,21,34,40,41,43,54,56,65,68,70,74,77,78,79,80
7/13/17,01,05,08,09,11,12,15,25,28,34,37,38,40,47,49,51,53,56,66,74
7/12/17,02,09,10,13,20,42,44,50,51,52,53,56,60,61,62,67,68,73,74,78
7/11/17,05,10,13,25,27,29,30,43,44,46,47,52,55,56,58,63,67,72,74,76
7/10/17,01,02,05,14,18,19,20,24,27,30,32,39,41,43,52,54,58,59,65,69
7/9/17,06,07,11,14,15,17,21,32,37,38,42,46,48,50,53,65,66,68,78,79
7/8/17,07,09,13,15,19,20,29,34,37,40,41,45,49,56,57,62,64,75,77,78
7/7/17,05,09,10,17,18,22,28,29,31,32,33,42,51,53,55,56,58,64,70,79
7/6/17,02,06,07,16,18,20,21,22,26,33,37,41,52,53,56,60,65,77,78,80
7/5/17,10,11,14,15,19,24,29,33,38,44,46,50,52,55,58,62,64,70,71,78
7/4/17,06,07,11,12,14,18,27,30,36,39,44,45,48,51,54,57,58,61,69,77
7/3/17,05,07,12,15,19,25,27,28,36,38,41,42,43,49,51,53,55,59,62,73
7/2/17,01,04,05,10,14,15,20,25,29,30,40,43,47,57,60,62,64,65,76,80
7/1/17,01,03,04,14,16,22,24,29,33,42,45,58,59,63,66,69,75,77,78,80
6/30/17,05,06,12,14,15,25,26,28,35,40,44,47,49,50,60,65,66,68,69,71
6/29/17,01,02,10,13,17,21,22,23,30,32,35,38,53,63,64,65,67,68,69,79
6/28/17,02,08,12,14,18,23,36,41,52,53,61,64,66,68,72,73,74,76,78,79
6/27/17,12,15,18,19,21,22,24,27,29,41,44,47,48,51,55,58,60,63,78,80
6/26/17,06,15,18,26,27,30,34,35,36,38,39,42,47,54,61,63,65,66,75,77
6/25/17,02,05,07,10,11,13,15,27,30,35,38,42,46,54,59,60,63,67,73,76
6/24/17,01,07,08,12,13,17,23,26,28,31,37,44,49,51,60,64,72,75,78,79
6/23/17,10,15,16,26,27,29,30,31,40,50,57,64,65,66,71,72,74,75,77,78
6/22/17,03,12,22,23,28,31,33,42,46,51,54,56,60,62,63,65,71,75,76,79
6/21/17,03,09,14,15,16,23,24,34,37,43,44,47,51,54,59,62,65,68,76,77
6/20/17,01,10,14,15,19,20,22,24,25,27,34,35,36,38,44,45,47,52,63,80
6/19/17,01,12,13,25,26,27,31,41,42,44,45,49,53,61,64,65,67,68,72,74
6/18/17,03,04,17,20,22,23,34,36,38,39,45,47,52,55,59,63,66,67,71,73
6/17/17,04,09,10,14,21,22,24,25,31,38,39,43,47,59,60,63,64,65,70,71
6/16/17,04,05,07,14,18,23,26,29,35,38,40,43,46,51,54,58,66,69,74,78
6/15/17,08,11,16,17,21,23,27,28,35,38,42,43,44,45,46,49,50,55,74,80
6/14/17,04,09,11,14,18,29,31,36,41,42,44,48,49,52,53,55,56,72,77,79
6/13/17,06,10,16,20,23,29,32,41,44,45,52,53,55,60,62,63,74,75,76,80
6/12/17,08,16,18,23,30,33,36,37,40,41,42,43,55,56,68,73,74,75,76,80
6/11/17,02,07,09,10,11,13,20,25,27,28,39,40,51,53,58,59,64,69,79,80
6/9/17,02,05,18,28,33,34,36,39,47,52,54,57,60,66,67,70,71,74,78,79
6/8/17,02,03,04,07,11,16,21,29,30,32,38,42,45,47,50,58,59,62,66,73
6/7/17,09,12,14,16,20,23,25,44,46,47,48,51,52,55,56,62,63,66,70,75
6/6/17,06,07,09,12,15,16,18,24,28,35,36,46,47,48,49,51,64,66,72,80
6/5/17,06,10,11,13,19,21,27,37,38,41,46,47,55,57,61,66,72,73,75,77
6/4/17,02,04,09,18,23,25,27,30,41,43,44,48,50,54,56,57,60,66,68,79
6/3/17,03,04,06,08,12,13,14,17,20,22,28,29,43,44,49,50,58,65,72,80
6/2/17,03,05,14,18,22,23,24,27,32,34,39,44,48,51,54,60,63,72,77,79
6/1/17,01,10,13,14,18,24,25,26,28,33,34,36,39,48,50,51,53,60,67,72
5/31/17,06,11,21,22,25,27,28,37,39,40,44,50,55,56,66,67,74,76,77,80
5/30/17,03,04,06,18,24,31,32,47,50,51,59,60,63,68,69,72,77,78,79,80
5/29/17,06,07,10,14,26,30,36,37,43,48,49,54,58,63,64,65,72,78,79,80
5/28/17,02,07,08,14,19,22,23,27,29,30,31,35,38,47,53,55,58,68,73,78
5/27/17,01,12,16,18,22,30,41,43,46,52,58,62,65,66,67,68,72,75,77,79
5/26/17,04,17,21,22,23,26,27,28,29,30,31,41,46,47,50,53,55,59,67,80
5/25/17,03,05,12,16,18,19,27,28,32,35,38,44,45,51,56,62,64,76,79,80
5/24/17,01,07,13,20,25,27,29,34,41,45,55,57,61,64,66,69,71,75,77,78
5/23/17,02,10,15,16,28,30,33,35,43,50,51,52,53,55,61,64,65,66,68,72
5/22/17,03,15,17,19,20,24,27,31,39,51,53,62,64,70,72,74,75,76,77,79
5/21/17,05,18,19,20,31,33,38,42,44,45,46,49,54,62,63,65,67,68,74,76
5/20/17,01,02,03,04,09,25,27,29,34,35,38,39,43,49,55,56,67,73,77,78
5/19/17,01,08,13,15,30,34,35,36,39,40,59,63,64,66,69,70,74,75,78,80
5/18/17,03,05,09,13,14,15,23,28,29,32,34,35,39,43,55,57,62,68,78,80
5/17/17,02,05,06,14,15,18,21,24,25,27,31,35,37,41,48,49,65,69,71,76
5/16/17,02,14,16,18,21,24,39,42,47,52,54,59,60,62,65,67,68,69,73,79
5/15/17,05,13,14,16,18,23,25,28,34,35,37,39,41,43,47,51,53,59,67,72
5/14/17,08,12,23,26,34,37,41,42,45,50,52,57,58,59,70,71,76,78,79,80
5/13/17,13,16,23,25,26,33,35,43,46,48,49,50,52,58,61,62,64,65,67,72
5/12/17,01,06,08,10,12,20,23,26,35,41,42,43,48,50,56,60,64,72,74,79
5/11/17,01,02,07,09,11,14,19,28,30,38,40,50,51,52,53,59,61,63,67,76
5/10/17,04,06,10,17,20,21,23,26,29,32,33,39,43,55,62,71,72,74,75,77
5/9/17,04,06,10,12,16,17,33,48,49,51,52,60,65,66,70,71,73,74,76,79
5/8/17,04,07,08,09,10,11,13,20,21,22,23,25,33,35,37,44,45,53,60,79
5/7/17,10,15,21,22,23,25,26,30,31,32,35,40,41,42,47,55,70,73,75,78
5/6/17,01,03,04,06,09,10,16,43,44,45,48,49,51,56,59,63,69,71,73,74
5/5/17,02,16,18,19,22,31,35,39,40,44,46,48,49,52,54,59,65,67,75,79
5/4/17,02,03,09,14,23,27,32,38,39,43,52,53,58,63,66,68,70,73,74,80
5/3/17,06,16,17,19,21,22,24,25,31,34,35,39,51,53,62,63,65,71,74,79
5/2/17,02,05,11,15,22,25,28,29,31,33,40,48,55,59,60,67,68,71,74,78
5/1/17,06,09,12,13,16,18,20,23,34,40,41,42,51,57,59,65,72,73,78,80
4/30/17,01,04,08,12,13,14,17,24,31,35,37,41,46,52,58,59,62,72,74,77
4/29/17,03,04,18,20,22,33,34,37,48,49,51,52,53,54,58,59,60,64,67,78
4/28/17,06,08,09,10,14,17,20,21,25,27,36,44,45,46,48,50,52,65,67,72
4/27/17,05,13,16,21,28,33,34,37,38,44,45,47,48,49,50,58,64,66,67,74
4/26/17,01,03,06,11,19,21,26,28,32,33,44,57,59,62,63,65,66,70,77,79
4/25/17,07,12,14,16,17,22,26,33,34,37,49,51,54,56,57,62,64,67,71,73
4/24/17,08,11,12,13,16,24,26,29,32,36,40,45,47,48,54,56,59,69,74,75
4/23/17,01,02,04,07,12,23,24,30,35,36,37,39,44,47,51,53,56,63,68,73
4/22/17,04,11,15,18,21,23,27,30,34,38,39,40,46,52,53,57,69,75,77,78
4/21/17,04,07,11,13,20,31,32,33,39,41,45,48,49,55,58,60,63,65,74,78
4/20/17,02,04,12,16,23,27,28,30,32,39,44,45,47,48,63,64,66,69,74,76
4/19/17,12,15,22,23,28,32,36,41,49,50,52,54,55,56,61,66,69,71,74,79
4/18/17,04,06,14,17,28,32,34,35,43,47,50,53,61,63,67,71,73,75,76,80
4/17/17,01,07,15,22,28,29,30,33,42,46,47,51,59,60,62,63,64,67,68,79
4/16/17,01,03,23,24,28,29,30,32,34,37,46,47,56,58,59,62,63,64,73,78
4/15/17,02,06,08,09,14,18,31,32,43,44,46,47,55,56,60,61,62,65,66,71
4/14/17,01,15,16,24,25,28,40,45,51,53,54,55,58,59,60,63,67,71,73,78
4/13/17,13,20,21,22,26,27,29,32,33,40,43,48,53,58,63,64,65,68,78,79
4/12/17,03,05,06,08,14,16,22,27,35,38,41,42,46,47,48,55,61,65,76,80
4/11/17,02,20,22,27,28,37,44,49,54,58,67,69,72,73,75,76,77,78,79,80
4/10/17,04,05,06,07,13,21,32,34,38,46,50,52,57,62,64,67,70,71,74,77
4/9/17,01,03,04,14,15,27,28,30,31,38,41,45,49,55,64,65,67,68,70,79
4/8/17,05,12,14,15,17,19,26,28,30,33,35,36,38,46,51,56,67,70,77,80
4/7/17,01,10,11,12,14,26,29,31,32,35,40,43,53,55,62,64,69,76,78,80
4/6/17,05,08,10,16,20,21,23,24,25,26,27,31,34,36,40,42,44,52,56,78
4/5/17,02,06,08,10,18,22,24,27,30,34,44,47,54,57,61,65,71,74,79,80
4/4/17,06,10,11,12,17,19,21,26,35,36,47,50,51,54,58,60,68,70,71,75
4/3/17,02,04,05,09,10,15,22,24,33,38,39,45,56,57,58,61,64,68,72,75
4/2/17,07,08,09,10,12,14,16,24,36,41,44,52,54,55,58,59,61,63,67,80
4/1/17,05,10,11,12,17,21,25,26,27,28,35,37,42,49,53,64,65,71,72,74
3/31/17,02,03,07,11,16,24,26,27,29,38,39,50,51,58,61,65,69,74,75,78
3/30/17,02,05,12,15,18,22,24,26,47,48,52,55,57,60,63,65,66,68,69,79
3/29/17,04,13,16,18,20,21,22,26,28,33,34,36,41,44,59,60,63,74,78,79
3/28/17,04,05,09,11,17,18,20,25,27,30,40,46,47,52,54,60,64,69,74,77
3/27/17,02,04,07,12,15,17,18,19,21,22,25,43,48,51,62,66,69,73,76,79
3/26/17,05,06,07,10,13,16,17,22,23,35,55,56,59,64,65,67,68,74,75,78
3/25/17,04,09,12,13,15,21,26,28,37,38,42,48,49,50,56,59,62,64,69,78
3/24/17,05,10,18,19,24,30,31,32,35,36,41,43,47,50,56,64,65,67,69,78
3/23/17,01,04,06,14,16,18,26,27,29,31,33,41,43,50,60,63,67,69,73,75
3/22/17,07,08,10,11,12,13,15,17,26,34,36,40,48,64,67,68,71,72,73,74
3/21/17,09,14,15,16,21,22,24,31,32,43,54,59,60,62,64,72,74,75,77,78
3/20/17,06,07,09,10,18,20,23,27,30,31,37,39,40,44,46,51,52,62,67,75
3/19/17,03,04,06,07,12,13,29,31,35,43,50,54,57,59,66,67,68,75,79,80
3/18/17,01,03,10,11,18,20,24,27,29,36,47,48,49,52,55,58,60,62,64,71
3/17/17,04,05,11,12,13,25,30,35,40,47,48,55,56,57,58,62,64,70,73,79
3/16/17,01,02,04,09,15,19,20,24,25,26,31,44,45,49,55,58,65,66,67,80
3/15/17,04,14,18,21,23,24,25,27,29,33,35,44,50,55,63,64,65,66,73,77
3/14/17,02,09,11,12,21,23,29,36,39,40,42,44,45,47,50,52,56,62,68,77
3/13/17,04,19,21,22,23,27,30,33,34,36,43,51,54,61,65,70,74,76,78,80
3/12/17,04,06,08,10,19,20,22,32,35,41,42,46,50,51,59,68,70,72,74,77
3/11/17,13,20,26,29,30,33,34,38,39,45,46,51,52,55,57,60,61,64,67,80
3/10/17,03,07,15,16,23,26,28,30,33,35,37,38,40,45,64,65,68,69,73,74
3/9/17,11,13,23,24,25,29,32,35,36,41,42,43,48,54,56,60,66,75,76,77
3/8/17,05,07,09,11,13,14,20,36,39,52,53,55,56,59,60,61,64,71,76,80
3/7/17,01,02,03,04,09,14,18,19,20,21,24,25,28,47,48,59,65,68,72,76
3/6/17,03,11,13,14,15,19,21,22,29,36,38,39,41,42,51,52,53,58,67,77
3/5/17,02,03,04,08,11,12,18,22,37,39,42,44,48,49,57,58,63,66,72,77
3/4/17,05,06,08,12,16,29,30,35,41,43,45,46,56,59,67,70,71,73,76,80
3/3/17,04,06,08,09,12,16,23,30,31,33,40,41,42,50,51,55,56,59,61,72
3/2/17,04,06,12,14,18,24,27,44,46,47,48,52,56,69,71,74,75,76,78,80
3/1/17,01,02,03,17,25,27,28,31,39,41,42,51,54,61,63,65,67,72,75,79
2/28/17,03,07,11,16,17,20,21,22,24,26,27,45,47,49,57,65,66,76,77,78
2/27/17,01,03,08,09,14,23,24,30,33,37,42,43,45,48,51,68,74,77,78,79
2/26/17,04,17,18,19,21,22,33,35,37,39,41,42,43,46,47,64,66,72,73,76
2/25/17,03,07,13,15,18,27,38,42,43,47,49,51,52,59,60,61,66,67,73,76
2/24/17,02,03,19,23,24,29,36,37,38,41,43,47,48,56,60,62,63,64,74,75
2/23/17,05,07,10,15,20,22,31,32,33,42,45,46,49,50,52,54,56,57,69,71
2/22/17,02,07,08,09,13,18,24,25,26,27,28,29,32,36,42,44,50,57,63,73
2/21/17,03,14,17,21,23,26,32,33,35,41,54,56,58,59,61,64,65,70,72,80
2/20/17,01,03,05,15,22,26,28,29,34,35,37,38,41,42,45,53,57,72,74,79
2/19/17,04,11,13,15,17,21,22,31,37,38,41,52,60,61,66,67,71,74,75,76
2/18/17,01,13,16,17,22,24,26,27,28,30,37,40,42,45,47,52,56,57,70,73
2/17/17,03,05,08,19,24,26,27,29,37,38,46,50,57,60,61,64,65,74,78,80
2/16/17,01,02,03,04,09,12,20,35,39,41,45,47,54,64,71,72,73,74,77,79
2/15/17,01,06,09,11,13,15,16,19,21,22,33,38,41,44,63,68,69,71,73,74
2/14/17,02,03,04,09,10,14,19,21,22,23,33,46,50,54,61,62,69,70,72,80
2/13/17,10,12,15,17,32,42,43,45,48,52,54,57,60,64,72,74,76,77,78,80
2/12/17,08,09,11,13,20,22,30,41,45,46,49,52,57,58,62,67,71,73,74,76
2/11/17,01,05,09,13,15,23,29,33,34,40,44,46,50,52,57,61,62,68,72,78
2/10/17,01,05,07,11,17,23,26,27,35,38,42,45,55,62,63,65,67,69,70,73
2/9/17,10,15,18,21,26,27,28,29,31,35,37,39,43,46,51,53,63,66,69,73
2/8/17,03,07,14,21,28,30,32,39,43,50,54,55,58,62,64,65,71,74,76,78
2/7/17,01,11,20,21,25,26,27,30,32,33,36,37,44,52,53,54,61,62,63,80
2/6/17,07,10,11,13,15,21,23,25,26,28,32,33,45,49,52,61,62,63,73,79
2/5/17,03,04,05,07,08,13,16,23,30,35,39,53,59,60,63,67,69,77,79,80
2/4/17,02,10,11,12,14,23,24,29,30,31,33,47,49,50,58,67,68,69,72,76
2/3/17,04,06,10,14,15,21,23,27,28,31,35,40,43,47,52,57,61,64,69,70
2/2/17,01,03,04,08,13,19,25,35,39,45,49,57,62,63,64,71,72,74,78,79
2/1/17,01,03,06,08,09,11,20,24,26,27,33,38,42,45,48,52,69,72,75,78
1/31/17,11,19,23,25,31,32,33,39,47,52,54,56,61,64,68,71,73,75,79,80
1/30/17,04,06,07,08,10,11,12,19,22,23,24,35,42,47,50,55,62,66,68,74
1/29/17,02,08,11,15,16,19,22,28,34,48,50,51,53,56,59,61,62,65,68,74
1/28/17,04,15,17,20,21,23,27,40,43,44,48,50,61,62,67,68,72,75,79,80
1/27/17,06,07,10,12,20,22,25,30,33,34,36,41,44,51,57,61,73,77,79,80
1/26/17,03,08,10,13,19,23,28,30,38,41,49,51,53,55,57,61,67,77,79,80
1/25/17,03,06,12,13,14,16,17,22,23,26,38,39,40,42,60,62,69,74,75,80
1/24/17,01,02,05,07,09,15,16,21,26,27,33,34,37,47,50,56,62,73,76,79
1/23/17,01,13,19,21,23,28,35,36,38,41,49,53,54,57,60,64,69,77,78,79
1/22/17,03,04,06,07,09,11,17,20,21,23,25,28,31,32,34,45,60,64,72,80
1/20/17,01,08,09,11,17,18,20,22,24,25,26,28,32,33,34,53,59,65,72,80
1/19/17,06,07,12,16,27,29,31,38,40,41,46,49,54,55,56,57,60,65,69,73
1/18/17,01,04,06,09,20,22,24,29,31,41,45,50,53,57,60,66,72,78,79,80
1/17/17,05,07,09,12,16,17,18,20,21,28,37,39,45,49,53,59,60,61,72,73
1/16/17,06,07,11,12,15,20,22,27,28,30,32,41,49,57,62,64,69,71,73,78
1/15/17,07,16,22,24,26,28,30,31,32,34,37,39,52,57,60,64,70,72,77,79
1/14/17,01,04,09,10,13,14,18,21,24,25,30,32,38,39,57,61,68,74,75,78
1/13/17,03,07,08,09,10,12,17,20,26,35,37,41,48,60,63,64,69,72,74,76
1/12/17,02,04,09,10,11,14,16,21,25,37,39,45,53,58,61,63,68,74,75,76
1/11/17,02,03,05,08,09,17,21,24,29,42,47,48,54,56,58,64,69,75,78,79
1/10/17,01,06,09,16,20,21,23,28,30,33,35,39,44,48,51,54,56,58,72,75
1/9/17,05,07,09,10,14,27,32,34,39,42,43,44,45,46,47,57,59,68,69,74
1/8/17,02,08,09,19,23,29,30,32,42,44,47,50,51,53,54,55,60,65,68,72
1/7/17,02,04,05,06,13,16,23,28,30,31,33,41,45,46,49,60,69,71,73,76
1/6/17,01,03,09,14,28,30,35,36,37,41,44,47,48,55,58,60,62,67,69,80
1/5/17,04,11,13,20,24,34,36,42,47,53,54,55,56,58,65,66,67,71,77,80
1/4/17,06,10,13,17,21,23,26,28,30,38,44,51,56,57,58,60,64,70,72,79
1/3/17,02,09,12,16,21,27,38,39,40,44,46,53,55,56,57,58,59,65,71,74
1/2/17,20,22,23,27,31,35,37,40,45,47,48,49,51,66,69,71,73,75,76,80
1/1/17,01,08,11,13,15,17,20,23,24,27,30,31,35,36,45,48,52,67,69,72
12/31/16,09,10,12,18,27,31,34,37,39,47,53,55,62,64,66,68,70,72,74,76
12/30/16,02,06,08,13,18,20,22,24,29,37,46,48,50,54,55,58,62,73,74,75
12/29/16,01,08,13,15,17,20,24,26,33,34,42,47,48,54,55,56,60,64,78,80
12/28/16,02,15,20,21,29,32,33,34,37,39,41,50,52,53,54,56,63,66,68,77
12/27/16,09,12,13,15,16,19,22,26,29,35,37,39,42,49,55,58,59,60,66,71
12/26/16,04,11,12,13,20,23,31,35,41,44,48,51,55,58,67,70,73,74,75,80
12/25/16,12,14,21,22,29,33,37,39,40,49,50,54,56,66,67,69,74,75,77,80
12/24/16,02,06,09,13,26,27,28,30,32,33,36,37,39,41,48,58,59,61,63,73
12/23/16,03,06,08,17,19,25,28,30,31,35,46,49,65,67,68,69,72,73,74,75
12/22/16,09,14,17,18,20,22,25,27,32,43,44,46,48,52,55,56,63,64,77,80
12/21/16,01,06,09,19,20,21,27,28,44,46,53,54,65,68,69,70,71,75,76,77
12/20/16,05,06,07,18,24,29,32,35,37,40,45,50,52,57,60,70,73,74,75,79
12/19/16,01,03,04,10,18,25,29,30,32,33,35,42,43,44,55,56,59,69,70,71
12/18/16,01,04,16,22,23,30,34,36,40,41,51,54,58,60,61,64,66,73,76,77
12/17/16,10,12,15,17,20,24,27,30,32,34,38,41,45,46,50,51,52,54,68,77
12/16/16,03,07,11,12,13,14,15,18,33,37,41,45,53,55,57,65,66,69,70,72
12/15/16,01,04,05,07,09,11,14,23,27,28,29,31,32,34,43,44,53,63,71,80
12/14/16,02,03,04,07,14,16,23,24,27,28,32,46,47,52,56,57,62,64,71,75
12/13/16,07,12,14,16,19,27,28,30,37,44,50,52,54,55,56,57,58,67,76,78
12/12/16,03,06,07,09,16,21,23,29,41,43,44,46,50,51,54,59,66,71,73,79
12/11/16,04,06,13,14,19,23,27,28,29,31,49,51,52,61,63,66,69,75,79,80
12/10/16,01,04,12,14,15,17,27,28,30,40,45,49,51,60,61,62,71,73,78,79
12/9/16,01,10,14,15,18,21,30,31,34,37,39,44,46,50,52,54,55,64,72,76
12/8/16,03,05,14,19,25,26,27,28,29,31,32,36,42,45,60,61,63,68,74,76
12/7/16,01,03,13,23,31,35,38,43,47,48,52,60,64,65,68,72,77,78,79,80
12/6/16,10,16,19,20,21,22,24,29,31,41,44,59,60,63,64,66,68,69,71,77
12/5/16,03,07,08,09,21,25,26,38,46,47,53,60,64,66,69,70,74,75,78,80
12/4/16,02,05,07,14,15,16,22,28,34,45,47,51,56,65,69,70,71,72,74,76
12/3/16,03,05,06,13,17,40,41,42,43,51,52,53,58,63,67,68,71,75,76,79
12/2/16,03,07,10,12,14,15,25,35,36,40,41,55,58,59,61,62,66,70,74,75
12/1/16,07,13,19,23,30,34,35,38,46,49,51,54,58,61,62,67,68,69,76,77
11/30/16,04,05,16,20,22,24,30,32,42,44,46,47,48,51,57,58,61,63,70,71
11/29/16,02,03,05,08,09,17,21,22,23,24,27,29,34,42,47,55,66,67,70,76
11/28/16,03,07,08,12,18,20,22,24,26,31,32,33,34,41,55,59,61,69,73,76
11/27/16,10,11,12,16,18,24,33,36,37,38,39,40,48,60,65,73,75,76,77,78
11/26/16,02,03,04,05,14,20,21,25,26,27,30,50,52,59,62,67,69,73,75,79
11/25/16,09,10,15,19,20,23,27,29,35,40,42,43,46,50,54,57,62,63,74,77
11/24/16,06,07,11,19,31,32,36,43,44,46,47,49,55,59,61,64,66,71,78,79
11/23/16,01,03,09,17,19,24,27,40,41,42,44,50,58,61,62,65,68,69,70,78
11/22/16,06,07,08,13,14,18,25,29,35,36,39,45,46,52,55,56,57,58,60,77
11/21/16,05,08,12,13,17,19,20,26,33,37,40,42,47,50,55,60,62,64,67,72
11/20/16,08,17,18,23,24,27,28,30,32,36,44,45,49,55,56,60,66,70,71,72
11/19/16,01,03,06,07,19,22,24,36,38,42,45,54,55,56,60,63,72,74,78,80
11/18/16,10,16,17,21,22,24,26,28,39,40,43,46,47,51,61,63,73,75,78,80
11/17/16,01,04,05,13,20,21,24,26,28,30,35,40,41,47,55,58,59,72,74,79
11/16/16,01,05,17,25,26,31,34,39,41,42,43,45,50,58,64,67,69,76,78,79
11/15/16,02,04,10,12,14,15,18,25,29,31,34,41,48,49,56,64,69,70,71,74
11/14/16,04,07,09,10,12,15,29,31,37,41,43,45,46,48,53,59,67,68,75,76
11/13/16,02,06,12,13,17,24,25,29,34,36,37,43,46,50,60,64,70,71,75,76
11/12/16,04,06,07,09,15,21,23,24,31,32,36,38,42,46,51,53,64,76,78,79
11/11/16,01,02,06,12,16,19,24,30,38,44,47,52,55,59,61,62,63,64,73,74
11/10/16,05,08,09,11,14,15,18,20,21,23,29,37,40,41,50,59,62,66,67,79
11/9/16,04,05,15,18,19,21,28,32,34,42,43,45,48,49,55,59,70,74,75,76
11/8/16,12,16,17,23,30,32,33,34,36,42,44,46,50,54,56,57,60,70,71,80
11/7/16,01,04,05,07,09,10,19,22,28,29,30,35,42,47,48,55,61,69,70,80
11/6/16,01,03,05,09,13,16,23,27,38,41,43,44,49,56,57,58,66,71,74,77
11/5/16,03,04,05,10,14,18,26,34,38,39,42,44,47,51,54,63,71,76,78,80
11/4/16,03,09,11,13,14,17,20,21,22,26,28,45,46,48,56,60,69,72,74,75
11/3/16,01,07,10,11,12,13,18,25,30,32,34,35,40,41,43,50,54,55,63,68
11/2/16,05,06,12,14,21,22,24,26,28,30,33,43,44,55,62,63,67,71,74,77
11/1/16,08,09,14,15,19,20,25,28,31,36,38,40,41,43,44,55,71,74,75,80
10/31/16,04,11,12,14,16,17,18,34,35,37,40,44,47,49,56,58,63,70,71,77
10/30/16,01,15,21,24,26,28,31,32,34,39,41,45,49,50,53,57,60,62,64,72
10/29/16,07,08,11,17,21,23,24,27,30,38,45,46,49,55,56,60,70,74,76,78
10/28/16,02,04,07,16,25,27,28,32,33,51,53,54,55,57,61,62,67,68,70,75
10/27/16,05,08,10,17,24,28,29,36,40,41,45,52,55,59,62,64,65,72,76,79
10/26/16,03,05,16,18,19,20,21,23,24,32,35,39,40,46,50,57,64,69,72,80
10/25/16,04,06,08,18,19,20,22,26,28,35,41,43,48,51,52,61,67,72,75,80
10/24/16,03,04,10,14,17,19,22,24,29,31,34,37,39,40,47,48,57,66,73,75
10/23/16,03,05,06,08,10,15,18,19,23,24,34,39,43,45,58,60,61,64,65,79
10/22/16,01,03,09,10,12,25,38,40,44,45,46,53,56,59,62,63,64,69,73,77
10/21/16,03,04,07,11,17,20,26,27,28,31,32,36,43,44,46,56,61,70,75,80
10/20/16,04,06,10,17,18,22,29,34,37,47,48,49,53,65,66,67,70,72,77,79
10/19/16,02,11,23,28,33,35,37,42,46,50,54,57,62,67,69,70,73,74,76,77
10/18/16,04,14,15,21,27,29,36,39,46,49,51,54,58,61,63,65,70,74,75,77
10/17/16,09,10,11,21,22,28,31,32,37,39,42,43,44,47,50,56,59,70,71,75
10/16/16,02,05,08,29,33,41,44,45,47,50,53,59,60,62,70,72,73,75,76,77
10/15/16,11,12,18,22,24,27,30,36,40,41,48,49,51,57,58,59,64,65,68,69
10/14/16,05,08,15,16,31,39,43,46,49,54,55,58,62,64,66,68,69,72,73,79
10/13/16,01,03,06,12,16,19,24,27,36,37,38,51,52,54,57,63,66,68,73,80
10/12/16,17,23,24,25,26,32,40,45,49,50,54,58,61,65,68,70,71,73,76,79
10/11/16,07,09,10,12,15,27,33,34,37,39,45,46,48,49,52,53,55,61,64,77
10/10/16,02,06,14,16,19,33,39,41,43,44,46,52,55,60,61,63,64,65,72,73
10/9/16,13,17,18,20,27,31,33,39,41,43,44,46,54,56,62,67,70,71,75,78
10/8/16,02,04,12,13,16,19,21,28,31,45,55,60,61,63,65,66,69,73,76,79
10/7/16,10,18,24,27,33,35,37,38,39,42,43,48,52,57,62,72,73,75,78,79
10/6/16,09,10,16,21,22,23,27,36,37,38,39,40,50,52,53,57,62,65,68,71
10/5/16,02,03,12,15,17,18,19,21,25,31,32,45,48,51,54,55,65,70,73,74
10/4/16,05,08,11,19,20,21,22,23,24,38,40,46,49,54,55,57,58,62,67,75
10/3/16,01,08,09,13,21,22,23,29,30,33,36,42,43,49,52,56,57,63,64,79
10/2/16,01,04,06,08,09,15,18,19,25,38,41,42,45,46,47,49,50,51,65,70
10/1/16,09,16,18,21,22,31,34,35,36,39,40,42,43,44,45,52,55,56,62,66
9/30/16,09,11,14,15,16,20,23,30,33,37,40,44,49,53,54,55,56,61,69,78
9/29/16,04,13,15,24,25,31,37,38,46,48,56,57,62,63,65,67,69,73,79,80
9/28/16,01,06,09,15,16,24,32,34,36,44,55,57,59,63,66,67,71,72,74,76
9/27/16,03,10,13,15,17,19,27,29,33,35,41,42,44,59,60,63,68,70,73,77
9/26/16,03,11,13,15,16,20,22,32,35,37,47,55,60,61,63,68,73,74,77,79
9/25/16,01,05,11,17,22,23,33,34,38,41,42,45,46,50,53,54,69,70,76,78
9/24/16,01,06,08,14,18,26,32,33,36,37,45,46,51,54,57,59,62,65,71,77
9/23/16,02,03,05,08,09,16,22,28,29,31,32,42,43,53,55,58,64,69,70,71
9/22/16,01,03,05,11,13,23,27,31,32,35,38,46,50,52,56,59,60,62,72,80
9/21/16,01,12,23,25,27,29,31,35,37,39,44,45,46,47,50,57,58,62,68,72
9/20/16,04,08,13,14,16,24,31,36,38,46,47,48,53,60,61,62,63,69,76,79
9/19/16,04,07,13,16,17,18,22,27,28,33,36,39,43,46,53,55,58,67,77,78
9/18/16,01,04,13,14,20,26,28,36,38,42,45,47,50,53,57,64,68,69,73,74
9/17/16,04,11,13,17,27,31,33,37,38,39,49,50,56,58,59,68,71,72,74,79
9/16/16,05,10,11,12,20,22,25,31,33,43,46,47,51,57,64,65,67,73,77,79
9/15/16,05,12,13,14,15,21,25,32,42,43,45,49,55,56,60,61,64,67,78,80
9/14/16,11,16,18,25,28,30,31,32,33,34,47,48,56,59,62,66,69,70,76,79
9/13/16,10,15,16,18,21,22,27,44,47,51,55,57,59,60,65,66,68,72,75,77
9/12/16,03,07,10,11,15,19,21,25,28,30,34,37,43,48,51,57,58,70,71,80
9/11/16,03,06,08,10,18,19,20,22,28,31,37,39,49,54,62,63,68,73,77,79
9/10/16,03,07,11,17,23,26,31,32,40,41,50,53,63,64,66,67,75,76,78,79
9/9/16,02,05,07,08,09,10,16,17,25,38,44,46,60,62,63,66,73,74,78,79
9/8/16,06,09,10,11,16,31,34,40,41,43,45,46,49,51,58,59,64,70,71,72
9/7/16,01,07,08,09,13,15,28,34,35,37,39,45,50,51,56,58,65,72,76,77
9/6/16,04,05,11,18,19,24,28,31,32,42,43,47,54,58,65,66,67,71,72,79
9/5/16,03,05,06,08,10,11,14,15,16,21,29,30,41,55,59,60,62,64,71,78
9/4/16,07,08,12,17,30,31,35,36,38,44,50,55,59,62,63,64,71,73,77,80
9/3/16,01,05,07,11,14,17,19,35,38,42,43,49,50,55,57,58,68,74,78,79
9/2/16,08,16,19,21,24,27,33,38,40,42,43,45,47,48,53,61,66,72,74,79
9/1/16,06,11,17,26,30,36,38,39,45,46,48,49,54,58,63,72,73,75,77,79
8/31/16,01,08,09,12,16,17,22,29,31,32,33,37,38,43,46,47,50,58,73,74
8/30/16,08,15,16,19,20,21,28,29,31,44,47,51,58,61,63,64,65,74,78,80
8/29/16,02,06,07,11,13,15,18,25,27,34,37,40,41,44,46,48,49,50,52,77
8/28/16,04,05,06,08,12,13,17,28,35,38,40,47,48,49,52,56,62,66,71,80
8/27/16,03,08,12,16,20,21,22,23,26,31,41,42,47,51,58,62,68,73,75,78
8/26/16,04,07,08,12,13,14,16,27,34,37,38,39,41,44,45,49,54,56,67,74
8/25/16,01,07,10,14,16,26,27,29,32,36,40,41,47,53,65,67,72,73,78,79
8/24/16,02,05,11,15,18,20,22,26,30,32,35,40,45,50,52,53,74,76,78,79
8/23/16,02,09,11,15,16,21,28,33,34,35,41,43,44,52,54,55,56,71,76,78
8/22/16,01,08,09,10,11,12,16,17,30,35,36,37,39,40,46,56,62,66,69,76
8/21/16,09,14,15,16,17,21,23,27,45,46,51,54,55,60,62,66,68,71,77,80
8/20/16,06,07,08,11,18,21,25,27,28,31,32,36,38,47,57,59,62,64,69,72
8/19/16,06,08,09,10,11,12,15,19,22,24,32,33,40,44,49,50,53,61,62,69
8/18/16,09,12,16,20,30,41,42,43,46,48,49,50,53,56,58,60,68,70,76,80
8/17/16,08,09,20,23,24,27,30,33,34,41,46,57,58,59,62,63,66,71,73,80
8/16/16,01,06,07,09,12,13,27,29,38,42,43,45,48,53,57,61,63,66,67,72
8/15/16,03,05,15,21,24,26,30,32,33,38,39,40,44,45,48,60,61,68,69,80
8/14/16,07,12,13,14,15,18,20,22,24,26,27,29,31,35,42,58,63,64,71,78
8/13/16,03,18,19,25,36,37,38,45,49,50,51,54,61,65,66,67,69,70,72,79
8/12/16,02,03,05,09,12,13,21,24,31,34,37,40,45,48,53,60,62,63,67,78
8/11/16,01,03,06,08,15,18,21,22,23,27,28,35,40,48,59,61,66,70,76,80
8/10/16,01,03,08,13,14,17,20,32,43,47,48,52,55,62,67,72,75,76,78,80
8/9/16,04,05,07,08,17,22,24,29,31,33,34,37,44,47,50,51,57,61,63,68
8/8/16,03,04,07,11,14,26,31,32,36,43,44,66,67,69,70,71,72,75,78,79
8/7/16,04,11,13,14,20,21,24,27,30,33,36,40,45,50,56,58,59,66,69,76
8/6/16,07,08,16,17,19,22,29,34,35,45,46,47,52,54,57,58,61,68,70,72
8/5/16,03,07,12,19,21,27,28,31,33,39,41,43,46,47,48,53,58,61,71,75
8/4/16,05,10,19,23,26,28,29,45,46,52,54,58,59,62,66,67,71,73,78,79
8/3/16,07,09,10,12,22,25,29,32,34,39,41,42,44,50,51,63,66,71,73,79
8/2/16,01,11,15,17,21,23,25,26,27,31,40,41,42,44,52,61,63,70,76,79
8/1/16,09,11,14,17,19,22,24,27,33,41,43,44,49,53,54,63,66,69,71,77
7/31/16,03,04,05,08,10,18,22,23,25,34,42,50,57,61,63,66,69,73,77,79
7/30/16,04,07,12,24,29,32,33,37,38,40,48,51,54,57,62,64,65,68,69,71
7/29/16,04,05,06,07,11,16,17,21,29,36,38,39,46,47,57,58,59,60,66,71
7/28/16,01,04,06,09,11,14,17,22,29,31,33,34,51,53,55,64,68,69,70,74
7/27/16,08,09,22,25,28,29,34,35,36,40,42,44,46,47,50,52,54,57,72,78
7/26/16,01,14,18,19,21,27,29,32,33,35,36,39,43,45,47,57,61,66,72,80
7/25/16,02,03,07,08,11,16,21,30,37,38,43,45,47,49,57,60,66,68,69,74
7/24/16,01,04,05,08,13,19,24,26,30,32,36,37,47,55,57,60,61,73,76,79
7/23/16,06,11,19,20,22,30,34,35,47,52,56,58,59,61,64,65,70,71,77,80
7/22/16,14,19,22,23,24,31,36,38,42,45,46,47,52,53,58,59,70,74,75,78
7/21/16,10,13,16,20,23,24,29,30,31,33,36,40,45,48,51,66,69,73,78,79
7/20/16,01,03,11,22,23,24,30,33,40,41,43,45,49,50,53,57,61,70,74,78
7/19/16,01,04,07,09,10,12,16,26,30,36,41,42,46,56,63,67,69,70,73,75
7/18/16,02,10,14,17,19,25,31,36,43,46,54,56,58,59,60,67,69,70,72,78
7/17/16,10,14,20,21,24,28,30,33,37,43,44,45,48,53,58,59,61,70,73,74
7/16/16,02,08,11,18,22,30,33,35,36,44,46,50,52,59,61,62,69,70,72,73
7/15/16,01,03,07,10,11,12,13,14,19,21,32,36,48,51,53,56,58,60,62,63
7/14/16,03,10,19,23,24,28,36,38,42,46,51,53,57,58,61,65,72,73,75,77
7/13/16,01,03,07,09,11,12,15,16,26,27,32,38,48,55,65,68,70,71,73,74
7/12/16,03,12,18,19,23,31,34,38,42,48,49,50,52,53,61,65,72,75,76,79
7/11/16,02,08,20,21,24,26,34,38,43,45,54,55,62,65,66,70,72,74,78,79
7/10/16,02,07,09,11,18,23,32,35,37,43,46,47,57,58,61,62,71,75,76,78
7/9/16,01,04,05,13,19,27,28,29,32,38,40,49,52,54,58,60,64,68,71,77
7/8/16,01,03,13,16,28,30,33,37,43,49,50,56,57,58,61,68,69,70,71,78
7/7/16,02,07,08,09,17,21,26,33,36,40,41,44,46,54,56,69,70,72,75,77
7/6/16,02,03,05,12,29,35,39,46,51,52,54,55,60,65,67,68,76,77,78,79
7/5/16,07,09,18,28,29,31,33,35,38,43,44,45,46,47,48,49,53,63,70,80
7/4/16,01,02,03,08,09,15,18,23,28,32,35,43,44,54,60,61,65,71,79,80
7/3/16,09,12,15,25,26,29,31,34,38,39,51,58,63,64,67,70,71,74,78,80
7/2/16,03,04,11,17,21,25,27,32,37,39,40,45,47,50,58,64,68,75,78,79
7/1/16,17,26,37,40,41,43,46,48,52,54,55,56,60,61,66,69,70,73,75,79
6/30/16,01,05,12,14,18,19,23,27,31,43,45,46,48,49,50,52,59,74,79,80
6/29/16,02,05,06,07,22,25,26,29,34,40,47,48,49,54,56,59,63,66,76,80
6/28/16,06,13,15,20,21,23,24,26,32,36,45,47,49,57,61,62,68,73,74,79
6/27/16,02,06,08,09,12,19,23,28,38,42,43,47,51,52,65,66,67,71,75,78
6/26/16,04,10,20,21,23,24,27,30,38,41,47,53,61,62,63,64,71,72,74,79
6/25/16,10,12,15,19,23,28,32,37,44,48,58,61,64,65,68,71,73,76,77,80
6/24/16,04,20,25,31,34,35,37,39,42,47,49,52,55,60,63,71,73,77,78,80
6/23/16,01,04,06,16,17,20,31,32,36,39,40,42,47,58,60,61,63,66,68,69
6/22/16,02,04,09,18,22,26,32,38,47,49,50,57,59,61,62,63,67,74,77,80
6/21/16,01,02,06,13,17,20,30,31,36,41,43,49,51,55,60,64,71,75,77,78
6/20/16,03,05,09,10,16,29,31,34,35,36,37,38,49,50,56,66,71,73,75,80
6/19/16,03,05,16,19,27,37,42,44,45,46,48,49,51,54,57,60,62,72,73,78
6/18/16,02,03,05,17,18,27,32,37,39,40,54,55,60,64,67,68,69,77,78,79
6/17/16,02,11,13,17,21,23,25,31,33,40,47,50,52,53,62,68,69,74,75,80
6/16/16,02,04,22,23,32,33,38,40,42,43,44,46,51,57,61,67,68,71,73,76
6/15/16,06,12,15,23,32,35,38,39,44,46,47,53,54,59,62,64,66,70,73,78
6/14/16,01,09,10,13,17,19,21,23,30,34,38,39,46,49,53,57,59,60,66,74
6/13/16,03,04,07,13,18,20,24,35,36,43,47,52,53,55,60,63,65,68,74,80
6/12/16,05,06,10,11,16,18,22,30,35,39,50,58,61,63,68,70,72,74,79,80
6/11/16,03,05,11,18,22,28,29,36,38,48,53,54,57,60,62,63,69,74,77,80
6/10/16,02,04,09,10,13,14,16,20,22,26,33,38,41,45,60,62,64,67,74,80
6/9/16,07,13,14,16,17,18,21,22,23,25,28,31,32,46,52,55,56,64,66,79
6/8/16,04,05,08,10,11,13,18,20,24,31,54,59,63,65,68,69,72,73,75,79
6/7/16,06,08,12,13,14,19,20,25,32,36,39,40,44,45,60,61,63,64,65,71
6/6/16,02,04,11,16,21,23,24,28,35,39,40,42,44,45,48,51,70,74,75,78
6/5/16,01,04,05,10,11,20,21,24,28,34,38,40,41,54,60,64,68,71,77,80
6/4/16,02,21,23,30,31,34,36,42,50,57,60,61,62,63,70,71,73,75,78,79
6/3/16,03,07,13,14,25,31,38,40,48,49,54,56,57,64,70,71,73,74,76,78
6/2/16,01,04,07,10,16,21,23,24,26,28,30,37,51,53,55,63,64,67,69,80
6/1/16,06,11,14,19,20,31,32,40,42,44,52,53,54,57,60,62,65,66,69,74
5/31/16,04,06,08,15,36,38,39,42,46,48,51,55,58,60,62,63,64,66,75,78
5/30/16,01,03,19,22,24,28,33,40,41,46,50,53,54,58,59,60,64,67,75,80
5/29/16,07,10,12,13,14,24,33,34,36,37,40,44,46,47,64,66,68,71,72,80
5/28/16,05,08,09,13,14,15,23,24,29,33,37,38,41,43,45,47,51,61,76,78
5/27/16,06,07,15,16,21,22,23,24,28,36,38,40,42,52,58,70,72,73,76,79
5/26/16,02,03,05,06,08,14,17,19,21,25,41,42,43,45,54,57,67,68,71,73
5/25/16,03,05,06,07,15,16,18,24,28,37,40,41,53,59,63,74,75,76,77,79
5/24/16,01,07,09,13,24,27,30,31,32,33,36,42,43,52,60,64,67,68,72,78
5/23/16,03,12,14,23,25,28,29,32,35,43,46,52,55,56,60,64,69,71,76,77
5/22/16,01,02,04,12,21,24,25,28,38,43,47,54,56,58,62,64,71,76,77,80
5/21/16,01,11,15,17,23,24,30,32,36,39,41,43,48,49,52,56,57,62,68,71
5/20/16,02,05,09,11,12,18,19,22,34,38,41,46,48,60,62,66,68,69,74,77
5/19/16,02,03,07,11,13,14,25,27,33,46,48,50,56,58,63,66,67,76,77,79
5/18/16,01,03,26,29,31,34,38,44,46,49,50,52,53,54,61,65,66,71,78,80
5/17/16,11,15,16,20,34,35,38,39,41,42,43,46,48,49,55,58,70,73,75,77
5/16/16,02,05,12,22,27,28,32,42,48,49,52,54,59,61,64,71,72,77,79,80
5/15/16,03,06,09,18,22,27,31,32,43,46,53,61,64,65,71,74,75,77,78,80
5/14/16,07,13,16,21,24,25,31,32,35,42,51,52,62,63,66,67,71,73,74,78
5/13/16,01,03,05,07,18,19,25,34,41,42,50,54,56,57,60,61,66,77,78,80
5/12/16,01,04,09,13,16,23,24,26,30,39,41,43,50,52,60,64,70,71,72,76
5/11/16,04,07,12,13,19,21,23,24,26,28,31,32,33,41,44,47,51,57,71,78
5/10/16,02,04,06,11,13,18,22,29,36,37,38,39,44,46,66,69,70,75,76,80
5/9/16,02,07,09,11,12,14,19,25,30,47,48,55,57,61,64,66,69,70,75,76
5/8/16,05,07,08,12,13,15,16,30,39,42,44,50,51,52,55,61,69,75,76,78
5/7/16,07,10,12,13,21,24,33,36,37,41,46,50,57,58,60,61,68,69,72,74
5/6/16,03,15,21,22,24,26,29,32,33,35,37,42,43,44,45,52,54,58,75,76
5/5/16,02,03,05,16,17,19,23,26,31,40,42,45,47,56,58,60,71,72,73,77
5/4/16,05,07,11,13,14,16,24,25,26,33,34,38,41,42,45,50,57,63,71,79
5/3/16,04,12,25,26,29,34,36,37,39,42,44,45,50,53,56,63,67,68,69,71
5/2/16,01,03,04,19,20,26,29,30,31,34,43,45,59,61,62,65,68,74,76,79
5/1/16,03,08,09,10,11,15,18,22,30,43,45,49,51,52,57,60,62,64,68,74
4/30/16,02,05,06,07,08,12,17,18,31,35,41,42,43,44,58,60,61,66,75,77
4/29/16,08,09,10,17,18,19,21,23,24,27,28,32,36,43,59,67,71,76,78,79
4/28/16,07,09,10,13,15,16,18,23,25,31,32,36,39,45,51,53,59,61,67,72
4/27/16,04,06,09,11,13,15,18,19,21,23,25,27,36,38,51,54,57,67,75,76
4/26/16,04,13,26,28,32,33,39,41,47,48,52,53,57,58,60,61,68,69,76,78
4/25/16,03,12,15,17,18,22,25,38,39,45,47,51,52,54,64,67,69,74,75,76
4/24/16,07,10,11,12,13,14,15,16,27,37,38,43,44,47,53,54,59,67,69,73
4/23/16,02,04,07,08,14,23,27,49,50,51,52,58,59,60,64,69,76,77,79,80
4/22/16,01,02,08,19,25,28,31,32,33,34,44,49,52,53,54,62,64,74,78,79
4/21/16,06,07,12,17,18,20,23,29,31,33,34,42,43,48,55,57,60,61,64,77
4/20/16,02,06,08,10,13,17,19,30,31,32,34,36,43,46,50,53,62,65,69,80
4/19/16,01,02,04,05,07,09,10,14,21,26,27,34,51,52,53,58,65,72,74,79
4/18/16,01,08,09,18,27,29,35,38,39,42,43,46,49,52,56,59,69,70,72,75
4/17/16,01,04,07,09,25,30,31,35,38,40,41,43,51,56,63,64,68,69,70,76
4/16/16,04,08,17,19,20,25,27,35,41,46,49,52,56,58,60,62,63,68,73,80
4/15/16,04,08,11,14,19,20,21,26,28,34,42,43,45,54,56,63,73,78,79,80
4/14/16,01,06,13,14,17,18,19,22,24,36,37,38,41,45,50,51,58,74,75,76
4/13/16,02,09,19,24,25,26,30,32,34,40,43,44,51,52,53,66,67,72,73,79
4/12/16,01,05,06,10,12,20,24,26,31,32,39,40,42,45,49,54,56,57,69,70
4/11/16,02,05,06,12,16,17,19,22,23,30,31,35,36,38,52,55,57,62,73,80
4/10/16,03,11,14,21,23,29,31,39,43,50,51,54,55,62,68,70,72,76,78,80
4/9/16,02,07,10,13,15,27,33,39,44,46,50,51,55,56,61,62,63,65,67,73
4/8/16,02,07,10,12,13,17,21,22,25,26,29,35,42,45,49,50,53,68,69,73
4/7/16,01,15,22,26,30,31,35,42,44,50,51,52,53,60,61,66,71,72,78,79
4/6/16,03,08,12,13,18,19,30,37,38,42,45,48,53,55,56,57,58,69,71,79
4/5/16,01,05,06,07,11,14,22,30,32,34,35,37,44,45,54,55,60,61,66,68
4/4/16,03,05,06,11,14,22,27,29,30,36,41,47,58,62,64,65,68,70,72,77
4/3/16,02,09,19,21,36,39,40,42,53,56,57,61,63,64,69,72,73,75,77,79
4/2/16,02,08,20,22,24,26,28,29,33,39,40,42,43,44,60,62,66,67,78,79
4/1/16,09,11,12,14,15,20,21,22,23,27,36,43,46,53,61,73,76,77,78,79
3/31/16,07,11,14,19,23,25,28,30,31,33,38,39,42,47,53,59,62,68,73,76
3/30/16,03,13,15,18,21,27,29,35,38,44,45,47,48,49,55,56,58,63,71,74
3/29/16,01,03,04,11,24,27,35,38,41,45,47,48,52,53,60,63,64,66,67,68
3/28/16,02,03,07,10,11,24,30,31,32,37,47,48,52,57,62,65,66,70,72,79
3/27/16,02,04,08,09,11,15,24,32,33,40,44,45,50,55,62,63,65,67,74,77
3/26/16,04,05,06,07,09,16,19,20,24,28,31,33,38,44,49,59,62,63,64,79
3/25/16,02,05,08,13,14,16,18,20,35,39,43,45,47,50,56,58,65,69,70,76
3/24/16,01,02,03,05,11,12,20,27,29,31,33,36,39,51,52,58,60,61,76,77
3/23/16,01,03,07,09,10,15,16,19,23,24,30,45,50,53,57,61,64,65,68,80
3/22/16,08,13,15,21,22,25,30,31,33,38,39,42,55,60,62,63,64,66,76,79
3/21/16,09,10,13,14,26,30,34,35,40,42,45,47,50,51,52,53,68,70,76,80
3/20/16,06,12,17,22,26,30,38,40,45,47,53,56,60,62,67,68,69,73,76,80
3/19/16,02,03,15,17,19,21,23,30,36,41,43,45,46,49,50,51,64,67,68,77
3/18/16,03,05,06,11,22,23,39,41,43,44,45,52,54,56,61,66,67,68,70,74
3/17/16,04,16,19,20,22,29,35,37,38,40,42,48,55,59,61,63,66,67,72,73
3/16/16,09,11,20,22,27,28,29,31,38,40,44,50,56,62,63,65,67,71,73,79
3/15/16,02,19,27,28,29,33,37,40,41,43,45,47,62,63,64,68,70,74,79,80
3/14/16,04,08,09,17,18,19,21,23,27,32,38,46,47,52,53,57,61,73,76,77
3/13/16,02,04,17,18,19,23,25,27,31,34,44,49,51,55,57,63,65,71,76,79
3/12/16,02,09,17,25,27,33,37,41,42,43,48,49,55,56,64,65,68,72,74,75
3/11/16,06,11,13,17,30,31,37,40,41,44,50,53,55,59,61,65,67,75,78,80
3/10/16,01,03,05,08,11,12,14,21,25,32,35,42,45,46,50,51,52,55,67,69
3/9/16,03,05,08,09,12,17,23,27,28,34,36,40,51,55,63,64,69,71,74,77
3/8/16,01,06,07,09,10,21,27,28,29,30,34,35,36,40,50,51,63,70,74,79
3/7/16,01,09,18,22,23,25,27,29,32,37,42,55,56,59,61,62,65,66,76,78
3/6/16,07,09,14,17,19,30,35,37,48,50,51,54,56,57,60,63,64,66,69,77
3/5/16,08,11,14,23,32,38,39,40,42,44,48,56,59,60,63,65,66,76,77,78
3/4/16,01,09,10,13,20,25,38,49,50,53,55,56,58,62,65,67,69,71,72,74
3/3/16,02,03,09,13,14,18,20,27,28,30,31,33,38,43,46,53,59,63,67,69
3/2/16,05,07,08,10,17,25,28,31,37,38,41,50,51,56,57,59,66,67,68,75
3/1/16,02,08,09,12,20,21,22,23,24,30,32,33,34,35,39,42,44,52,63,79
2/29/16,03,06,09,12,13,21,24,38,40,48,49,52,53,54,62,63,65,69,76,78
2/28/16,01,03,10,17,19,21,24,29,36,41,49,54,56,65,66,71,72,74,77,80
2/27/16,03,06,10,12,15,20,25,30,33,43,48,50,58,60,65,69,71,72,73,78
2/26/16,09,11,12,15,18,20,23,24,30,33,36,40,46,47,56,59,61,62,67,74
2/25/16,06,14,15,16,17,21,23,24,34,38,40,49,56,58,59,62,63,65,76,77
2/24/16,11,25,26,31,32,33,35,38,42,43,44,46,49,50,54,59,63,65,68,80
2/23/16,05,09,10,21,23,30,46,50,52,55,58,60,61,62,63,65,68,71,78,79
2/22/16,01,05,14,15,18,19,22,25,28,34,42,52,54,58,61,62,67,68,71,78
2/21/16,01,06,10,13,14,18,23,27,34,36,38,44,47,57,63,64,65,70,73,80
2/20/16,03,16,21,25,35,36,39,41,45,48,50,51,55,59,62,66,70,72,76,79
2/19/16,01,02,03,05,08,15,17,22,31,32,34,36,44,53,57,61,64,66,73,80
2/18/16,01,05,07,09,14,16,20,22,29,38,49,53,59,60,62,64,68,70,77,78
2/17/16,05,07,11,15,20,22,24,25,26,28,29,30,43,47,51,58,65,69,72,73
2/16/16,10,12,21,25,28,30,32,35,39,41,47,48,49,58,60,71,73,74,78,80
2/15/16,02,03,12,20,21,28,30,35,40,43,48,53,57,63,64,67,73,77,78,80
2/14/16,03,05,14,15,17,18,19,24,27,29,30,35,38,40,55,61,65,69,76,80
2/13/16,03,05,09,15,16,18,34,35,40,48,57,59,64,66,69,70,71,75,77,80
2/12/16,05,11,18,33,34,37,39,45,49,50,51,57,65,66,71,72,75,77,78,79
2/11/16,08,10,13,15,18,21,23,25,29,30,35,36,56,58,62,64,66,69,75,76
2/10/16,01,04,08,10,11,14,15,22,32,34,40,42,43,49,55,62,67,69,74,79
2/9/16,04,06,07,10,12,14,15,19,22,40,47,52,55,57,63,66,67,68,71,75
2/8/16,01,02,03,04,05,08,12,23,25,28,34,39,42,43,45,50,51,57,59,60
2/7/16,04,12,17,18,26,30,32,33,35,40,45,46,55,58,59,63,67,70,72,77
2/6/16,04,11,12,16,21,27,28,30,32,35,38,44,46,47,54,62,68,71,75,79
2/5/16,04,09,10,12,13,15,25,31,46,48,56,59,60,64,66,67,73,77,78,80
2/4/16,01,02,05,06,07,12,14,20,24,25,28,29,32,33,40,50,51,52,53,69
2/3/16,01,06,07,12,14,18,19,20,21,26,28,40,44,56,60,64,68,74,77,79
2/2/16,02,07,13,17,23,26,27,29,32,37,38,39,46,47,61,66,71,72,75,77
2/1/16,02,06,07,08,11,15,16,20,21,25,31,35,38,41,45,47,49,51,58,70
1/31/16,01,04,06,10,15,19,27,32,33,34,36,40,50,59,60,61,65,67,70,72
1/30/16,03,09,15,16,21,23,26,28,30,34,40,46,50,51,53,55,58,66,67,80
1/29/16,02,05,08,13,16,36,39,40,43,44,46,52,54,55,60,63,64,69,73,80
1/28/16,01,02,06,11,18,19,31,32,36,37,45,47,49,50,55,56,60,63,72,77
1/27/16,08,09,15,20,23,24,25,43,60,63,64,65,66,68,70,71,72,73,77,78
1/26/16,02,03,11,13,22,25,35,41,42,43,46,48,49,53,56,63,65,71,74,75
1/25/16,16,17,20,22,25,28,29,33,35,47,48,49,51,52,53,56,61,66,73,74
1/24/16,04,06,09,11,12,14,16,19,21,28,32,33,36,40,43,57,64,68,69,78
1/23/16,01,03,05,17,18,20,25,30,42,46,49,51,58,60,61,62,63,64,68,74
1/22/16,03,13,14,16,17,18,31,32,37,47,48,49,51,57,59,63,65,76,77,78
1/21/16,11,12,14,16,22,24,26,28,35,38,40,49,51,60,61,69,73,77,78,80
1/20/16,02,10,12,17,19,23,24,34,39,40,42,45,48,49,53,55,62,67,76,80
1/19/16,06,10,15,17,19,30,32,33,35,38,40,42,43,44,50,58,62,74,76,78
1/18/16,03,14,16,25,27,28,31,32,33,35,38,40,45,49,59,63,67,70,73,75
1/17/16,04,10,12,21,22,23,25,27,34,40,42,49,51,55,59,68,73,76,78,80
1/16/16,02,12,16,20,25,26,27,29,30,31,36,41,47,53,56,63,66,67,74,78
1/15/16,13,15,19,21,25,27,29,34,36,37,40,44,46,51,54,59,62,74,76,79
1/14/16,12,15,16,30,31,35,36,37,40,43,44,45,46,48,49,58,63,65,71,73
1/13/16,04,05,10,11,17,18,19,24,28,34,35,38,46,55,60,64,67,73,78,79
1/12/16,03,07,08,09,10,11,14,15,18,28,34,51,52,62,63,67,73,75,76,80
1/11/16,02,04,05,20,21,23,27,28,31,36,39,41,48,49,50,60,61,63,65,74
1/10/16,08,10,13,14,16,20,21,22,24,25,26,28,29,35,37,45,56,57,60,67
1/9/16,01,06,08,14,20,23,26,29,31,35,45,46,48,50,53,54,68,72,75,76
1/8/16,04,07,18,20,23,24,25,28,29,34,38,40,42,44,58,59,64,67,68,75
1/7/16,06,07,09,14,15,17,21,22,31,42,43,47,53,68,70,71,72,73,77,79
1/6/16,04,09,11,13,21,31,34,41,46,49,50,51,52,55,56,58,63,64,65,69
1/5/16,10,20,22,23,25,35,39,42,45,46,50,52,53,57,61,62,67,72,74,77
1/4/16,02,03,04,06,07,08,14,18,20,24,32,33,38,44,48,50,56,59,69,74
1/3/16,04,08,10,12,15,33,38,39,40,45,46,49,50,60,64,69,71,72,77,79
1/2/16,03,09,11,13,14,28,30,34,35,43,45,52,57,59,63,65,69,70,77,78
1/1/16,05,08,12,14,15,29,38,40,44,46,47,50,57,67,69,70,72,76,78,79
12/31/15,04,07,09,12,13,24,33,38,43,44,52,54,55,59,65,67,73,74,77,78
12/30/15,05,06,09,10,11,18,24,25,37,43,44,51,57,58,61,71,73,74,75,76
12/29/15,12,15,17,22,23,27,29,30,31,33,35,42,44,58,66,69,75,76,77,80
12/28/15,02,15,18,19,23,26,34,36,37,38,39,44,51,57,59,61,70,72,73,78
12/27/15,03,06,10,14,20,24,29,31,35,43,49,54,60,62,63,67,68,74,77,79
12/26/15,02,09,11,13,14,15,28,29,33,35,43,45,50,54,58,66,71,75,77,79
12/25/15,03,04,05,13,16,27,29,31,32,33,34,35,37,40,45,47,70,73,75,77
12/24/15,01,02,11,16,19,20,22,27,28,30,34,37,45,56,59,60,66,68,71,72
12/23/15,01,05,18,20,22,26,31,32,33,35,42,44,48,54,55,58,63,66,74,78
12/22/15,06,09,10,13,24,28,32,35,45,52,56,58,59,62,64,65,70,72,77,80
12/21/15,02,10,12,15,18,27,34,43,46,49,53,55,59,64,65,66,68,74,75,79
12/20/15,03,05,15,21,23,25,26,28,29,32,46,48,53,55,56,58,60,64,69,79
12/19/15,12,14,15,23,28,29,32,39,43,48,49,53,59,60,61,64,66,69,75,77
12/18/15,05,09,11,12,14,16,24,28,31,32,36,38,42,45,46,48,66,73,74,79
12/17/15,01,02,03,04,06,11,15,19,27,42,51,54,59,60,61,62,65,67,68,77
12/16/15,06,09,10,11,20,21,23,45,51,54,55,59,62,66,68,71,72,73,77,78
12/15/15,04,07,08,09,12,16,20,21,22,24,39,41,43,44,45,61,63,65,66,75
12/14/15,05,07,15,19,20,23,24,26,31,33,40,43,49,63,64,73,75,78,79,80
12/13/15,06,10,12,15,20,25,29,38,50,51,56,59,61,66,68,73,75,77,78,80
12/12/15,05,06,10,11,17,19,20,24,33,43,47,49,58,60,66,67,70,74,76,77
12/11/15,04,06,10,12,17,18,19,26,29,35,41,43,44,45,49,50,57,63,68,77
12/10/15,06,10,11,14,19,24,33,37,39,44,47,48,50,56,63,69,71,75,77,78
12/9/15,08,17,19,23,26,29,30,31,37,40,43,53,54,56,58,61,66,68,72,78
12/8/15,06,08,09,14,16,19,20,23,27,30,41,43,53,54,56,58,71,72,74,79
12/7/15,01,02,07,13,18,20,23,24,32,35,37,38,40,41,42,47,59,60,62,72
12/6/15,01,03,14,20,24,25,33,36,40,48,51,52,55,56,58,62,63,72,74,80
12/5/15,02,03,08,10,13,16,33,38,41,46,49,50,56,64,68,74,75,76,77,80
12/4/15,07,15,20,23,24,25,31,37,45,54,56,58,62,65,71,72,76,77,78,79
12/3/15,01,03,04,08,09,10,15,18,24,28,29,32,33,34,37,38,48,51,54,61
12/2/15,01,07,09,16,20,27,30,33,35,36,45,48,49,51,59,60,66,70,77,80
12/1/15,01,03,04,06,09,10,11,15,27,29,50,51,52,53,54,56,61,64,65,75
11/30/15,02,04,11,12,15,23,25,33,35,50,51,55,57,58,60,61,65,68,72,78
11/29/15,01,02,03,06,15,22,23,32,37,40,45,50,54,62,63,68,70,74,77,80
11/28/15,02,06,07,16,17,22,25,35,37,40,43,52,54,60,64,65,67,68,69,70
11/27/15,06,11,16,18,20,22,27,31,35,36,39,41,44,45,49,51,55,64,67,74
11/26/15,01,03,07,12,13,16,17,19,23,28,34,36,37,40,47,51,55,72,74,75
11/25/15,02,05,07,11,17,18,20,29,31,36,48,51,56,60,65,68,69,73,74,75
11/24/15,04,06,09,11,13,19,20,22,23,26,32,39,48,52,53,56,59,63,69,80
11/23/15,03,10,18,22,26,28,29,35,37,40,41,47,51,52,55,56,62,66,67,78
11/22/15,01,03,08,10,11,18,22,24,32,36,41,45,47,50,52,55,64,67,69,78
11/21/15,02,08,14,18,22,26,28,35,37,38,40,42,44,46,49,54,60,68,74,77
11/20/15,09,14,24,32,39,41,43,46,47,48,50,51,53,55,58,66,67,68,69,71
11/19/15,02,08,10,11,13,14,21,27,28,39,42,45,54,55,63,64,66,68,69,79
11/18/15,04,06,09,12,17,28,29,30,34,38,40,42,45,54,59,60,66,67,71,80
11/17/15,03,05,07,11,14,17,22,31,37,40,46,52,55,56,59,62,66,67,72,75
11/16/15,01,07,17,19,22,23,26,36,40,44,46,49,51,57,61,67,68,75,78,79
11/15/15,01,02,03,04,06,08,11,13,14,28,34,38,40,41,48,56,63,72,74,77
11/14/15,05,12,13,19,31,34,35,37,41,42,44,45,46,49,51,52,68,72,75,80
11/13/15,04,05,07,17,20,24,29,30,32,33,34,38,42,50,58,66,71,75,76,78
11/12/15,01,02,04,09,19,24,26,45,46,48,49,51,54,55,62,64,70,71,75,78
11/11/15,09,13,21,23,25,26,30,31,33,37,41,43,53,55,60,66,67,72,75,80
11/10/15,01,08,14,16,26,30,34,35,36,41,45,50,51,55,57,65,66,68,70,74
11/9/15,13,19,20,21,24,25,28,33,34,40,45,54,55,56,58,60,65,66,73,78
11/8/15,04,06,08,09,11,13,15,21,24,29,33,44,46,48,54,60,65,66,72,80
11/7/15,05,07,08,09,15,21,22,27,29,31,39,40,41,50,56,57,62,69,74,80
11/6/15,02,04,06,11,14,18,31,32,35,38,43,51,54,55,57,59,60,61,71,72
11/5/15,14,15,19,33,34,35,36,37,39,42,44,46,51,55,59,61,63,69,71,73
11/4/15,01,06,14,15,17,21,22,30,31,35,37,40,41,54,55,57,60,64,73,75
11/3/15,02,05,08,10,12,13,17,18,21,34,39,40,44,46,56,57,64,72,73,75
11/2/15,04,09,14,19,25,27,30,34,36,41,45,48,50,53,57,64,67,68,70,72
11/1/15,01,03,04,05,10,22,23,25,33,34,41,42,43,51,52,54,57,59,62,74
10/31/15,01,03,08,11,22,26,34,35,47,48,50,53,56,57,62,65,73,74,76,78
10/30/15,04,11,19,23,24,25,36,39,40,41,44,50,51,54,55,58,66,68,77,78
10/29/15,01,03,04,11,13,16,18,21,22,23,29,32,34,42,45,61,62,66,73,74
10/28/15,04,08,11,23,30,32,37,39,41,44,45,47,48,50,56,59,67,71,74,80
10/27/15,01,06,09,23,24,25,26,32,35,40,42,45,54,65,67,68,70,77,78,80
10/26/15,04,06,08,12,13,22,23,32,33,36,37,38,40,46,53,56,59,66,71,78
10/25/15,06,09,10,11,15,20,22,32,35,37,47,51,52,54,56,63,71,72,78,80
10/24/15,01,02,16,19,21,35,39,41,47,48,50,53,55,59,63,67,68,76,78,79
10/23/15,06,12,14,16,18,25,28,30,34,40,42,43,48,50,54,55,56,60,71,80
10/22/15,01,03,09,11,13,20,29,34,35,37,38,39,40,43,48,52,55,64,67,76
10/21/15,02,07,09,15,16,20,21,22,38,43,46,51,53,55,65,68,73,75,77,79
10/20/15,01,03,11,15,17,18,19,25,34,35,36,43,47,49,54,56,62,69,72,76
10/19/15,04,06,09,10,16,22,37,38,41,44,47,49,50,54,58,60,64,66,70,76
10/18/15,02,04,09,11,13,15,16,17,25,28,40,42,50,52,58,59,60,68,72,73
10/17/15,02,04,05,08,11,15,23,24,25,27,39,44,48,56,62,66,70,74,77,80
10/16/15,07,12,16,17,19,20,23,24,28,29,31,34,37,45,50,60,65,70,78,80
10/15/15,01,10,13,21,22,23,28,30,33,35,38,47,52,54,55,59,62,63,65,66
10/14/15,06,15,17,20,21,22,33,34,37,41,42,45,46,53,54,56,66,69,71,79
10/13/15,02,06,08,14,25,29,34,36,42,43,44,45,49,56,58,60,72,75,77,80
10/12/15,03,06,08,11,14,19,23,24,33,42,52,54,56,64,66,68,69,78,79,80
10/11/15,02,03,05,08,20,23,25,26,29,31,32,36,37,40,47,54,58,60,63,76
10/10/15,01,04,05,07,15,16,19,31,42,46,47,53,57,58,59,67,68,73,74,79
10/9/15,03,06,08,11,15,16,17,23,25,29,30,33,41,49,52,55,59,67,74,75
10/8/15,08,11,12,14,17,18,24,28,29,30,31,38,43,51,53,62,64,65,75,78
10/7/15,02,04,08,11,15,20,21,22,31,33,34,40,41,45,49,50,51,57,65,73
10/6/15,01,09,16,17,19,21,34,37,40,49,52,54,57,58,60,63,71,75,78,80
10/5/15,01,03,10,14,17,19,20,22,24,36,37,38,42,52,55,56,60,72,79,80
10/4/15,01,08,17,20,21,22,24,33,39,45,50,52,57,58,63,69,72,76,79,80
10/3/15,01,02,03,12,14,17,24,25,26,30,32,34,35,38,44,48,49,53,57,67
10/2/15,13,16,20,23,25,37,43,44,46,49,51,54,56,57,58,62,64,66,69,73
10/1/15,01,03,09,10,11,22,26,29,35,38,39,42,46,50,53,62,64,67,69,78
9/30/15,01,05,06,07,11,18,19,23,24,26,29,32,35,36,37,50,77,78,79,80
9/29/15,02,12,17,24,25,30,31,39,41,45,48,49,56,57,58,62,65,66,71,72
9/28/15,04,09,11,12,23,25,27,30,32,34,35,45,46,54,55,68,70,73,74,76
9/27/15,03,05,06,07,08,09,11,25,30,34,37,39,41,42,57,63,67,74,77,79
9/26/15,03,09,12,15,24,25,28,31,33,37,40,44,46,47,48,58,59,65,68,79
9/25/15,03,04,12,13,20,21,22,26,28,34,36,38,42,44,45,48,53,57,67,77
9/24/15,01,02,04,10,13,14,15,16,21,31,32,35,42,46,57,62,72,74,77,79
9/23/15,04,12,15,26,28,31,36,42,45,46,50,53,55,58,63,70,71,72,75,76
9/22/15,07,08,10,15,19,23,25,27,29,32,33,45,49,53,58,60,69,71,75,79
9/21/15,01,02,03,15,23,27,32,41,42,43,44,46,51,53,55,61,64,65,70,78
9/20/15,02,04,05,07,10,13,14,19,21,23,28,31,39,46,48,51,54,59,63,64
9/19/15,03,04,05,06,09,10,16,21,22,37,38,39,42,47,50,56,60,62,70,79
9/18/15,10,12,15,19,21,25,27,31,33,34,37,38,42,45,47,52,56,69,71,73
9/17/15,01,02,07,09,18,25,27,33,36,43,44,46,47,56,59,62,67,71,74,79
9/16/15,01,09,15,21,23,25,35,47,50,52,57,59,60,61,63,64,67,70,74,78
9/15/15,16,20,23,27,31,36,46,47,48,51,53,54,57,58,60,64,68,74,78,80
9/14/15,01,02,03,04,06,10,22,28,32,39,42,49,51,52,66,68,71,75,79,80
9/13/15,01,02,03,04,08,13,16,17,20,25,27,28,34,41,44,45,52,68,73,77
9/12/15,06,13,15,16,20,25,31,35,39,43,44,45,47,56,57,60,61,65,74,76
9/11/15,07,08,09,11,13,16,19,23,26,30,35,41,44,50,56,59,64,69,73,79
9/10/15,04,12,17,31,32,37,40,43,44,45,47,57,60,62,65,69,70,72,77,79
9/9/15,04,05,07,16,24,26,28,30,36,42,47,48,50,58,59,62,64,68,74,79
9/8/15,01,02,15,16,22,23,24,26,29,35,41,42,43,49,50,53,62,67,79,80
9/7/15,12,13,15,18,19,22,23,24,30,32,34,43,44,47,49,53,65,66,69,73
9/6/15,03,10,14,18,19,21,26,36,38,39,46,49,50,52,61,62,64,66,73,74
9/5/15,03,07,13,21,25,33,38,39,40,43,49,51,56,59,62,65,70,72,74,79
9/4/15,03,05,06,09,12,13,22,27,31,44,50,51,57,58,60,61,62,73,75,77
9/3/15,02,05,10,16,20,24,28,30,38,48,49,50,52,55,59,61,62,63,67,77
9/2/15,03,04,11,21,23,25,32,33,34,36,46,47,58,59,65,69,71,74,76,78
9/1/15,05,08,12,14,15,19,23,24,29,36,38,46,47,53,55,62,63,65,75,77
8/31/15,03,04,11,12,17,24,25,27,32,37,39,43,44,46,51,54,55,59,64,68
8/30/15,08,09,11,12,14,17,21,31,33,34,39,43,51,58,60,61,65,69,74,78
8/29/15,07,12,21,22,26,29,30,37,39,40,42,49,52,55,56,60,68,72,75,78
8/28/15,05,07,09,17,21,30,34,35,41,49,53,54,55,57,61,67,69,70,75,78
8/27/15,04,06,10,11,19,26,32,34,36,40,41,43,54,55,59,64,72,75,76,77
8/26/15,01,02,04,08,12,13,14,23,34,38,39,42,44,45,48,51,57,74,75,78
8/25/15,03,07,10,11,13,15,22,25,26,30,31,32,33,36,40,43,55,58,64,75
8/24/15,01,08,11,12,18,23,29,30,33,34,35,42,45,53,55,57,58,59,76,79
8/23/15,01,17,18,20,21,30,34,37,40,50,60,61,63,66,67,68,71,72,78,80
8/22/15,01,04,09,20,27,35,36,41,42,43,45,47,48,51,58,60,65,71,72,78
8/21/15,09,11,12,16,26,27,29,42,47,48,52,53,54,59,63,66,69,75,77,79
8/20/15,08,11,12,16,22,24,32,34,42,43,49,53,54,60,66,67,71,73,75,78
8/19/15,05,07,08,09,10,12,18,24,26,35,40,46,49,50,61,62,70,71,74,75
8/18/15,05,06,15,16,17,25,28,29,35,40,48,49,53,65,69,70,71,72,73,79
8/17/15,04,08,09,14,17,20,24,31,33,34,36,37,40,41,51,63,67,71,72,79
8/16/15,06,11,19,20,23,26,28,29,34,36,47,54,55,57,58,61,69,71,73,77
8/15/15,03,10,11,23,29,31,37,42,47,50,55,56,58,65,66,67,68,75,76,80
8/14/15,03,04,11,12,25,26,36,49,50,58,59,60,64,66,70,71,73,74,77,80
8/13/15,05,08,10,14,17,21,23,26,42,44,46,56,57,59,65,70,71,73,76,79
8/12/15,01,02,06,09,15,23,26,30,33,35,38,40,44,47,56,62,65,67,69,77
8/11/15,02,04,06,07,12,15,19,20,22,23,25,26,27,37,43,45,52,57,58,64
8/10/15,01,02,03,09,15,21,24,28,33,34,40,43,54,59,66,73,74,76,77,78
8/9/15,07,09,13,18,24,28,34,35,36,43,46,51,58,65,66,68,69,73,76,78
8/8/15,08,10,11,13,14,16,25,26,32,34,37,38,43,47,50,61,67,75,79,80
8/7/15,01,07,16,28,29,34,35,38,43,44,45,49,52,61,63,66,73,75,77,80
8/6/15,04,06,13,16,25,33,39,42,47,51,52,53,56,58,59,61,63,64,66,68
8/5/15,03,17,22,25,26,32,33,37,38,42,44,45,46,48,49,53,55,57,60,66
8/4/15,02,06,08,09,15,17,25,30,32,33,37,40,42,44,45,63,68,70,75,79
8/3/15,01,09,10,15,18,19,22,26,27,30,38,41,42,47,53,58,59,66,73,74
8/2/15,03,05,08,14,15,29,30,31,32,34,46,47,48,55,59,62,69,71,73,76
8/1/15,01,02,10,12,17,20,21,22,28,29,33,36,39,42,45,47,52,63,66,79
7/31/15,06,07,08,10,11,14,15,16,26,30,31,34,35,44,50,56,63,65,66,72
7/30/15,01,04,06,12,16,17,19,21,22,23,25,33,41,47,49,54,58,67,69,78
7/29/15,01,06,10,14,19,20,23,26,29,32,36,40,45,46,51,52,55,66,68,70
7/28/15,01,03,08,11,12,13,15,18,24,25,26,28,32,33,36,38,43,55,71,76
7/27/15,02,03,05,09,11,22,23,33,40,48,49,50,54,57,63,64,66,77,78,80
7/26/15,04,05,07,11,15,17,18,20,24,31,34,44,46,49,50,62,64,66,67,68
7/25/15,06,08,12,19,38,39,45,47,50,52,53,56,61,66,67,69,70,72,73,76
7/24/15,04,05,06,21,24,30,31,38,44,47,52,60,67,69,70,74,75,78,79,80
7/23/15,01,03,11,19,21,30,35,36,37,39,40,42,43,51,65,72,73,74,75,77
7/22/15,03,05,11,15,26,27,34,39,49,51,52,56,61,62,67,72,75,76,77,80
7/21/15,01,04,10,11,12,13,14,16,20,24,26,29,37,42,43,46,61,65,68,75
7/20/15,14,19,26,27,28,29,31,33,35,36,38,41,42,45,49,51,55,59,60,70
7/19/15,01,02,03,06,09,17,20,21,24,33,37,42,47,52,56,63,67,75,77,79
7/18/15,01,02,04,05,06,08,09,10,21,27,30,31,32,43,60,70,72,73,77,79
7/17/15,05,08,12,18,19,27,35,38,43,44,46,47,51,55,58,59,60,64,66,74
7/16/15,02,10,11,12,25,35,36,39,41,44,45,51,52,54,66,70,73,75,78,80
7/15/15,01,05,06,07,11,14,19,23,37,38,40,41,42,43,46,50,53,56,59,73
7/14/15,02,04,11,13,17,19,22,24,27,39,40,41,43,49,63,69,71,74,76,78
7/13/15,06,07,10,12,13,14,21,26,27,28,35,37,39,42,53,56,58,59,72,77
7/12/15,06,07,08,12,13,16,28,30,31,39,41,43,47,51,52,55,58,59,60,63
7/11/15,04,06,08,10,11,14,22,23,31,32,35,37,44,49,54,58,67,68,72,78
7/10/15,06,09,10,13,25,27,30,31,35,36,37,40,41,44,45,50,56,63,71,78
7/9/15,01,09,12,16,23,24,26,28,34,36,41,43,44,51,54,57,66,68,70,77
7/8/15,01,02,08,12,14,16,17,20,24,29,33,38,43,44,48,53,59,62,67,72
7/7/15,02,04,10,22,26,29,30,39,41,51,52,53,56,60,61,62,65,68,70,79
7/6/15,03,04,08,15,16,21,25,27,28,40,51,56,58,59,62,67,74,76,78,79
7/5/15,07,09,13,17,19,20,25,31,39,41,42,49,51,52,57,60,70,71,78,79
7/4/15,04,06,09,12,13,25,29,30,33,40,44,46,47,55,62,69,71,73,75,78
7/3/15,02,05,08,21,28,32,33,37,38,40,41,42,44,45,54,59,76,77,79,80
7/2/15,05,06,07,08,13,16,23,24,26,30,31,41,43,47,51,58,61,64,68,69
7/1/15,01,16,21,23,24,26,31,35,36,45,46,48,51,52,53,54,62,66,67,79
6/30/15,03,07,08,09,16,20,27,30,35,51,53,55,58,60,62,65,66,74,77,80
6/29/15,02,03,09,15,17,23,26,33,34,36,43,44,53,57,61,64,70,75,76,79
6/28/15,06,10,17,21,23,33,35,36,37,38,39,43,45,49,58,63,65,66,75,79
6/27/15,01,02,13,15,20,22,32,33,35,36,37,39,42,53,56,66,68,69,78,79
6/26/15,02,03,09,25,27,28,33,34,38,42,47,49,50,56,59,60,62,63,64,75
6/25/15,10,20,23,26,28,32,33,36,38,47,48,49,52,54,64,70,74,75,77,78
6/24/15,03,04,05,09,13,15,26,27,32,40,42,49,51,53,56,59,60,66,76,78
6/23/15,08,09,11,13,17,18,21,22,23,29,31,32,34,36,41,43,46,67,69,73
6/22/15,01,07,14,18,26,28,35,37,38,39,41,42,44,47,56,61,62,70,76,80
6/21/15,02,03,05,10,15,18,21,22,24,28,40,42,47,49,59,69,70,74,76,80
6/20/15,03,10,15,17,21,23,27,28,29,30,32,34,35,58,65,66,68,71,74,76
6/19/15,01,03,07,10,14,18,25,34,35,37,44,49,57,58,65,69,71,72,78,79
6/18/15,04,06,07,08,15,19,23,32,36,43,44,46,54,62,64,66,67,69,75,80
6/17/15,02,03,04,05,06,07,15,19,26,28,33,39,41,46,52,53,54,64,65,77
6/16/15,03,04,05,10,11,17,26,29,39,41,48,49,53,56,58,64,68,72,73,79
6/15/15,05,16,27,30,36,37,39,41,42,50,51,62,63,64,65,66,70,77,78,79
6/14/15,01,05,06,07,11,12,21,28,33,41,50,54,57,59,64,69,73,74,75,77
6/13/15,03,06,08,12,14,16,19,22,24,28,30,32,39,44,55,56,59,62,64,71
6/12/15,04,05,06,07,09,12,13,21,25,31,32,37,47,50,54,59,60,66,70,73
6/11/15,05,10,11,15,17,18,31,34,36,45,49,50,54,60,61,62,72,74,76,78
6/10/15,03,04,05,06,14,17,21,23,26,31,42,44,48,49,54,62,65,74,76,79
6/9/15,03,05,06,07,11,13,20,34,35,38,39,43,46,48,49,53,54,66,69,71
6/8/15,18,20,21,23,24,25,31,32,33,38,51,52,55,58,60,67,68,73,75,79
6/7/15,05,07,09,15,16,18,27,28,33,37,41,44,46,48,51,57,65,68,72,74
6/6/15,03,04,07,08,13,17,21,25,26,27,31,36,51,54,64,66,67,75,76,78
6/5/15,02,04,08,10,11,12,27,30,39,43,46,47,59,65,69,70,76,77,78,80
6/4/15,03,04,13,18,22,28,30,31,42,43,45,54,57,62,67,70,72,73,75,79
6/3/15,01,16,19,20,21,23,26,30,32,33,35,40,41,53,57,66,71,74,79,80
6/2/15,06,08,14,15,18,20,22,28,29,31,33,37,43,52,57,71,72,74,76,80
6/1/15,01,03,05,12,19,21,22,24,25,26,27,33,36,37,39,44,46,57,72,77
5/31/15,01,02,03,17,20,25,28,29,36,37,38,47,51,55,59,62,64,66,73,76
5/30/15,10,15,18,20,22,25,26,28,30,36,41,42,51,53,58,59,63,65,71,75
5/29/15,01,02,05,06,08,25,33,37,41,43,44,48,49,52,54,58,65,66,74,76
5/28/15,05,14,16,22,26,30,31,38,44,47,50,54,58,60,62,63,68,75,77,79
5/27/15,01,02,12,23,26,28,29,32,34,35,38,42,45,47,48,52,55,56,70,78
5/26/15,02,05,08,09,12,15,19,21,22,25,32,33,40,56,59,61,64,69,73,80
5/25/15,03,06,11,12,16,18,21,22,31,32,33,44,49,51,55,59,70,71,79,80
5/24/15,01,03,15,16,19,21,24,27,35,36,37,42,45,49,51,54,59,74,75,76
5/22/15,03,04,06,09,12,18,22,23,24,28,36,42,43,44,45,48,63,64,75,77
5/21/15,01,02,07,20,21,22,23,37,39,41,44,48,54,57,59,64,69,71,75,77
5/20/15,04,05,09,14,16,18,25,29,32,40,43,46,47,50,52,58,59,71,75,76
5/19/15,02,03,10,12,13,22,33,36,41,49,50,52,60,65,67,70,71,77,78,80
5/18/15,02,09,10,14,15,18,20,26,36,37,39,40,49,50,53,62,70,76,77,80
5/17/15,02,03,08,09,18,21,27,30,31,39,51,53,54,55,58,60,62,69,75,80
5/16/15,02,10,15,16,23,24,28,29,33,36,37,48,50,56,60,64,68,75,77,80
5/15/15,09,10,14,20,24,29,31,40,43,46,49,52,55,57,63,66,67,75,78,79
5/14/15,01,06,13,21,30,32,33,35,36,38,42,46,52,53,55,58,66,68,75,77
5/13/15,03,08,13,14,15,24,27,34,39,48,52,56,61,63,65,70,71,72,73,75
5/12/15,04,14,19,21,29,30,36,48,49,54,57,58,59,61,63,64,65,66,69,79
5/11/15,08,09,10,17,23,26,28,30,31,41,53,59,60,61,62,63,67,68,72,76
5/10/15,08,12,15,16,17,19,24,25,26,27,32,55,60,64,68,69,72,74,79,80
5/9/15,04,05,06,10,11,15,22,24,30,34,39,43,45,50,60,64,67,71,77,80
5/8/15,02,03,04,12,25,27,28,32,37,38,42,44,48,52,55,57,67,68,71,74
5/7/15,07,08,12,15,19,23,25,27,36,38,43,51,53,60,66,67,69,72,74,78
5/6/15,05,11,13,20,21,22,27,35,38,39,41,44,50,56,57,58,60,64,70,76
5/5/15,08,14,15,16,18,20,22,28,29,30,31,41,47,54,57,61,68,69,76,78
5/4/15,02,05,08,10,11,13,17,27,28,42,44,57,61,63,67,68,73,76,77,80
5/3/15,09,19,21,25,26,33,36,37,40,43,47,56,58,64,68,71,73,75,76,77
5/2/15,02,03,12,14,15,27,30,37,43,50,52,53,63,66,67,72,74,77,78,80
5/1/15,01,05,06,08,10,11,13,20,26,35,44,48,49,51,53,55,65,68,72,74
4/30/15,06,08,16,20,24,25,26,33,34,36,37,41,49,53,54,55,63,67,72,77
4/29/15,08,14,15,16,19,25,27,38,41,44,49,52,55,57,60,62,70,71,76,80
4/28/15,04,07,22,23,27,33,37,40,41,42,44,50,53,54,60,62,67,72,76,79
4/27/15,02,04,12,16,18,19,21,24,26,32,43,44,48,49,61,68,71,73,74,79
4/26/15,01,08,12,15,16,18,19,24,33,37,38,47,48,58,62,63,64,67,68,73
4/25/15,09,11,20,24,26,35,37,38,41,43,44,48,54,57,58,59,60,64,71,75
4/23/15,01,03,06,09,11,14,17,19,24,26,28,30,33,41,44,54,58,62,66,73
4/22/15,05,06,17,19,24,25,27,36,37,40,51,53,54,62,63,64,65,66,68,78
4/21/15,02,13,15,28,29,32,36,42,44,49,53,55,57,58,61,62,63,64,72,78
4/20/15,04,11,18,22,24,27,29,30,33,40,43,45,46,50,51,60,61,77,78,79
4/19/15,01,04,08,12,14,16,21,30,33,39,40,45,47,53,55,57,59,62,66,77
4/18/15,06,11,12,17,18,25,32,35,36,37,39,43,44,45,54,63,65,70,74,80
4/17/15,02,06,18,19,24,25,28,29,30,38,41,43,49,52,57,60,61,65,66,77
4/16/15,03,08,12,15,23,26,30,32,40,41,43,44,53,55,57,64,65,69,74,80
4/15/15,01,13,15,22,32,38,39,41,42,54,55,56,59,64,66,68,75,78,79,80
4/14/15,01,07,08,09,15,17,20,21,26,38,47,52,56,57,58,65,67,70,72,80
4/13/15,01,03,04,17,19,23,24,25,26,29,46,48,59,61,67,69,75,77,79,80
4/12/15,01,02,08,16,18,19,20,21,25,29,32,33,41,42,53,60,65,71,77,80
4/11/15,01,07,08,10,13,19,23,27,28,31,34,37,39,45,46,50,53,57,58,64
4/10/15,08,11,12,19,20,32,33,35,50,53,62,63,68,69,73,74,76,77,78,79
4/9/15,01,03,04,05,07,08,11,14,23,28,29,32,42,44,58,67,72,73,76,78
4/8/15,02,03,04,05,08,14,17,18,20,26,27,30,34,35,49,53,60,63,77,79
4/7/15,01,02,08,15,18,20,21,32,40,42,44,55,59,67,71,72,74,75,77,79
4/6/15,07,14,16,17,23,24,25,28,34,43,55,57,62,64,66,67,68,73,74,75
4/5/15,09,26,28,29,35,42,43,44,47,50,51,52,53,55,57,62,65,73,76,77
4/4/15,02,04,07,10,12,14,16,22,28,32,33,37,41,49,50,53,54,59,66,67
4/3/15,01,14,20,21,22,23,28,31,34,38,43,44,49,50,59,63,64,67,75,78
4/2/15,02,04,07,15,17,18,20,25,26,29,32,34,35,45,51,57,59,63,72,77
4/1/15,02,12,13,17,18,22,27,33,34,37,40,41,45,50,60,64,66,71,73,74
3/31/15,01,02,04,08,10,16,17,23,24,31,34,39,43,44,46,52,58,66,78,80
3/30/15,10,12,16,22,24,30,31,37,38,39,40,41,45,46,50,55,56,63,68,76
3/29/15,02,08,16,20,25,30,32,35,36,39,49,50,52,54,55,57,67,68,74,77
3/28/15,02,05,06,09,10,11,14,15,18,21,25,27,29,34,38,39,53,58,62,74
3/27/15,04,06,09,10,15,16,17,19,20,34,38,39,48,53,56,67,70,76,77,79
3/26/15,04,07,12,17,28,29,30,39,40,44,49,54,55,56,64,69,70,71,72,75
3/25/15,01,03,08,09,10,19,22,26,30,38,41,45,47,48,63,66,68,72,74,79
3/24/15,01,10,14,17,20,25,28,36,42,53,55,57,58,60,68,69,73,75,78,80
3/23/15,03,04,05,18,20,27,29,33,38,45,46,50,52,57,65,66,67,69,73,76
3/22/15,03,10,13,14,19,21,34,36,38,41,42,44,45,54,57,61,62,64,70,71
3/21/15,04,08,14,15,22,23,32,36,40,51,55,59,61,63,65,71,73,76,77,79
3/20/15,04,05,06,10,11,36,37,39,41,42,48,59,63,64,65,66,68,70,74,75
3/19/15,04,06,08,09,10,13,14,21,24,27,35,37,38,42,44,46,49,53,58,76
3/18/15,01,06,08,09,13,17,22,23,24,28,29,30,40,48,50,59,62,69,76,78
3/17/15,17,19,21,22,25,30,31,32,35,36,37,38,40,53,60,67,74,75,77,80
3/16/15,01,06,10,11,15,20,21,23,33,36,46,48,49,51,57,61,66,68,72,75
3/15/15,06,14,18,19,21,25,28,30,31,32,34,35,36,39,45,46,49,60,67,78
3/14/15,01,03,07,09,17,19,22,23,24,28,32,35,53,54,58,61,62,63,75,79
3/13/15,05,16,23,24,28,33,39,40,42,48,50,52,54,56,58,60,64,69,71,73
3/12/15,02,14,18,20,23,24,30,34,37,43,44,52,59,61,68,69,72,74,78,79
3/11/15,05,11,12,14,16,17,21,22,24,29,34,36,38,45,56,60,69,70,73,78
3/10/15,07,08,09,12,18,19,20,35,38,39,46,47,48,49,55,62,65,69,70,71
3/9/15,12,13,17,20,24,34,37,39,46,54,57,62,69,71,72,74,77,78,79,80
3/8/15,06,09,11,12,13,19,21,24,26,31,36,42,43,55,56,57,63,71,78,79
3/7/15,03,04,05,12,17,18,19,21,23,26,32,33,38,41,43,44,46,53,63,79
3/6/15,01,10,12,22,25,34,39,43,45,46,58,59,61,63,69,73,74,77,78,79
3/5/15,04,06,11,13,14,21,23,24,28,35,36,38,40,44,48,54,56,58,61,67
3/4/15,01,02,06,07,08,11,15,17,22,31,56,57,58,60,65,66,70,71,73,77
3/3/15,03,06,15,16,20,24,26,27,29,30,41,42,44,51,56,57,59,63,69,71
3/2/15,03,05,06,07,08,10,12,17,28,33,37,40,42,45,54,55,64,70,73,79
3/1/15,02,04,07,11,13,20,21,23,27,29,32,36,42,50,51,56,60,63,76,79
2/28/15,02,05,08,11,21,23,25,29,32,39,41,46,50,56,57,62,66,68,71,80
2/27/15,13,16,17,19,20,26,29,36,38,42,44,50,53,54,55,58,61,74,75,77
2/26/15,01,04,12,13,15,26,27,28,29,30,38,39,40,44,47,60,62,70,72,73
2/25/15,05,20,22,25,26,28,30,33,34,35,36,37,46,54,60,61,65,70,75,78
2/24/15,05,06,08,16,18,21,28,37,43,52,55,57,59,61,67,71,72,73,79,80
2/23/15,13,16,19,25,27,30,34,35,38,40,41,44,49,58,61,73,74,76,78,79
2/22/15,07,08,10,12,24,25,29,34,35,36,39,40,43,45,48,55,65,68,69,78
2/21/15,01,02,03,04,06,07,09,12,21,35,37,43,46,47,56,60,65,74,76,80
2/20/15,11,14,18,24,25,29,33,35,37,41,47,50,54,57,58,59,65,70,73,76
2/19/15,11,17,20,22,23,28,30,33,34,37,40,41,45,55,57,61,64,65,68,70
2/18/15,02,03,05,10,13,15,17,26,38,39,41,43,45,53,54,58,63,65,66,73
2/17/15,01,05,10,12,15,23,31,36,40,41,45,51,53,54,60,61,64,66,72,79
2/16/15,03,06,09,10,13,18,19,25,27,32,43,44,50,53,56,62,66,74,76,80
2/15/15,01,06,13,19,21,23,27,31,34,45,48,53,57,62,63,67,76,78,79,80
2/14/15,03,04,12,22,28,29,31,41,42,46,50,54,55,56,57,62,66,67,71,74
2/13/15,05,09,10,13,17,19,21,23,25,27,30,37,44,46,55,56,62,68,73,77
2/12/15,03,06,13,18,21,22,29,31,36,42,46,53,55,60,63,66,68,74,75,79
2/11/15,01,02,13,17,23,24,26,34,36,40,43,50,51,53,57,60,61,73,74,77
2/10/15,01,02,05,07,11,20,28,40,45,46,52,56,58,60,63,64,68,74,75,77
2/9/15,01,08,10,11,13,14,20,29,30,33,37,39,44,47,49,53,56,57,78,79
2/8/15,04,06,07,08,15,21,25,28,32,39,45,46,53,55,59,61,63,69,75,80
2/7/15,04,09,10,11,12,17,19,27,30,37,40,43,44,52,53,54,57,66,68,79
2/6/15,01,04,05,13,19,20,21,22,24,47,49,50,63,64,65,66,67,69,73,79
2/5/15,02,05,11,16,21,23,27,32,38,46,48,57,59,60,64,70,73,76,79,80
2/4/15,01,04,08,16,21,23,25,30,36,39,40,42,45,56,58,61,66,76,79,80
2/3/15,07,10,15,25,26,27,30,32,39,40,44,49,60,67,68,70,72,73,75,76
2/2/15,05,10,16,18,21,23,25,28,35,36,39,41,44,51,62,63,65,68,72,77
2/1/15,01,02,04,06,12,13,17,20,21,22,28,35,45,49,59,64,66,67,70,78
1/31/15,04,07,15,20,21,28,32,39,43,48,50,53,54,61,63,65,68,70,71,73
1/30/15,03,05,08,12,13,15,18,23,26,29,32,42,56,58,59,61,69,74,75,77
1/29/15,03,08,11,16,18,20,34,36,37,45,46,48,51,55,57,60,64,66,75,78
1/28/15,04,11,15,17,28,34,39,40,41,46,50,53,58,61,62,65,69,73,76,78
1/27/15,02,03,11,12,13,16,19,25,36,37,39,40,43,46,48,52,56,58,77,80
1/26/15,01,02,03,10,12,14,15,23,33,47,51,56,60,61,69,71,75,77,78,79
1/25/15,07,11,13,18,21,22,23,26,27,28,31,34,47,49,54,65,72,74,76,77
1/24/15,06,07,08,11,16,18,26,31,33,36,40,43,49,52,57,59,60,69,73,74
1/23/15,17,20,25,28,29,34,35,41,43,52,54,60,63,66,67,72,73,74,76,77
1/22/15,03,07,11,12,16,17,24,25,34,38,52,55,57,60,65,66,69,70,76,77
1/21/15,01,05,06,09,17,26,30,38,40,43,51,52,54,59,62,71,73,76,78,80
1/20/15,12,13,26,32,35,37,39,41,48,49,52,54,55,56,64,65,70,71,72,77
1/19/15,03,09,10,12,18,24,26,33,43,45,49,56,57,59,60,62,71,75,79,80
1/18/15,02,04,13,17,20,25,31,34,38,42,46,50,56,57,65,68,71,74,75,77
1/17/15,01,04,09,10,20,24,25,34,46,51,60,62,63,64,69,70,71,74,75,77
1/16/15,10,16,25,28,30,38,40,41,43,45,46,47,49,55,57,62,63,69,72,79
1/15/15,01,03,11,12,13,14,20,21,23,25,29,31,40,41,46,52,58,68,70,73
1/14/15,03,07,11,12,14,18,26,29,30,32,35,37,42,43,51,53,56,57,58,63
1/13/15,04,13,18,21,23,31,38,42,44,45,46,51,52,57,58,67,72,74,75,79
1/12/15,01,07,09,12,16,17,25,33,36,37,39,45,47,51,59,61,63,66,72,75
1/11/15,01,13,17,19,23,31,38,39,48,55,57,59,61,64,69,70,71,73,78,80
1/10/15,15,16,20,21,22,31,33,35,37,39,40,42,43,55,59,61,63,70,72,80
1/9/15,02,03,04,06,08,11,17,20,21,25,27,30,38,46,53,61,66,67,78,80
1/8/15,02,14,20,26,28,30,35,37,41,46,51,53,55,59,60,61,68,72,73,76
1/7/15,02,09,14,16,18,27,34,35,38,46,49,50,52,53,55,65,71,72,75,80
1/6/15,01,03,04,09,11,14,17,18,24,27,34,40,41,47,52,57,60,64,66,70
1/5/15,09,12,21,23,27,30,37,41,44,46,58,59,69,70,71,72,74,75,76,78
1/4/15,09,10,12,20,30,31,35,39,44,45,46,54,55,58,64,69,72,76,79,80
1/3/15,03,07,16,19,20,22,24,29,34,40,45,51,53,57,59,63,69,70,74,78
1/2/15,02,04,05,06,15,20,22,23,29,31,37,47,49,50,53,55,59,60,70,77
1/1/15,04,05,06,09,10,14,20,24,36,37,39,46,47,60,62,67,68,69,73,78
12/31/14,04,06,07,15,20,21,22,38,48,49,50,53,57,60,61,62,63,68,71,73
12/30/14,06,09,10,21,23,34,37,44,49,51,53,58,62,63,65,66,73,75,76,78
12/29/14,03,04,10,18,20,26,27,28,31,35,39,44,51,58,61,66,71,72,73,80
12/28/14,08,15,24,25,29,30,36,41,44,48,59,60,63,68,70,72,76,77,78,80
12/27/14,01,06,11,12,13,19,29,32,34,36,38,56,58,59,64,67,70,71,76,78
12/26/14,05,11,12,19,20,24,25,27,29,34,36,38,43,52,54,57,71,73,76,77
12/25/14,09,10,13,14,17,24,29,32,36,38,41,47,48,54,57,60,61,63,70,78
12/24/14,02,06,08,12,16,23,24,29,30,33,36,37,53,57,64,66,67,70,78,80
12/23/14,01,06,15,17,20,23,25,32,38,41,42,50,54,55,62,68,70,74,75,80
12/22/14,01,02,05,11,22,23,25,27,31,45,46,51,56,58,61,63,69,71,75,80
12/21/14,03,06,07,08,09,10,15,24,26,28,30,31,39,42,53,57,62,67,69,78
12/20/14,01,04,05,07,08,18,19,22,26,28,41,46,47,50,56,61,65,67,76,78
12/19/14,01,12,14,16,25,26,31,36,39,41,45,47,48,53,57,58,62,72,73,75
12/18/14,05,06,09,12,14,15,17,28,34,36,44,50,52,57,58,62,65,69,71,80
12/17/14,01,08,11,12,15,16,28,36,38,44,47,50,58,59,60,65,75,76,79,80
12/16/14,04,06,14,19,20,27,28,29,33,41,43,46,47,51,59,61,62,69,73,78
12/15/14,05,13,18,20,22,25,31,33,35,39,41,47,49,50,54,60,62,68,71,77
12/14/14,01,07,15,25,26,27,28,31,32,39,40,46,47,52,58,65,67,71,75,79
12/13/14,09,13,16,18,20,23,26,27,34,35,38,40,51,58,60,63,68,73,76,80
12/12/14,01,03,10,20,27,31,40,44,48,51,52,56,61,62,64,65,67,69,70,71
12/11/14,07,10,14,17,23,25,26,29,30,37,38,41,45,48,51,54,59,63,65,68
12/10/14,05,14,16,27,30,31,33,38,40,43,45,46,54,55,60,64,69,73,75,76
12/9/14,01,05,09,19,24,27,42,44,49,52,55,61,62,65,66,67,70,74,77,80
12/8/14,04,11,18,23,25,30,38,40,42,43,47,48,51,55,57,62,63,64,70,71
12/7/14,04,09,14,22,27,29,30,32,35,40,47,50,51,53,54,62,64,68,72,75
12/6/14,03,07,11,12,16,20,21,22,28,34,39,40,45,52,56,61,63,67,70,72
12/5/14,05,08,15,18,20,25,26,27,30,33,38,47,50,51,59,60,68,70,74,76
12/4/14,01,04,11,13,26,27,29,31,34,35,39,41,43,45,49,50,52,69,71,77
12/3/14,08,12,22,27,33,35,36,37,39,48,51,52,55,56,67,68,69,73,78,80
12/2/14,01,03,04,05,07,09,12,30,36,40,42,52,53,58,61,66,69,71,72,73
12/1/14,07,09,11,12,17,28,30,36,38,42,44,46,63,64,69,71,72,74,77,80
11/30/14,06,16,19,20,21,24,25,35,41,44,46,48,49,56,57,59,68,71,74,80
11/29/14,09,10,11,12,18,25,27,31,34,43,50,51,52,54,59,63,66,68,70,77
11/28/14,04,07,08,11,14,22,26,35,37,38,41,44,45,52,56,62,68,77,78,79
11/27/14,04,05,07,09,20,21,24,25,26,29,31,32,41,50,59,60,61,64,70,77
11/26/14,02,03,06,09,12,17,25,26,27,32,35,42,44,48,60,67,68,71,73,76
11/25/14,01,06,14,17,19,29,33,41,44,45,46,49,52,55,56,57,59,68,73,77
11/24/14,01,06,10,13,18,21,27,45,46,52,57,60,62,64,69,70,75,76,78,80
11/23/14,03,07,13,19,20,21,23,24,33,36,38,39,47,48,49,54,63,71,72,77
11/22/14,01,06,08,09,17,19,24,26,27,30,32,40,50,53,66,67,68,71,72,79
11/21/14,06,07,15,20,24,29,30,33,40,44,51,55,58,59,63,66,68,72,73,75
11/20/14,01,05,09,12,14,25,30,31,32,33,37,39,45,51,57,60,61,64,68,76
11/19/14,02,04,19,21,30,34,35,37,38,39,41,46,51,56,58,60,66,70,73,75
11/18/14,01,03,04,08,14,20,24,27,29,31,32,34,39,47,48,50,56,65,71,74
11/17/14,11,12,18,19,21,30,31,35,37,39,44,45,49,50,56,70,73,74,75,80
11/16/14,01,07,14,16,17,21,24,25,28,29,32,38,48,51,54,57,67,70,74,76
11/15/14,02,05,08,14,21,26,28,32,35,36,39,46,47,51,55,66,67,74,78,80
11/14/14,08,14,17,18,20,21,28,31,43,45,49,52,57,61,64,66,70,72,79,80
11/13/14,01,05,06,08,25,36,42,44,52,54,56,57,59,61,64,66,68,72,73,77
11/12/14,05,08,10,12,15,29,31,40,47,50,53,58,61,64,67,69,77,78,79,80
11/11/14,01,05,06,14,17,21,24,30,32,41,46,50,52,53,61,67,69,71,73,78
11/10/14,04,12,16,18,20,23,24,26,30,31,33,40,44,45,47,58,65,66,71,74
11/9/14,05,06,14,16,17,22,24,26,32,34,35,37,47,51,53,57,69,71,74,76
11/8/14,02,09,14,16,27,34,45,47,48,49,51,53,54,57,69,71,72,73,74,75
11/7/14,02,04,10,13,14,19,21,23,26,30,32,48,51,53,54,59,61,69,73,74
11/6/14,05,08,11,14,16,20,22,24,30,31,34,39,44,48,54,61,63,71,77,80
11/5/14,04,06,08,09,17,19,23,28,30,32,37,38,39,51,52,56,65,67,70,73
11/4/14,07,08,11,16,18,20,22,26,32,39,43,46,48,58,59,63,64,69,73,76
11/3/14,01,05,10,12,18,20,26,30,35,36,48,51,53,55,56,61,67,69,71,79
11/2/14,01,04,10,12,13,17,19,23,37,42,46,48,57,60,63,64,65,67,72,75
11/1/14,03,04,05,07,13,18,19,20,22,24,31,35,48,50,53,55,65,68,70,76
10/31/14,02,19,21,27,28,32,33,47,56,60,61,63,64,68,69,70,71,72,75,77
10/30/14,02,04,05,06,15,20,21,34,39,43,44,47,57,59,65,67,68,71,73,79
10/29/14,01,05,08,11,18,20,27,28,35,44,45,47,51,53,54,55,63,67,69,75
10/28/14,02,03,05,06,08,10,19,22,26,30,34,37,40,42,44,45,46,58,61,71
10/27/14,02,04,11,18,22,27,33,37,38,39,42,43,47,49,51,55,56,65,66,77
10/26/14,02,07,16,17,18,19,26,27,28,32,35,36,44,47,60,61,68,71,76,79
10/25/14,02,04,09,12,17,18,20,34,36,38,39,42,49,51,56,59,60,70,73,77
10/24/14,06,09,10,12,14,15,16,17,18,19,27,35,37,48,57,67,74,75,76,77
10/23/14,02,10,13,19,28,29,34,37,39,43,47,49,50,52,54,57,60,69,74,80
10/22/14,07,11,12,16,17,18,23,28,33,36,39,40,54,59,61,66,69,71,73,80
10/21/14,02,06,13,16,18,27,28,32,39,41,44,49,52,57,61,62,68,69,72,78
10/20/14,01,05,19,20,24,29,31,33,35,38,40,41,46,52,55,60,68,72,76,79
10/19/14,03,13,14,16,17,18,19,26,33,38,40,42,55,59,61,63,69,72,79,80
10/18/14,03,06,11,13,20,21,24,28,33,38,39,41,43,44,59,65,68,69,76,78
10/17/14,03,04,18,21,22,26,27,31,38,50,51,53,54,56,57,58,59,71,73,78
10/16/14,03,04,06,08,17,30,31,32,33,36,37,46,47,48,56,63,64,65,71,77
10/15/14,03,06,09,10,14,18,20,24,28,30,44,46,48,50,58,60,64,68,77,80
10/14/14,06,07,09,14,22,23,29,36,42,43,45,47,48,52,54,60,67,68,71,77
10/13/14,03,06,07,08,13,17,20,24,25,27,28,54,58,59,61,62,68,69,72,73
10/12/14,01,03,16,21,22,23,25,27,33,35,40,41,43,53,54,59,60,63,68,73
10/11/14,08,09,10,13,16,19,23,28,34,35,37,49,50,55,56,62,65,66,70,78
10/10/14,05,08,16,23,25,26,32,41,45,46,53,54,60,62,63,67,70,74,78,80
10/9/14,02,06,10,11,20,23,36,40,42,44,46,49,57,58,65,70,73,76,78,80
10/8/14,03,05,09,21,25,27,29,30,36,41,43,45,48,51,58,62,65,69,72,76
10/7/14,02,10,12,14,15,20,23,36,46,50,51,56,58,59,62,64,67,68,74,80
10/6/14,01,08,09,10,18,19,38,40,45,46,50,53,59,63,64,68,69,70,73,80
10/5/14,02,05,14,15,16,17,22,33,38,40,45,48,53,56,61,64,67,70,76,78
10/4/14,08,13,15,20,26,31,33,41,42,45,46,47,48,51,55,60,61,63,66,67
10/3/14,12,16,20,28,31,32,33,34,36,48,53,55,63,66,68,70,73,74,77,80
10/2/14,03,11,12,15,17,24,31,32,38,39,43,44,47,53,55,59,62,69,72,80
10/1/14,02,13,16,18,20,28,32,35,38,42,46,53,55,61,62,67,73,74,76,78
9/30/14,14,15,18,26,34,40,42,43,49,51,56,57,60,61,66,68,70,72,76,80
9/29/14,03,04,08,10,17,31,35,37,40,45,55,58,59,60,62,65,71,72,73,80
9/28/14,01,02,03,10,14,16,21,27,29,31,39,44,53,56,60,64,65,66,67,77
9/27/14,03,15,17,19,23,28,29,31,34,37,39,54,58,61,68,69,71,75,76,78
9/26/14,07,09,10,16,17,22,24,25,28,33,35,38,41,55,60,62,68,73,74,78
9/25/14,04,08,12,14,22,23,24,25,28,32,35,36,41,44,48,49,53,54,66,79
9/24/14,03,04,19,20,21,23,31,32,33,34,35,36,37,42,50,51,55,57,59,62
9/23/14,01,02,03,06,12,15,21,22,27,29,38,40,41,42,51,57,58,61,69,76
9/22/14,03,04,08,11,24,25,30,32,33,35,42,45,46,50,52,64,67,70,75,79
9/21/14,04,21,22,32,35,36,37,38,39,40,42,53,57,58,59,64,65,68,69,73
9/20/14,03,04,06,08,15,18,24,31,32,42,47,48,52,55,58,60,65,72,73,79
9/19/14,02,06,17,18,21,24,30,31,38,48,49,54,58,61,63,64,65,75,77,79
9/18/14,04,07,10,13,14,15,17,29,32,33,35,37,41,42,48,49,50,66,68,70
9/17/14,05,09,10,12,13,14,16,17,18,23,25,29,32,38,43,44,67,69,72,80
9/16/14,01,02,07,12,13,16,20,21,29,30,31,32,42,45,46,66,68,69,71,77
9/15/14,01,02,03,05,07,17,22,26,33,34,35,39,44,45,49,52,55,71,77,80
9/14/14,04,07,15,16,17,25,26,27,39,42,43,46,47,53,62,67,69,73,76,78
9/13/14,05,06,13,14,15,20,22,26,28,30,38,41,43,56,58,63,65,69,71,72
9/12/14,11,14,16,23,27,28,31,37,40,42,45,47,49,52,55,56,62,68,72,80
9/11/14,01,06,17,20,22,24,25,34,36,37,41,56,60,61,64,69,71,73,76,77
9/10/14,03,05,08,10,13,14,16,24,35,38,42,46,48,49,54,58,67,70,72,73
9/9/14,03,06,08,10,11,12,20,25,32,33,36,38,41,45,46,51,64,67,69,78
9/8/14,05,08,09,12,18,22,31,34,37,42,50,58,64,66,67,71,75,76,79,80
9/7/14,05,12,16,31,33,38,39,42,45,49,55,56,57,62,63,65,68,76,77,78
9/6/14,02,04,05,06,09,17,19,22,30,34,36,41,48,53,54,55,59,71,75,78
9/5/14,03,10,11,24,26,27,29,32,39,45,47,51,66,70,72,74,75,76,78,79
9/4/14,06,08,13,18,24,27,28,30,32,35,37,42,44,49,57,61,68,76,79,80
9/3/14,11,14,15,16,25,26,28,31,37,41,47,48,49,54,60,65,68,70,74,80
9/2/14,14,16,17,19,24,26,28,34,35,36,37,38,45,46,56,58,59,61,62,74
9/1/14,08,10,11,12,13,18,25,32,34,35,37,42,43,44,46,49,62,64,69,76
8/31/14,04,16,17,19,20,22,38,47,50,51,52,53,59,64,65,71,72,75,79,80
8/30/14,06,09,14,19,21,24,30,37,38,39,50,51,56,60,65,66,67,71,74,80
8/29/14,03,05,11,17,18,22,23,25,27,32,35,36,41,42,45,46,52,62,76,79
8/28/14,03,04,09,11,16,17,19,20,24,33,40,43,45,49,50,54,68,69,71,74
8/27/14,02,04,19,22,24,39,42,46,47,50,51,58,59,60,61,63,66,69,74,75
8/26/14,05,07,08,10,20,26,27,29,30,32,34,36,38,46,47,50,53,66,72,77
8/25/14,01,03,14,24,25,26,29,33,37,41,45,48,50,51,56,58,66,71,72,78
8/24/14,05,06,08,10,18,19,22,23,26,31,36,45,46,47,62,66,71,74,75,79
8/23/14,01,08,10,13,17,20,26,34,40,48,50,54,57,58,59,65,69,77,78,80
8/22/14,01,10,11,15,16,21,31,39,45,47,50,52,53,55,57,58,59,69,70,71
8/21/14,04,05,09,12,15,24,28,29,32,35,37,38,40,57,60,61,66,67,68,74
8/20/14,01,05,07,08,09,10,13,14,24,36,39,41,44,48,55,63,68,76,78,80
8/19/14,10,13,16,20,21,22,23,28,32,34,36,44,46,61,66,69,71,74,79,80
8/18/14,06,18,19,23,24,27,28,34,42,44,45,52,54,58,60,61,73,77,79,80
8/17/14,03,11,18,22,27,29,31,32,35,37,38,39,41,45,52,58,59,64,73,75
8/16/14,01,07,08,21,23,26,28,31,36,37,39,42,44,54,59,61,62,63,77,78
8/15/14,09,13,19,20,22,23,27,28,30,33,35,39,49,51,59,60,65,66,70,73
8/14/14,03,04,08,21,26,27,32,33,34,35,36,37,43,44,51,53,61,65,75,79
8/13/14,04,07,12,13,14,19,23,26,38,41,43,45,57,61,62,66,68,71,73,79
8/12/14,05,09,12,18,20,23,28,32,34,38,41,45,46,49,50,51,53,59,69,77
8/11/14,01,06,12,13,17,22,25,26,31,34,36,37,43,44,48,61,62,63,71,80
8/10/14,01,04,10,13,14,17,22,25,33,34,36,37,44,51,53,55,63,64,69,74
8/9/14,01,04,06,08,10,16,23,26,28,29,34,35,50,54,62,66,70,71,74,75
8/8/14,05,07,09,12,18,20,30,31,33,34,39,48,53,54,59,61,67,68,78,80
8/7/14,01,05,07,14,20,23,26,31,36,42,48,51,53,55,61,63,65,71,75,76
8/6/14,03,25,26,30,32,34,40,45,46,48,50,51,58,59,63,68,72,73,74,77
8/5/14,07,09,10,11,16,19,24,32,47,49,50,51,52,54,70,72,73,74,75,77
8/4/14,10,13,14,18,25,31,32,37,39,41,44,47,51,52,54,57,60,63,71,73
8/3/14,04,13,15,22,27,35,40,44,47,49,51,64,66,68,69,70,73,77,78,80
8/2/14,03,06,08,12,13,29,31,33,34,39,40,43,46,54,58,61,66,68,69,71
8/1/14,02,08,11,15,18,20,24,28,37,41,42,46,57,58,59,65,66,68,74,75
7/31/14,05,06,08,15,18,20,22,29,41,42,45,47,51,53,55,56,62,64,68,80
7/30/14,02,03,10,11,12,14,18,20,26,30,31,32,41,43,58,63,66,67,69,78
7/29/14,02,05,06,08,09,20,22,27,28,37,40,41,42,51,58,64,66,71,73,80
7/28/14,05,08,12,15,19,23,25,27,29,37,44,45,51,56,61,62,64,68,70,75
7/27/14,08,10,15,19,20,21,24,30,33,40,45,48,54,55,57,66,73,74,75,77
7/26/14,08,10,12,15,16,20,21,29,30,37,44,45,57,58,59,61,67,76,77,80
7/25/14,07,21,24,25,27,29,30,37,38,40,46,52,54,56,58,59,69,70,72,76
7/24/14,03,08,11,17,31,35,36,40,43,49,51,61,64,67,68,72,75,77,79,80
7/23/14,02,04,09,10,12,16,17,25,37,40,41,44,52,58,59,60,61,62,64,72
7/22/14,02,04,05,16,18,19,20,22,23,27,28,33,42,54,56,60,61,69,78,80
7/21/14,02,04,09,18,22,26,28,32,33,37,38,39,56,57,62,65,69,76,77,80
7/20/14,08,23,25,26,34,36,39,41,45,46,47,54,56,57,61,62,63,66,71,73
7/19/14,02,03,04,13,14,36,38,39,41,42,44,48,51,57,60,64,68,71,73,80
7/18/14,03,07,19,26,29,30,33,36,41,43,48,49,51,55,57,58,60,70,77,79
7/17/14,02,08,15,16,17,19,20,23,27,28,30,36,40,50,51,53,62,66,72,74
7/16/14,02,04,09,11,15,17,29,32,34,41,43,46,47,52,59,63,66,74,75,77
7/15/14,04,14,16,17,18,30,37,38,42,45,49,50,57,58,62,67,69,70,71,79
7/14/14,02,10,19,22,25,28,29,32,35,36,43,47,50,51,52,55,59,74,75,77
7/13/14,03,04,08,10,18,21,25,29,31,32,36,38,43,45,46,48,55,66,69,75
7/12/14,03,04,05,07,08,09,20,26,30,32,38,41,44,46,55,62,65,67,68,70
7/11/14,02,06,09,10,17,23,26,27,28,34,35,40,41,44,46,47,53,63,65,73
7/10/14,03,07,12,14,15,17,30,32,33,35,42,45,55,56,59,60,62,72,75,79
7/9/14,02,05,14,24,30,31,33,39,41,45,48,52,54,55,61,64,66,74,77,80
7/8/14,01,05,06,13,20,23,25,29,35,39,43,48,53,55,56,60,62,69,75,78
7/7/14,04,05,07,10,14,16,18,22,24,25,29,38,44,46,48,52,53,56,64,79
7/6/14,03,06,11,12,13,16,17,21,26,29,51,55,57,60,61,63,66,67,69,73
7/5/14,03,05,06,09,10,13,14,22,24,26,28,29,37,45,62,66,77,78,79,80
7/4/14,02,04,05,14,15,16,22,31,36,37,39,43,45,52,60,62,63,69,70,74
7/3/14,05,14,18,19,21,26,28,30,34,35,36,40,48,50,51,57,66,69,76,78
7/2/14,01,04,05,07,09,13,14,18,23,29,35,38,39,42,48,57,61,64,66,68
7/1/14,04,13,15,24,32,34,37,40,42,52,55,62,64,65,67,69,70,72,75,78
6/30/14,01,02,09,13,16,20,26,29,32,33,39,44,45,48,52,53,59,65,72,75
6/29/14,04,09,15,21,22,27,30,46,56,61,62,63,64,67,72,73,75,76,79,80
6/28/14,01,05,08,11,12,26,32,33,38,40,41,44,45,52,56,57,58,70,73,79
6/27/14,11,16,23,25,27,29,32,33,36,38,42,43,45,48,52,55,63,67,68,76
6/26/14,01,02,07,10,14,15,17,25,26,30,33,34,35,43,46,47,50,58,67,74
6/25/14,12,14,22,23,27,28,39,47,49,50,51,52,53,59,60,68,69,72,76,79
6/24/14,06,07,08,16,17,25,26,30,35,36,44,51,52,54,55,58,63,65,77,79
6/23/14,04,08,11,18,20,22,36,38,44,48,49,50,53,54,57,64,67,73,75,77
6/22/14,08,09,10,11,12,21,23,27,31,39,40,41,53,54,58,60,65,70,73,74
6/21/14,06,08,15,19,20,21,27,36,38,39,46,47,51,55,61,67,68,71,72,75
6/20/14,03,07,08,13,18,20,21,25,27,29,31,38,39,40,46,47,57,72,75,80
6/19/14,07,08,09,15,20,34,35,40,42,44,48,50,52,54,57,62,65,66,70,71
6/18/14,02,09,12,16,20,21,29,39,41,44,50,56,66,67,69,72,74,75,78,80
6/17/14,02,04,07,08,20,22,35,37,39,43,48,54,56,59,61,65,68,71,74,75
6/16/14,08,14,20,26,27,29,30,33,34,35,40,43,44,46,51,57,65,68,77,79
6/15/14,03,07,09,10,12,13,21,22,29,31,35,36,40,42,58,59,61,65,66,74
6/14/14,09,10,12,14,17,18,32,33,36,37,50,59,60,62,66,67,72,74,76,79
6/13/14,01,04,06,07,08,16,18,20,25,26,28,29,39,43,51,56,62,68,75,77
6/12/14,02,03,14,16,20,26,27,29,32,37,42,49,51,53,56,59,62,68,72,76
6/11/14,05,07,09,11,14,15,20,22,25,36,39,40,49,59,62,66,71,72,73,75
6/10/14,01,06,07,18,24,26,27,33,36,39,46,49,60,62,64,66,68,75,77,79
6/9/14,01,05,07,13,14,18,32,33,34,37,38,46,52,54,58,61,68,73,75,80
6/8/14,04,06,09,10,12,13,20,24,27,34,35,39,45,49,50,55,56,58,60,65
6/7/14,03,06,09,10,16,18,20,24,31,38,44,52,54,57,60,65,66,70,72,78
6/6/14,01,04,09,12,13,18,22,23,27,30,35,37,47,49,54,64,67,69,76,79
6/5/14,01,06,07,14,15,16,28,29,30,31,40,41,43,57,62,68,70,72,76,78
6/4/14,06,11,15,19,20,27,30,35,40,41,42,48,49,60,64,66,67,68,70,78
6/3/14,05,06,08,09,14,21,26,32,35,36,38,40,47,55,63,64,67,70,72,77
6/2/14,10,12,15,19,21,23,24,29,30,46,57,58,59,61,64,69,71,72,73,77
6/1/14,03,09,10,11,15,20,25,29,39,40,45,46,48,50,52,58,70,71,75,76
5/31/14,06,10,16,22,27,30,38,40,42,46,50,51,53,63,64,67,69,75,76,80
5/30/14,09,11,13,20,23,24,26,28,29,30,37,46,49,52,53,55,60,71,72,76
5/29/14,02,05,06,08,09,10,18,20,24,26,29,31,32,33,50,52,58,59,65,78
5/28/14,01,02,03,05,08,09,11,12,16,18,20,26,34,35,39,50,55,60,64,74
5/27/14,15,19,21,22,27,37,40,46,51,53,56,59,60,63,64,66,68,71,74,78
5/26/14,04,06,08,14,18,19,28,30,33,35,36,42,44,49,52,53,59,66,75,77
5/25/14,10,13,16,24,30,31,34,36,44,49,53,55,59,70,73,74,77,78,79,80
5/24/14,02,08,11,16,18,19,20,21,23,27,35,36,38,43,48,62,63,66,75,77
5/23/14,02,05,10,11,15,17,21,25,26,28,29,38,41,42,45,54,55,66,77,78
5/22/14,10,11,12,13,24,25,27,39,45,50,51,56,58,59,62,65,72,74,75,80
5/21/14,01,04,05,07,09,17,18,19,26,29,31,33,43,48,49,56,58,60,64,74
5/20/14,01,04,15,17,24,26,30,31,33,37,45,46,52,59,66,69,72,74,75,79
5/19/14,01,10,13,24,31,32,33,38,40,42,46,47,49,54,62,69,74,76,77,80
5/18/14,05,09,10,15,25,27,28,31,34,39,40,42,51,60,66,67,69,72,75,80
5/17/14,08,11,15,19,23,24,25,34,36,39,41,44,46,47,52,56,59,65,75,77
5/16/14,03,13,18,20,26,31,33,34,40,41,45,46,49,50,56,57,61,66,67,75
5/15/14,04,07,09,11,13,22,29,33,37,40,49,54,58,61,64,68,70,72,79,80
5/14/14,03,05,07,10,14,18,19,23,26,28,29,36,46,48,52,57,58,59,73,80
5/13/14,06,11,12,18,21,23,33,42,44,45,49,52,54,55,56,58,68,72,76,79
5/12/14,02,03,05,06,21,23,33,34,39,41,48,50,53,54,58,60,61,69,76,78
5/11/14,10,11,13,14,19,20,29,30,33,37,38,40,47,52,55,61,67,68,69,76
5/10/14,01,04,05,08,09,12,13,19,23,27,30,35,37,42,43,53,54,62,74,75
5/9/14,01,08,10,11,14,15,17,21,26,28,34,35,38,40,44,61,64,67,73,79
5/8/14,07,11,14,18,20,24,29,30,31,32,33,34,36,41,52,54,66,70,75,79
5/7/14,03,04,07,24,28,34,35,36,45,50,53,57,59,60,63,64,65,76,79,80
5/6/14,02,08,09,10,16,19,27,34,35,38,39,50,54,60,63,65,68,70,71,74
5/5/14,04,09,12,18,21,25,27,42,43,44,47,48,51,56,57,58,59,62,72,79
5/4/14,02,03,05,07,08,13,17,19,22,25,30,34,38,49,50,53,62,64,75,78
5/3/14,15,16,19,21,24,31,33,39,41,45,54,57,58,60,62,66,67,74,76,79
5/2/14,12,17,22,25,28,32,33,38,47,48,51,53,54,56,58,60,61,62,70,75
5/1/14,02,07,08,12,13,16,17,18,19,20,23,33,35,39,41,55,65,68,72,75
4/30/14,03,08,09,22,31,35,40,45,48,52,54,57,60,61,64,65,67,76,77,80
4/29/14,04,05,13,19,25,28,33,34,35,41,53,57,59,60,63,64,67,75,77,79
4/28/14,04,06,09,15,18,22,26,40,41,45,48,55,57,61,63,68,71,75,76,78
4/27/14,03,06,07,10,11,20,22,23,27,28,30,54,55,56,58,59,64,72,73,77
4/26/14,05,11,13,27,31,44,47,50,56,58,59,60,62,63,64,67,69,75,76,79
4/25/14,05,17,18,20,23,28,34,37,38,45,46,47,50,56,62,63,68,69,70,74
4/24/14,02,12,15,17,19,23,25,26,27,31,34,35,50,57,59,61,63,66,67,73
4/23/14,04,08,14,18,19,30,34,35,36,39,40,41,51,55,56,57,69,71,73,80
4/22/14,03,05,11,21,25,29,35,42,44,47,55,56,57,58,60,64,65,68,74,79
4/21/14,01,08,11,16,17,18,22,24,27,29,33,39,47,50,60,62,66,71,74,80
4/20/14,09,10,12,15,17,19,20,24,35,42,47,49,52,59,64,69,70,72,76,79
4/19/14,01,02,09,10,11,13,14,19,21,26,28,30,42,47,55,62,65,66,71,76
4/18/14,01,12,13,15,16,24,30,36,40,41,46,47,51,53,54,55,59,60,61,75
4/17/14,01,02,04,06,10,12,20,24,26,37,42,47,56,62,64,67,68,70,76,80
4/16/14,03,06,07,10,12,13,20,22,23,24,27,42,47,56,58,64,65,66,69,70
4/15/14,01,11,13,14,16,21,24,25,26,30,37,39,41,44,55,59,65,68,74,77
4/14/14,02,03,04,13,18,20,24,26,40,42,48,53,56,60,64,65,67,68,72,78
4/13/14,02,03,10,12,18,19,21,23,32,36,40,41,42,49,56,63,64,69,75,80
4/12/14,16,17,23,24,26,28,32,34,38,41,46,47,48,53,54,60,61,62,63,65
4/11/14,03,04,05,14,19,25,29,31,36,38,40,41,44,59,62,65,67,68,74,78
4/10/14,03,08,11,15,21,23,25,31,33,34,44,46,47,48,50,53,55,67,69,76
4/9/14,06,12,17,26,31,35,43,49,52,53,56,57,61,62,63,66,69,73,78,79
4/8/14,05,08,11,14,15,21,26,30,38,40,44,47,48,51,54,62,63,65,72,75
4/7/14,02,03,04,05,14,17,25,29,30,37,38,42,45,47,50,55,61,64,71,72
4/6/14,05,07,10,14,21,25,37,42,43,48,52,55,61,63,64,65,67,69,71,72
4/5/14,05,08,11,15,16,20,23,24,27,34,35,36,38,40,41,48,60,69,70,78
4/4/14,01,03,08,10,11,14,18,26,35,39,40,44,45,48,49,55,56,65,76,80
4/3/14,01,05,13,17,21,28,35,37,40,41,43,46,50,59,65,67,68,72,78,79
4/2/14,02,05,12,20,22,23,26,31,35,38,41,45,52,56,57,62,63,66,67,80
4/1/14,02,10,14,15,25,26,28,32,35,38,42,44,45,50,52,53,59,63,74,80
3/31/14,01,04,14,16,24,30,38,39,44,50,51,52,56,57,58,59,60,62,72,73
3/30/14,05,06,08,10,11,14,17,19,37,39,42,49,52,56,57,62,72,74,75,80
3/29/14,03,04,10,12,14,18,21,29,30,33,36,46,56,57,58,59,76,77,79,80
3/28/14,03,04,10,13,17,19,23,28,31,38,43,48,53,60,68,71,72,76,79,80
3/27/14,04,14,16,19,20,22,29,34,44,45,47,62,68,69,70,71,76,77,78,80
3/26/14,02,06,11,17,22,24,31,33,36,43,56,59,62,64,68,71,72,73,77,80
3/25/14,18,23,26,28,29,31,33,36,37,43,48,54,58,62,64,65,72,74,77,79
3/24/14,01,04,06,12,22,25,26,27,29,38,41,47,52,61,63,65,66,67,70,75
3/23/14,05,07,09,12,16,19,23,30,32,33,34,50,51,55,56,59,62,65,66,72
3/22/14,01,05,06,08,10,11,13,18,21,23,24,30,32,34,37,40,42,44,46,64
3/21/14,02,03,04,05,06,09,14,26,35,38,41,48,53,55,56,57,71,73,75,78
3/20/14,03,06,09,11,12,14,20,21,26,29,32,34,40,47,56,68,70,71,75,79
3/19/14,03,07,09,14,20,24,28,29,32,36,39,41,53,59,60,62,63,64,66,67
3/18/14,05,11,14,17,18,26,30,33,37,43,47,52,54,60,64,68,69,73,79,80
3/17/14,01,05,07,10,11,13,16,21,24,26,28,41,44,45,47,57,59,61,68,72
3/16/14,10,14,16,18,20,21,22,23,24,27,29,33,35,40,47,51,62,69,71,72
3/15/14,01,07,10,12,18,22,26,29,31,32,41,45,54,63,64,66,73,74,77,78
3/14/14,02,04,05,07,09,11,15,19,24,25,26,38,40,49,55,57,67,73,77,79
3/13/14,02,04,07,11,13,15,29,31,34,35,36,41,46,47,49,55,56,61,71,77
3/12/14,01,03,04,07,12,15,23,25,26,30,47,51,53,57,58,62,64,65,74,76
3/11/14,03,04,08,11,16,19,20,26,33,36,37,42,48,50,54,66,67,72,77,80
3/10/14,01,02,08,18,20,23,24,31,35,38,39,44,47,56,64,66,70,73,75,80
3/9/14,02,05,13,14,17,23,30,34,50,52,55,57,58,59,66,70,76,78,79,80
3/8/14,01,13,17,23,36,39,41,42,44,46,49,50,54,57,60,63,69,71,72,78
3/7/14,06,07,10,12,20,22,25,31,33,39,40,42,46,50,54,62,67,69,74,77
3/6/14,05,09,12,16,22,23,33,41,44,46,54,58,60,63,64,65,73,76,77,79
3/5/14,03,04,05,07,08,09,15,19,24,26,30,34,37,44,56,62,65,66,73,77
3/4/14,11,12,14,17,21,26,27,28,32,37,42,46,56,62,63,68,72,73,75,78
3/3/14,05,10,17,18,29,31,33,34,38,40,47,56,58,62,67,68,69,71,73,78
3/2/14,02,04,07,13,19,24,28,36,38,49,54,57,59,67,68,71,73,74,78,79
3/1/14,02,07,12,20,22,24,30,31,35,41,45,46,48,55,56,60,65,70,73,80
2/28/14,01,08,12,15,17,19,22,28,29,31,36,37,41,43,52,56,63,67,68,79
2/27/14,02,04,09,25,26,34,35,36,38,40,41,44,46,50,51,57,58,67,70,77
2/26/14,03,04,12,16,19,31,33,35,37,38,41,43,44,45,49,50,52,68,72,74
2/25/14,02,05,06,08,09,13,18,23,24,25,35,37,38,39,44,46,49,52,53,68
2/24/14,05,08,12,16,17,23,25,26,28,29,30,35,42,43,56,64,75,76,77,80
2/23/14,01,09,14,17,19,30,40,44,49,53,56,61,62,66,67,70,73,75,78,79
2/22/14,04,06,13,19,22,28,47,50,52,55,56,59,66,67,68,69,70,71,76,77
2/21/14,10,12,14,20,22,23,24,27,32,34,40,43,50,53,57,64,67,68,69,71
2/20/14,01,02,07,11,13,21,28,32,39,40,42,44,58,63,64,67,71,73,74,79
2/19/14,04,05,14,18,28,34,35,38,41,45,48,50,52,54,55,59,63,69,73,78
2/18/14,02,03,04,11,14,15,22,24,28,29,30,37,39,52,58,62,67,68,71,77
2/17/14,01,03,04,07,17,18,26,29,30,38,39,45,52,54,56,59,63,64,75,80
2/16/14,04,09,13,17,19,21,25,34,40,44,46,49,53,55,58,62,66,67,71,73
2/15/14,03,05,12,13,19,24,25,26,28,32,35,36,43,49,52,54,58,61,69,77
2/14/14,09,11,12,14,15,16,18,24,26,30,31,35,38,45,54,61,62,66,75,76
2/13/14,01,05,08,09,11,15,19,22,27,29,38,46,51,56,59,64,67,68,70,73
2/12/14,02,04,08,15,17,22,24,25,32,33,34,36,37,38,41,43,62,63,66,68
2/11/14,01,06,08,09,10,12,24,30,34,35,37,38,44,52,57,58,65,69,70,80
2/10/14,08,10,19,21,25,27,29,33,39,41,43,48,49,54,62,63,64,66,71,79
2/9/14,02,08,09,21,26,27,33,35,40,41,46,47,53,55,56,61,64,74,78,80
2/8/14,03,08,10,13,19,22,25,29,32,34,43,48,56,60,65,72,73,75,79,80
2/7/14,02,10,14,16,18,25,26,32,33,34,36,45,52,54,61,65,66,69,73,78
2/5/14,09,11,13,14,15,22,25,33,35,39,44,52,56,68,71,72,73,76,77,79
2/4/14,04,05,06,08,09,10,17,24,29,34,36,41,49,51,58,66,71,76,78,80
2/3/14,01,05,12,16,19,23,28,31,34,40,43,44,46,47,48,49,50,53,68,78
2/2/14,02,03,08,12,14,19,21,25,42,43,45,50,52,53,55,61,62,68,76,77
2/1/14,03,04,06,07,11,16,20,22,27,31,33,38,41,44,46,50,56,60,71,79
1/31/14,03,04,09,10,24,25,27,28,33,40,42,43,44,46,50,57,68,71,75,79
1/30/14,05,07,11,14,15,20,24,28,29,31,36,39,45,50,52,53,68,73,75,79
1/29/14,06,08,11,14,24,29,39,46,48,52,53,54,64,66,71,74,76,77,79,80
1/28/14,04,06,07,09,11,19,24,30,33,35,37,40,43,53,54,58,59,63,71,77
1/27/14,02,08,09,11,23,26,31,33,39,43,44,50,52,56,57,59,61,66,68,73
1/26/14,01,05,18,29,31,34,38,40,46,50,53,55,59,60,69,71,72,73,74,79
1/25/14,05,11,15,16,17,21,23,29,38,44,51,57,60,62,63,68,69,70,73,79
1/24/14,01,07,12,24,26,29,42,45,47,48,49,54,57,58,62,63,68,71,77,78
1/23/14,05,08,10,14,24,26,35,36,48,54,55,59,64,65,66,67,69,72,76,79
1/22/14,03,11,23,31,35,37,38,39,40,45,49,56,59,62,63,65,66,72,78,79
1/21/14,06,08,09,14,23,26,28,30,31,37,38,41,53,56,57,60,70,75,76,77
1/20/14,02,08,10,12,16,20,25,26,31,32,39,45,47,48,52,62,64,72,76,80
1/19/14,02,09,10,20,21,25,26,29,34,35,39,43,46,51,55,57,68,73,76,79
1/18/14,07,09,18,22,29,30,31,35,37,40,43,45,50,51,53,62,64,76,78,80
1/16/14,01,02,10,11,13,24,26,29,34,39,45,55,63,65,67,72,74,75,77,80
1/15/14,01,08,11,13,24,26,31,36,38,40,52,53,55,59,60,62,63,74,76,77
1/13/14,08,15,17,24,30,32,43,44,45,52,54,57,58,62,63,66,74,75,78,80
1/12/14,05,09,12,14,18,20,22,28,32,36,43,55,57,59,62,63,65,71,74,80
1/10/14,08,09,15,18,19,24,30,36,38,40,42,44,48,50,54,65,66,67,70,76
1/9/14,03,04,05,14,17,22,23,25,26,32,37,40,46,49,57,58,61,65,67,80
1/8/14,02,04,10,20,21,25,29,30,34,39,44,45,46,54,57,61,62,64,66,68
1/7/14,10,14,18,21,22,25,26,31,35,44,51,59,60,70,72,73,75,78,79,80
1/6/14,03,12,14,16,19,20,27,31,32,33,35,38,43,45,46,61,64,68,77,79
1/5/14,01,03,09,14,15,18,19,21,31,32,35,45,48,53,54,57,58,60,71,78
1/4/14,01,03,09,14,15,16,31,38,44,45,50,54,55,63,67,72,73,74,77,78
1/3/14,02,04,07,08,09,10,14,22,23,27,31,35,38,49,52,57,59,71,74,78
1/2/14,01,03,13,14,15,17,24,29,35,40,41,46,48,53,57,62,63,66,68,77
1/1/14,06,07,15,24,35,41,42,43,48,49,50,53,55,58,62,64,70,71,74,78
12/31/13,03,04,05,08,10,23,29,39,42,43,46,50,54,55,59,64,72,75,78,80
12/30/13,02,03,11,13,17,23,28,31,34,36,37,46,50,66,68,70,71,72,74,78
12/29/13,03,06,08,20,21,27,29,37,39,42,47,61,63,67,69,70,72,74,77,80
12/28/13,02,11,12,13,14,23,24,30,35,39,40,47,56,60,61,62,67,70,73,80
12/27/13,05,06,15,18,22,25,26,30,31,35,39,41,43,44,61,64,67,69,78,80
12/26/13,15,17,18,24,28,31,32,34,39,42,45,56,57,59,60,61,63,66,74,80
12/25/13,03,07,12,14,16,20,30,32,40,41,44,45,47,50,51,52,58,62,75,80
12/24/13,02,03,04,10,12,23,30,34,36,44,49,57,62,67,69,72,75,77,79,80
12/23/13,16,18,23,26,27,38,46,52,56,57,59,60,62,64,68,70,72,73,74,79
12/22/13,05,12,15,16,17,19,21,29,34,36,39,42,47,49,57,65,67,72,75,77
12/21/13,01,02,03,09,10,11,14,24,32,34,35,37,38,47,48,58,59,62,69,75
12/20/13,06,13,14,20,24,26,28,33,35,37,48,51,53,54,56,58,60,69,74,77
12/18/13,08,11,14,17,19,23,27,30,41,43,46,51,52,56,59,70,73,74,76,79
12/17/13,02,04,06,07,08,15,22,23,26,37,38,40,41,42,46,48,49,52,64,79
12/16/13,04,05,10,14,16,24,36,39,43,52,54,55,58,63,64,70,71,72,79,80
12/15/13,04,12,19,28,31,35,38,41,54,55,61,63,64,65,67,69,71,75,78,80
12/13/13,04,06,07,17,20,21,22,27,31,34,38,43,45,49,50,54,62,66,71,75
12/12/13,03,08,11,12,13,15,16,22,24,27,30,33,39,45,50,52,54,56,62,65
12/11/13,03,07,09,13,14,20,24,30,35,36,50,58,61,62,63,64,65,72,73,74
12/10/13,09,17,19,30,31,36,37,38,42,43,44,45,49,62,67,69,71,73,75,78
12/8/13,11,12,18,19,20,37,42,43,51,52,55,58,59,62,64,65,66,75,78,80
12/7/13,01,04,08,12,13,19,21,24,27,30,31,41,42,46,50,51,52,64,69,78
12/6/13,04,09,11,14,22,24,28,31,36,42,45,49,52,66,69,70,71,72,73,80
12/5/13,03,06,13,14,18,32,38,41,43,44,52,53,55,57,61,63,65,67,71,80
12/4/13,01,05,06,09,11,12,14,15,22,24,27,29,37,38,47,48,51,58,59,66
12/3/13,06,08,13,22,23,27,29,32,33,34,37,41,48,50,55,56,57,61,64,71
12/2/13,07,09,12,13,14,18,26,27,33,35,39,40,42,54,57,61,62,65,66,69
12/1/13,01,06,08,21,22,29,31,32,36,42,45,49,58,59,62,63,64,66,70,80
11/30/13,02,03,07,13,15,17,22,27,29,41,42,43,48,62,63,64,66,69,71,72
11/29/13,04,07,08,10,13,15,16,17,25,28,30,31,33,34,41,50,62,70,76,78
11/28/13,04,10,11,12,17,19,27,29,32,33,50,58,59,61,65,66,71,72,75,80
11/27/13,02,03,07,11,13,14,19,21,23,25,27,40,45,48,49,55,66,67,68,77
11/26/13,03,04,05,11,13,15,17,18,19,23,27,29,31,39,43,60,63,65,72,74
11/25/13,02,03,05,07,09,10,21,23,30,34,35,42,43,45,46,48,49,52,68,70
11/24/13,01,07,11,22,26,32,37,41,45,46,48,51,52,61,65,69,74,75,76,78
11/23/13,05,07,09,12,20,22,25,26,29,33,38,39,44,45,47,60,61,62,64,69
11/22/13,06,16,23,26,27,34,35,36,41,46,54,59,60,62,64,70,71,72,78,79
11/21/13,07,13,17,27,30,33,35,43,55,58,63,64,66,68,70,71,72,74,75,79
11/20/13,05,09,13,16,21,27,29,49,50,54,55,56,60,64,66,67,72,74,75,76
11/19/13,03,13,14,21,36,37,38,40,43,46,50,51,66,71,72,73,75,76,78,80
11/18/13,06,07,10,12,19,33,34,35,36,38,41,48,55,58,62,68,75,76,79,80
11/17/13,02,04,12,14,19,20,25,27,34,35,37,40,41,42,44,59,65,66,72,76
11/16/13,01,02,09,11,12,15,29,32,40,41,42,53,57,65,66,67,70,71,73,78
11/15/13,08,10,11,24,25,26,27,32,39,46,49,52,53,55,56,60,62,66,76,80
11/14/13,05,06,15,17,21,23,27,29,31,40,41,45,52,54,55,57,64,71,76,77
11/13/13,09,11,12,16,19,21,25,33,35,36,43,46,47,58,59,66,67,69,70,74
11/12/13,01,05,08,09,13,17,21,24,30,31,32,33,34,38,39,55,61,62,63,73
11/11/13,01,06,10,11,12,13,17,18,21,27,30,31,35,36,43,52,53,55,65,67
11/10/13,01,03,06,07,08,17,24,37,39,41,45,46,51,55,56,57,59,72,77,80
11/9/13,03,08,18,20,25,27,28,33,34,40,41,43,48,58,59,62,63,71,72,75
11/8/13,04,05,07,12,16,17,22,23,30,35,39,42,45,46,49,51,62,64,73,79
11/7/13,03,09,10,13,20,27,28,31,32,40,50,52,54,57,58,65,71,73,77,79
11/6/13,04,05,11,13,14,16,18,21,28,35,40,46,57,58,59,64,66,67,71,77
11/5/13,04,09,11,12,17,18,20,21,23,27,29,37,48,60,61,65,66,76,78,79
11/4/13,01,02,03,05,09,10,11,17,18,23,26,27,30,47,49,55,59,61,68,71
11/3/13,01,03,08,11,16,26,32,39,42,45,49,50,51,56,60,63,66,68,71,77
11/2/13,03,07,08,12,15,16,21,29,33,34,36,42,57,60,64,65,69,74,78,80
11/1/13,03,12,14,19,28,32,37,40,43,48,53,61,64,67,68,71,72,75,79,80
10/31/13,01,03,06,09,20,39,43,46,51,52,55,59,61,64,70,71,76,77,78,79
10/30/13,03,04,10,13,14,16,19,27,28,30,41,42,49,53,54,66,67,72,75,77
10/29/13,04,06,08,11,14,19,24,25,27,36,40,47,51,55,58,60,64,69,74,76
10/28/13,01,04,06,16,17,22,25,29,33,34,36,47,50,55,56,57,66,74,76,80
10/27/13,01,02,04,13,18,23,27,28,31,37,39,56,59,61,62,64,68,70,73,77
10/26/13,02,05,09,19,24,26,30,37,42,52,54,55,60,63,64,67,68,71,73,76
10/25/13,09,15,16,20,26,27,29,38,39,40,43,45,46,57,61,68,75,76,79,80
10/24/13,06,07,09,14,19,23,29,34,40,44,48,56,58,59,64,65,70,71,73,74
10/23/13,05,14,19,26,28,29,36,44,46,47,48,53,56,60,61,63,64,73,79,80
10/22/13,04,13,15,17,22,24,27,32,38,40,44,47,48,63,65,68,71,72,75,79
10/21/13,03,04,10,12,15,16,20,21,25,27,34,36,39,46,51,56,60,69,74,77
10/20/13,07,11,13,24,29,35,37,42,43,47,48,52,53,57,61,62,64,66,69,73
10/19/13,04,09,10,12,19,20,22,27,36,37,39,40,44,54,55,57,61,66,68,69
10/18/13,03,08,12,15,17,20,22,24,29,30,36,41,46,67,69,73,74,78,79,80
10/17/13,01,02,16,18,27,29,33,41,45,47,52,55,63,64,65,66,69,76,79,80
10/16/13,02,03,07,13,16,18,19,22,30,36,41,43,57,63,65,69,72,73,74,79
10/15/13,01,05,08,11,14,16,17,26,31,40,42,44,47,50,55,56,69,71,74,80
10/14/13,12,14,16,20,28,30,33,35,37,49,50,53,57,58,61,62,63,70,79,80
10/13/13,08,18,29,32,33,34,43,44,45,46,49,53,55,58,63,69,70,74,78,79
10/12/13,02,04,07,08,09,11,13,14,18,24,25,29,30,35,39,54,58,64,65,79
10/11/13,08,22,23,25,27,30,33,35,42,44,46,49,53,56,62,63,68,75,79,80
10/10/13,03,06,10,18,23,28,29,32,35,37,38,39,41,43,46,53,57,77,79,80
10/9/13,04,15,16,18,22,30,31,32,37,41,43,45,46,47,50,51,57,67,70,71
10/8/13,01,03,05,13,19,20,28,32,36,41,45,47,53,55,65,66,70,71,74,77
10/7/13,02,05,12,13,17,23,24,27,28,29,31,32,35,37,43,46,52,53,74,80
10/6/13,01,07,12,36,37,38,39,40,41,42,44,48,49,54,56,63,70,76,78,80
10/5/13,09,12,19,31,32,35,43,49,54,57,58,60,64,65,67,68,69,70,73,76
10/4/13,05,16,17,18,20,25,33,34,37,42,44,48,49,54,59,61,67,73,75,79
10/3/13,05,10,11,14,27,29,30,39,44,45,46,49,50,60,61,62,63,72,79,80
10/2/13,03,07,14,16,22,28,36,40,43,52,54,57,60,61,68,70,71,72,73,78
10/1/13,02,10,15,18,23,25,29,33,40,41,42,45,56,59,63,64,71,74,76,77
9/30/13,04,12,17,20,26,31,33,34,45,59,63,65,67,68,69,70,72,73,79,80
9/29/13,06,09,18,20,21,22,24,28,30,31,34,36,38,51,52,63,64,67,74,75
9/28/13,05,07,08,14,17,27,32,33,35,38,48,51,53,57,58,60,70,71,77,79
9/27/13,08,11,13,15,23,25,35,37,39,41,42,46,48,49,50,52,57,65,67,73
9/26/13,02,04,06,12,16,17,18,19,20,27,28,30,42,44,46,47,52,65,71,76
9/25/13,01,14,25,27,28,34,37,41,44,46,48,49,51,55,65,67,70,72,74,75
9/24/13,03,05,06,11,13,15,21,27,28,34,41,44,47,58,61,63,68,70,77,80
9/23/13,12,14,19,22,24,25,27,28,35,37,40,43,44,54,61,65,67,70,72,76
9/22/13,02,07,11,12,14,15,17,22,36,45,47,49,55,57,72,73,74,76,78,80
9/21/13,05,06,08,15,18,21,24,26,27,33,38,40,42,43,53,56,58,60,79,80
9/20/13,01,12,14,22,26,27,32,37,49,50,55,61,62,63,65,68,72,73,74,78
9/19/13,02,06,08,16,18,22,25,28,29,31,37,42,43,44,49,51,62,68,74,78
9/18/13,01,06,09,11,15,16,18,20,23,27,30,41,43,46,48,62,69,72,76,80
9/17/13,05,08,09,16,20,21,28,33,34,35,41,42,43,47,48,56,70,71,72,73
9/16/13,01,02,03,08,11,17,18,24,26,33,34,53,57,66,71,73,75,78,79,80
9/15/13,03,09,10,12,20,24,25,26,29,32,38,42,53,58,62,64,67,70,76,77
9/14/13,04,06,21,23,26,27,40,42,46,49,51,52,53,54,57,69,70,72,78,80
9/13/13,02,05,09,13,20,21,27,28,32,34,40,45,46,52,55,61,62,66,76,79
9/12/13,04,05,06,09,16,18,28,33,34,40,41,44,50,58,59,60,65,66,72,73
9/11/13,01,04,05,10,13,14,23,25,28,29,30,38,39,44,46,61,63,73,74,77
9/10/13,05,09,10,14,16,27,28,29,35,36,37,40,49,52,59,61,66,74,75,78
9/9/13,17,18,21,22,23,28,29,35,40,41,43,45,48,52,58,60,63,70,72,77
9/8/13,08,09,10,11,19,21,25,27,34,36,39,44,52,59,60,63,66,71,72,75
9/7/13,04,14,21,24,25,27,31,33,36,37,39,42,45,53,61,63,64,66,73,74
9/6/13,05,07,11,19,24,28,32,35,36,38,41,52,56,57,61,62,66,67,70,74
9/5/13,01,05,07,10,11,21,23,30,31,32,33,34,39,40,43,49,55,57,61,64
9/4/13,04,05,08,12,14,24,30,35,36,46,52,56,57,59,60,67,69,72,73,76
9/3/13,01,03,10,11,13,18,20,25,27,33,36,40,50,54,58,62,68,76,79,80
9/2/13,06,09,11,13,17,20,24,26,32,38,39,46,49,52,55,59,61,68,74,79
9/1/13,03,04,05,06,11,13,15,17,19,20,21,26,39,41,42,47,54,58,77,79
8/31/13,02,04,07,15,20,25,28,30,35,40,41,48,53,54,57,58,60,62,71,77
8/30/13,02,11,13,14,16,18,21,24,25,36,41,43,56,59,60,65,71,72,73,75
8/29/13,03,09,10,11,14,15,18,19,33,45,46,50,51,53,56,58,67,68,72,74
8/28/13,01,04,11,14,15,16,18,27,29,31,35,36,37,38,40,46,53,64,70,74
8/27/13,05,08,10,11,30,32,37,39,40,41,45,49,51,55,60,64,67,68,72,75
8/26/13,05,06,09,10,12,13,14,27,35,36,38,43,47,51,55,64,67,71,72,74
8/25/13,02,03,05,07,20,21,22,25,28,33,35,39,40,41,44,51,62,64,68,79
8/24/13,01,06,07,09,10,11,14,18,20,25,30,39,45,47,53,60,61,74,75,76
8/23/13,06,08,17,19,21,31,32,36,37,40,52,54,55,59,60,61,69,70,72,74
8/22/13,01,04,15,17,19,24,26,30,38,42,44,56,62,65,68,69,70,71,76,78
8/21/13,04,06,08,12,14,20,22,23,26,28,34,45,49,50,59,63,64,65,70,80
8/20/13,01,04,09,10,14,15,18,21,23,26,38,39,40,52,54,56,65,70,77,78
8/19/13,03,08,10,14,15,20,25,28,31,34,35,36,60,62,63,66,68,71,73,78
8/18/13,13,16,27,31,32,37,38,43,44,45,52,59,61,63,64,67,69,70,71,75
8/17/13,01,04,05,16,17,21,22,28,31,32,48,49,51,57,61,65,72,73,78,79
8/16/13,02,03,06,08,10,22,24,26,28,36,38,41,42,44,55,57,61,71,73,77
8/15/13,04,18,19,25,28,30,36,43,46,49,50,52,55,56,58,66,71,72,78,80
8/14/13,06,07,18,19,21,23,31,40,43,45,48,56,68,71,72,73,75,76,77,80
8/13/13,05,06,09,16,20,22,25,27,28,31,32,34,51,54,59,62,67,70,71,73
8/12/13,02,03,06,09,17,20,22,23,25,29,31,37,40,41,43,49,52,54,72,74
8/11/13,04,05,06,19,20,25,34,35,38,45,49,50,52,55,56,62,65,69,70,78
8/10/13,02,03,04,16,18,20,21,22,30,31,33,40,43,47,54,56,65,66,70,73
8/9/13,10,14,20,21,23,28,29,33,35,37,38,40,44,49,59,68,69,75,77,79
8/8/13,05,07,14,17,19,20,25,30,32,37,39,41,46,53,54,56,59,70,71,80
8/7/13,04,09,25,28,29,30,33,38,42,43,44,49,50,51,54,57,60,66,73,76
8/6/13,01,02,03,05,06,09,12,26,32,38,39,40,44,55,60,72,73,74,75,76
8/5/13,02,08,20,22,23,24,26,27,32,38,39,43,48,66,68,69,71,76,77,79
8/4/13,01,02,04,11,15,18,19,23,30,32,41,44,45,49,52,56,61,75,78,79
8/3/13,01,09,10,11,15,18,22,24,29,32,36,44,45,46,48,57,62,63,64,69
8/2/13,04,06,11,14,17,19,23,25,26,33,36,40,41,44,46,49,60,71,74,75
8/1/13,04,08,11,13,16,17,21,26,28,29,33,47,50,54,62,65,68,72,78,80
7/31/13,03,04,11,13,15,16,18,22,23,32,35,40,43,45,52,56,59,60,70,79
7/30/13,01,03,06,07,08,15,16,22,26,41,42,43,48,49,54,56,58,68,71,79
7/29/13,06,08,14,17,21,22,33,38,39,40,41,45,51,53,61,65,70,71,75,78
7/28/13,02,06,09,11,13,17,19,36,37,38,41,49,50,58,63,64,65,71,75,76
7/27/13,03,04,11,16,20,23,26,28,30,31,37,44,53,63,68,69,70,74,78,79
7/26/13,02,04,06,09,18,20,25,26,31,37,40,55,60,62,65,69,71,72,73,77
7/25/13,12,17,20,24,27,29,32,35,40,46,47,52,55,58,60,69,73,74,78,80
7/24/13,13,15,25,27,29,32,33,37,39,41,43,52,55,59,69,74,75,77,78,79
7/23/13,02,05,16,22,26,33,35,36,38,43,46,49,57,58,67,69,70,76,77,78
7/22/13,02,07,09,10,11,13,17,20,21,24,27,30,31,46,48,50,52,62,72,77
7/21/13,01,05,06,08,10,11,12,13,17,27,38,40,42,49,53,58,61,64,72,75
7/20/13,06,07,11,12,16,19,23,29,39,40,41,44,56,67,69,70,73,74,77,79
7/19/13,01,04,08,10,16,29,31,33,34,37,43,46,47,48,50,54,57,62,68,72
7/18/13,06,07,09,23,24,30,34,41,43,46,48,53,60,65,66,68,70,75,76,77
7/17/13,07,20,24,25,26,28,39,40,46,48,49,57,60,67,68,70,73,74,75,78
7/16/13,06,07,15,18,22,24,27,28,29,31,35,43,45,46,56,57,58,60,64,72
7/15/13,05,08,22,27,29,37,41,42,44,51,54,55,58,62,64,69,70,72,73,75
7/14/13,05,07,14,18,27,29,32,35,39,41,45,47,49,60,62,65,67,70,75,80
7/13/13,01,03,08,10,18,21,24,25,38,42,46,47,49,51,56,58,59,73,76,77
7/12/13,07,11,12,14,15,17,19,21,22,27,29,37,42,45,47,50,52,64,74,76
7/11/13,02,07,09,10,11,12,15,17,19,25,32,37,45,57,58,59,61,64,69,77
7/10/13,01,03,06,11,17,18,21,24,32,41,45,49,55,58,63,71,72,73,74,80
7/9/13,02,04,05,10,14,18,22,28,29,31,32,36,39,40,48,53,55,57,58,78
7/8/13,09,11,16,26,34,37,38,39,45,46,47,52,56,58,60,62,65,70,75,77
7/7/13,02,03,07,09,13,15,16,20,21,23,29,48,50,51,57,67,68,71,78,79
7/6/13,03,08,09,16,17,25,26,29,33,42,49,51,52,56,57,60,64,67,73,75
7/5/13,04,08,09,11,13,15,18,24,31,37,40,47,50,56,66,67,73,77,78,80
7/4/13,02,09,13,16,18,32,33,36,38,42,43,44,55,56,57,68,69,70,73,74
7/3/13,01,05,12,16,21,31,32,33,38,49,50,51,53,56,58,69,75,77,78,79
7/2/13,05,08,13,14,17,19,24,32,35,38,41,46,51,57,64,65,71,74,76,79
7/1/13,02,04,05,09,11,14,16,17,22,28,30,38,50,54,60,64,66,67,74,77
6/30/13,03,04,07,09,11,18,19,22,25,30,31,35,39,50,57,62,65,75,79,80
6/29/13,09,11,14,21,26,30,32,33,37,42,43,44,48,54,59,60,66,68,70,78
6/28/13,04,06,14,20,23,24,28,29,30,31,37,40,51,57,58,59,64,67,68,73
6/27/13,01,15,16,18,20,31,34,41,44,47,51,60,62,64,65,67,70,71,72,74
6/26/13,03,14,15,23,26,28,31,32,43,45,56,59,60,62,63,72,73,75,79,80
6/25/13,05,11,13,21,23,26,27,33,41,44,48,50,64,66,67,70,73,74,75,76
6/24/13,01,04,07,11,21,27,32,37,40,43,45,46,49,60,63,72,73,74,79,80
6/23/13,03,05,08,14,17,21,23,25,26,28,33,37,40,45,49,57,61,69,71,79
6/22/13,08,09,11,14,19,21,25,32,33,34,35,40,46,47,64,68,70,75,76,80
6/21/13,04,06,07,13,14,15,17,22,23,27,29,35,42,47,57,58,62,63,72,80
6/20/13,05,07,09,24,29,30,31,34,35,49,53,58,61,63,66,70,71,73,77,79
6/19/13,01,03,08,11,13,15,16,19,25,27,28,29,32,35,63,68,71,77,79,80
6/18/13,05,12,13,14,18,19,21,22,23,26,31,33,42,45,48,53,57,60,69,71
6/17/13,02,06,14,15,19,20,24,27,31,34,35,39,40,54,55,62,63,67,68,74
6/16/13,02,04,13,19,28,29,30,31,34,43,44,47,49,53,59,63,70,71,79,80
6/15/13,02,08,09,14,15,16,17,25,29,36,39,40,48,54,58,60,65,67,77,80
6/14/13,05,12,14,20,27,28,31,33,36,40,45,46,53,57,62,65,66,68,77,78
6/13/13,07,09,11,19,24,29,32,35,38,45,47,48,54,58,59,66,67,73,76,78
6/12/13,03,08,12,15,23,28,33,42,48,51,52,59,60,61,63,65,69,72,73,77
6/11/13,01,05,07,08,12,19,27,33,35,41,48,50,54,57,66,69,71,73,74,75
6/10/13,01,03,09,10,12,16,21,23,24,26,27,31,33,47,57,68,70,71,79,80
6/9/13,09,11,12,13,14,19,23,32,36,39,40,47,56,57,59,61,67,69,76,77
6/8/13,03,11,16,17,22,23,28,34,35,37,38,41,47,50,57,60,64,72,75,77
6/7/13,01,03,07,10,14,19,26,30,41,42,46,56,57,62,65,68,71,74,75,78
6/6/13,03,10,11,28,31,34,38,39,45,46,48,50,51,54,55,57,60,69,72,80
6/5/13,07,11,12,14,25,27,35,38,44,45,48,49,54,58,59,60,66,67,75,76
6/4/13,03,06,08,12,13,14,27,30,45,49,53,56,57,58,60,61,65,71,73,80
6/3/13,03,05,18,22,25,26,31,33,34,36,40,42,44,47,52,59,60,65,67,79
6/2/13,02,03,06,11,15,17,38,43,44,46,48,52,53,55,64,66,70,71,73,74
6/1/13,02,03,09,11,17,18,20,22,27,30,32,40,51,53,59,67,69,72,77,78
5/31/13,01,05,06,08,10,13,18,19,29,35,36,42,45,51,59,64,66,68,71,73
5/30/13,02,05,09,17,21,23,24,30,39,41,42,44,45,53,56,62,65,68,73,78
5/29/13,01,03,08,17,20,21,22,25,26,37,46,48,51,56,59,61,62,73,74,76
5/28/13,01,05,07,13,17,20,21,30,33,38,44,47,53,54,62,67,68,76,77,79
5/27/13,02,05,11,15,23,26,32,37,38,39,57,58,59,60,61,64,66,67,72,73
5/26/13,05,16,22,23,25,27,30,34,39,45,50,58,60,61,64,68,70,72,74,75
5/25/13,02,06,09,12,13,19,20,22,25,27,31,33,34,42,48,55,58,62,72,77
5/24/13,04,06,10,15,22,23,25,26,27,29,36,37,39,48,56,62,69,72,78,80
5/23/13,01,04,10,13,16,39,41,42,43,44,45,49,53,54,55,59,63,69,74,79
5/22/13,02,05,08,12,22,23,29,31,33,47,48,49,60,63,66,70,71,74,78,79
5/21/13,06,07,16,22,24,25,28,36,38,41,42,45,48,50,55,59,66,70,71,76
5/20/13,05,07,17,18,25,26,37,42,43,44,47,51,53,61,69,71,72,74,78,79
5/19/13,04,06,10,14,15,24,25,28,43,49,51,53,54,59,62,68,69,75,76,80
5/18/13,01,03,13,14,17,26,27,28,37,43,45,54,57,58,61,66,69,74,76,77
5/17/13,03,04,07,09,10,23,36,37,41,45,48,52,58,64,68,69,70,72,73,76
5/16/13,11,12,15,18,24,26,28,30,32,36,37,38,42,43,53,54,62,68,75,77
5/15/13,04,06,09,13,23,28,29,30,31,32,35,38,46,57,62,67,69,71,74,80
5/14/13,01,04,07,18,21,24,33,37,39,47,48,49,61,66,68,71,72,75,77,80
5/13/13,02,03,10,12,15,19,29,31,35,39,43,47,48,50,62,67,74,77,78,80
5/12/13,02,09,10,11,17,21,22,25,27,29,31,32,36,41,64,66,68,75,79,80
5/11/13,03,07,08,14,15,16,18,23,26,30,37,38,43,53,55,65,71,75,78,79
5/10/13,03,04,08,09,11,18,22,26,28,32,39,42,44,48,51,54,58,60,75,79
5/9/13,04,05,08,10,11,13,15,23,28,29,42,43,45,49,50,53,60,62,63,66
5/8/13,01,05,09,10,16,17,19,25,26,33,34,37,39,43,47,48,53,71,75,79
5/7/13,02,12,14,18,22,27,33,34,35,39,49,50,51,52,61,67,69,71,72,77
5/6/13,02,08,11,13,15,19,23,28,33,35,42,44,45,47,48,55,66,74,78,79
5/5/13,03,04,05,06,23,31,33,35,38,43,45,48,50,54,60,63,65,66,79,80
5/4/13,11,12,21,27,29,30,31,33,39,42,47,50,56,57,64,68,70,76,77,79
5/3/13,04,07,12,16,19,20,23,28,29,38,40,48,52,53,58,62,63,71,72,78
5/2/13,02,04,06,08,13,17,18,22,23,34,36,40,43,48,50,55,62,64,68,75
5/1/13,04,05,06,08,16,17,23,25,30,31,35,43,45,53,58,61,62,63,69,75
4/30/13,03,06,10,11,19,20,24,35,36,41,42,47,58,60,66,68,72,73,74,78
4/29/13,22,24,28,29,33,34,38,42,49,51,52,57,63,64,66,67,70,72,77,79
4/28/13,03,05,07,10,13,18,21,26,33,35,36,41,42,44,48,51,59,64,70,73
4/27/13,04,05,08,14,19,25,26,29,37,45,47,59,63,66,68,69,70,71,72,74
4/26/13,03,04,11,13,15,22,24,26,29,30,39,40,44,45,47,57,70,72,73,75
4/25/13,03,08,11,21,24,27,37,45,49,51,54,56,57,58,62,64,66,67,76,77
4/24/13,03,04,06,16,17,24,26,31,32,33,34,42,48,49,50,57,58,59,62,80
4/23/13,06,11,16,19,20,22,36,45,46,47,50,52,53,54,58,59,61,62,69,74
4/22/13,01,03,06,11,12,13,16,17,22,25,26,29,31,43,44,48,50,58,70,79
4/21/13,02,04,12,13,20,23,26,32,43,46,50,57,58,60,61,63,66,69,70,72
4/20/13,01,04,06,07,11,13,18,28,35,37,39,40,42,47,52,62,67,72,73,76
4/19/13,01,03,05,06,07,17,22,26,29,36,41,43,48,58,60,62,65,66,78,80
4/18/13,06,08,12,14,19,20,23,25,30,31,33,35,36,37,42,57,71,72,74,77
4/17/13,01,05,06,10,16,19,30,36,44,46,48,50,52,56,58,62,65,69,73,76
4/16/13,01,03,04,09,11,13,15,17,21,25,28,29,36,40,54,61,62,65,69,79
4/15/13,08,13,14,18,24,28,29,31,35,43,46,47,48,54,59,60,63,70,78,79
4/14/13,04,07,09,10,21,26,29,44,45,48,50,56,57,60,66,67,74,75,76,77
4/13/13,01,07,13,18,19,22,30,31,32,34,46,47,56,58,61,62,63,64,73,76
4/12/13,05,07,11,26,27,28,33,34,36,44,45,46,49,56,59,60,73,75,76,79
4/11/13,01,07,09,10,39,40,44,47,49,51,53,55,58,62,63,65,66,67,76,79
4/10/13,02,04,06,10,12,13,23,26,27,30,33,45,47,49,53,57,59,61,74,76
4/9/13,01,02,07,08,11,29,30,33,36,38,39,41,48,49,52,55,64,65,69,74
4/8/13,03,04,08,09,14,15,22,24,31,34,38,39,49,51,61,62,65,66,68,69
4/7/13,05,06,07,12,18,31,43,44,48,50,51,52,55,57,58,61,66,68,72,80
4/6/13,05,07,09,12,14,20,25,34,35,43,47,48,50,51,62,64,69,70,78,79
4/5/13,02,03,06,11,13,15,17,28,32,35,37,38,49,53,60,68,76,77,79,80
4/4/13,02,03,21,23,26,29,30,35,47,48,55,57,60,62,65,68,73,77,78,79
4/3/13,04,06,09,14,25,27,28,29,31,33,35,36,39,41,43,53,55,69,70,80
4/2/13,05,08,13,16,23,30,31,33,34,35,36,37,39,40,52,53,63,68,70,77
4/1/13,01,02,03,04,06,12,13,17,23,26,38,39,42,54,56,57,59,60,66,71
3/31/13,03,04,06,17,18,20,22,30,32,43,48,52,56,58,61,62,64,68,76,80
3/30/13,02,03,05,06,08,09,10,11,21,27,39,42,48,52,55,56,60,64,72,80
3/29/13,05,16,22,24,26,31,33,38,42,44,47,49,50,64,65,66,67,73,74,76
3/28/13,05,09,21,22,25,29,30,32,36,40,46,51,53,54,57,60,61,68,75,80
3/27/13,01,09,14,16,18,19,23,29,35,36,44,47,52,53,57,58,59,61,63,76
3/26/13,03,07,13,14,21,25,28,29,43,44,51,54,57,62,65,67,69,72,78,80
3/25/13,02,07,11,12,14,19,27,28,30,33,49,50,54,60,65,70,74,76,77,80
3/24/13,01,10,17,22,25,33,40,41,45,46,49,51,52,57,59,67,70,75,77,78
3/23/13,02,09,12,13,17,19,24,26,34,37,38,43,55,56,57,60,61,69,73,74
3/22/13,01,02,03,06,08,11,12,20,29,32,35,36,39,41,45,57,65,66,71,76
3/21/13,02,10,11,17,19,22,24,26,28,35,39,47,50,57,60,61,63,64,66,77
3/20/13,03,09,10,13,15,20,29,41,45,46,47,50,54,56,65,66,67,70,73,78
3/19/13,01,13,18,20,25,26,35,36,39,40,41,43,47,52,53,54,59,68,71,73
3/18/13,04,10,12,13,15,19,20,22,23,25,34,36,38,41,43,47,48,50,67,74
3/17/13,02,04,06,08,09,10,16,20,21,42,47,57,59,60,64,68,75,76,79,80
3/16/13,04,06,10,15,21,23,28,29,32,33,36,46,48,59,64,65,66,69,70,71
3/15/13,08,20,21,22,35,40,41,44,48,50,51,55,58,61,68,74,75,76,78,80
3/14/13,04,06,14,16,20,24,26,27,28,35,44,45,53,57,60,62,65,70,72,78
3/13/13,06,17,18,19,20,25,26,42,43,47,49,57,60,62,64,65,67,68,76,80
3/12/13,11,17,19,21,22,26,31,40,43,50,56,59,60,62,63,70,72,75,79,80
3/11/13,02,06,09,15,18,21,23,28,30,32,35,36,50,52,61,62,68,76,78,79
3/10/13,04,09,10,11,14,22,26,27,28,30,31,33,47,49,54,61,62,65,72,78
3/9/13,06,12,13,24,27,31,33,35,37,43,50,52,53,59,60,63,64,65,69,80
3/8/13,12,18,24,25,28,36,41,42,47,48,49,50,54,56,61,62,64,71,73,79
3/7/13,01,06,13,22,26,30,36,38,39,40,47,49,50,52,56,64,65,66,69,77
3/6/13,03,06,08,13,16,27,30,31,34,43,51,55,59,61,64,72,75,76,78,79
3/5/13,01,03,04,06,12,16,30,32,36,37,42,45,48,49,50,55,56,57,61,62
3/4/13,02,04,06,07,10,14,16,17,24,26,28,41,56,58,59,63,64,69,73,74
3/3/13,06,08,17,20,23,27,28,30,37,39,47,49,54,62,68,69,74,75,78,79
3/2/13,18,25,37,38,40,45,50,52,54,55,56,66,67,68,69,70,71,75,76,78
3/1/13,02,10,11,15,18,22,27,32,33,35,41,46,60,61,68,69,74,76,77,78
2/28/13,04,06,09,12,13,20,22,27,28,29,44,54,62,65,66,69,72,73,74,77
2/27/13,05,10,12,16,18,27,30,32,33,36,37,38,39,40,42,43,52,58,62,78
2/26/13,14,17,20,27,33,40,45,47,48,49,52,53,60,61,62,65,67,70,74,79
2/25/13,01,07,10,22,25,29,30,35,38,44,47,52,53,54,58,63,71,74,77,80
2/24/13,01,02,11,23,32,39,41,42,45,47,49,51,53,54,58,66,68,70,72,73
2/23/13,03,05,06,08,17,36,40,43,47,48,50,61,64,67,69,70,71,72,75,78
2/22/13,02,09,14,21,23,24,37,39,45,49,51,52,54,57,60,66,68,69,74,76
2/21/13,01,06,10,18,20,24,28,31,34,43,45,46,51,62,64,70,74,75,77,80
2/20/13,03,08,09,14,18,24,32,38,39,46,49,50,52,58,59,60,63,66,73,78
2/19/13,05,08,14,15,21,26,27,38,39,40,44,48,52,53,56,57,66,67,70,73
2/18/13,02,05,06,13,14,18,20,25,28,29,30,33,53,57,60,66,67,69,79,80
2/17/13,02,03,11,14,15,21,23,26,28,40,46,50,53,54,60,67,68,74,76,78
2/16/13,03,04,12,19,21,25,28,32,36,38,48,53,54,55,59,63,66,67,68,73
2/15/13,04,11,15,20,24,28,29,30,33,35,38,47,48,50,53,55,62,67,68,76
2/14/13,02,13,14,15,20,22,23,27,30,35,36,39,43,50,53,59,61,69,73,74
2/13/13,01,07,09,13,16,17,25,26,28,30,33,40,48,49,53,60,61,65,67,76
2/12/13,04,05,06,11,13,15,23,24,25,37,39,42,46,47,48,53,57,59,73,77
2/11/13,05,06,09,11,17,24,30,32,33,36,43,47,54,56,57,58,59,66,69,76
2/10/13,05,20,22,24,26,27,33,38,42,43,44,46,48,52,53,68,74,76,78,79
2/9/13,04,05,07,13,19,24,30,38,42,43,49,54,55,57,59,60,62,75,77,79
2/8/13,02,09,13,17,18,23,26,29,33,36,37,39,45,46,49,52,61,67,70,74
2/7/13,03,08,09,15,16,24,25,26,27,40,42,46,49,55,58,59,61,64,75,77
2/6/13,02,04,05,07,09,12,20,23,30,31,40,55,58,63,64,69,70,77,79,80
2/5/13,07,09,12,16,17,18,29,35,38,39,44,47,50,51,54,58,60,62,64,67
2/4/13,01,02,03,08,14,17,21,24,26,32,34,35,47,49,52,55,57,73,74,76
2/3/13,01,03,06,07,12,17,18,20,25,33,34,37,51,53,54,57,58,59,64,69
2/2/13,04,08,11,14,16,21,25,33,35,38,40,41,45,47,48,56,57,67,75,78
2/1/13,02,12,14,15,19,23,27,40,42,44,47,49,51,54,55,59,62,64,68,73
1/31/13,02,08,09,10,15,19,21,23,24,34,41,42,49,51,54,61,66,71,74,77
1/30/13,10,11,21,24,26,30,35,36,40,42,47,50,51,56,58,61,63,77,78,80
1/29/13,02,06,08,12,18,20,22,32,34,36,48,49,51,60,62,68,69,70,75,78
1/28/13,03,04,08,12,15,21,29,33,34,37,40,43,56,61,62,75,76,77,78,79
1/27/13,01,04,05,16,24,25,27,31,35,37,38,40,41,43,48,59,60,61,65,78
1/26/13,02,09,14,15,16,21,25,27,29,41,50,57,59,60,69,70,72,73,75,76
1/25/13,01,03,05,06,07,09,14,17,28,30,33,36,46,51,52,56,61,64,69,79
1/24/13,07,09,10,22,23,24,25,26,39,42,43,48,55,59,60,61,63,67,70,75
1/23/13,06,07,15,24,27,29,32,34,42,46,49,52,55,56,59,60,68,76,77,79
1/22/13,02,05,07,10,19,22,28,34,35,36,37,38,45,49,50,54,55,60,61,74
1/21/13,02,03,07,15,16,17,25,32,34,41,48,50,55,57,59,62,64,75,77,80
1/20/13,02,05,07,15,16,27,39,40,41,46,47,50,55,57,60,66,67,70,72,80
1/19/13,02,07,09,14,17,19,34,35,36,37,40,43,53,54,55,57,68,72,75,79
1/18/13,08,11,14,16,29,31,32,35,37,40,44,48,52,53,58,61,64,66,70,72
1/17/13,03,04,08,09,10,12,19,23,25,28,31,37,42,44,50,53,67,71,76,80
1/16/13,03,07,08,14,19,24,25,27,28,32,36,53,55,63,69,75,76,77,78,80
1/15/13,11,13,20,27,30,36,38,39,48,52,56,60,65,68,69,70,72,73,74,80
1/14/13,02,03,06,08,10,11,16,18,21,27,29,30,42,44,45,50,52,58,60,61
1/13/13,01,02,05,07,09,11,12,14,25,26,28,31,32,34,36,56,60,67,72,74
1/12/13,02,03,10,12,19,21,22,23,24,26,30,33,39,45,52,62,63,64,72,74
1/11/13,02,07,08,14,16,17,43,47,48,50,52,55,56,60,61,64,73,74,76,78
1/10/13,13,15,21,24,27,31,38,41,43,48,52,53,61,63,65,67,72,75,77,79
1/9/13,03,04,06,16,20,21,22,25,28,30,45,52,53,54,56,62,63,66,77,80
1/8/13,02,03,09,12,16,20,23,28,31,33,35,36,44,49,53,60,71,72,76,77
1/7/13,04,07,13,15,19,24,25,30,36,40,41,43,48,52,56,58,63,69,78,80
1/6/13,01,05,12,15,26,29,33,36,41,44,46,48,51,52,58,60,64,66,74,78
1/5/13,06,09,16,17,18,25,27,29,32,33,46,47,48,49,59,60,62,68,70,80
1/4/13,03,12,13,16,19,21,24,28,33,35,38,39,46,54,56,62,63,65,68,78
1/3/13,02,04,05,10,13,20,28,30,34,38,40,52,55,56,57,58,64,66,72,75
1/2/13,03,05,08,16,17,19,24,26,30,34,41,42,45,46,52,55,68,72,74,79
1/1/13,06,11,17,20,21,22,23,30,36,45,46,48,53,55,57,63,65,66,69,77
12/31/12,08,12,22,24,26,32,36,40,50,53,57,59,60,65,68,69,71,73,75,77
12/30/12,03,06,07,19,22,23,25,27,28,34,35,41,50,56,59,67,72,75,76,78
12/29/12,05,06,08,09,12,16,18,22,26,27,32,40,48,51,56,58,61,67,73,79
12/28/12,03,04,07,16,22,24,27,33,41,42,45,49,51,54,58,60,62,64,67,68
12/27/12,02,04,05,08,09,13,17,18,21,24,30,31,34,46,54,59,64,73,75,79
12/26/12,14,18,19,22,23,25,26,27,30,36,39,40,46,47,48,50,63,65,72,80
12/25/12,01,02,03,09,12,22,24,25,28,38,41,51,53,56,57,61,65,69,73,77
12/24/12,01,03,04,05,09,16,18,19,20,28,30,39,46,48,50,61,62,76,77,78
12/23/12,02,06,11,12,14,16,20,25,32,35,36,41,48,57,58,61,64,71,78,80
12/22/12,04,10,16,17,24,26,27,34,43,44,46,50,52,58,59,63,68,72,74,77
12/21/12,04,05,07,14,18,22,23,27,33,34,39,43,48,49,57,59,62,75,76,79
12/20/12,03,20,21,26,28,30,34,39,40,42,49,58,61,62,64,71,72,73,75,80
12/19/12,07,09,13,15,20,25,26,27,29,34,39,46,47,53,55,56,59,62,68,76
12/18/12,04,08,13,14,19,29,38,44,45,53,57,58,60,64,66,69,71,75,78,80
12/17/12,06,09,11,19,21,23,30,31,32,33,35,36,38,39,47,52,53,57,65,69
12/16/12,16,17,18,19,20,22,27,29,33,37,41,44,51,54,56,58,59,71,72,78
12/15/12,07,21,22,25,27,30,31,34,37,46,49,53,57,61,64,71,72,76,78,79
12/14/12,03,04,08,19,24,26,34,43,44,45,46,49,53,57,63,64,65,66,74,79
12/13/12,01,03,05,08,10,13,14,19,23,28,33,41,47,49,50,57,61,63,65,69
12/12/12,04,05,07,14,18,26,31,37,43,44,46,47,54,55,59,60,62,67,69,73
12/11/12,10,16,20,25,30,42,44,45,46,48,56,58,59,60,61,67,68,70,71,73
12/10/12,04,05,06,08,09,24,28,29,34,36,53,56,58,60,62,63,66,74,76,78
12/9/12,01,02,05,08,12,15,19,21,22,23,31,32,39,43,51,53,58,65,73,75
12/8/12,01,02,06,08,09,10,11,12,17,18,23,24,25,26,30,36,62,71,73,76
12/7/12,08,13,20,21,25,32,36,37,39,47,57,62,63,65,71,75,76,77,79,80
12/6/12,13,15,17,18,20,26,30,34,43,49,50,51,54,56,57,62,72,76,77,78
12/5/12,05,06,12,13,21,24,25,26,27,32,33,51,54,55,58,59,63,64,72,75
12/4/12,02,10,12,13,19,21,27,31,33,36,39,42,44,48,52,62,67,68,74,77
12/3/12,11,18,23,39,40,41,43,45,46,48,50,51,56,59,61,69,71,76,79,80
12/2/12,02,13,17,20,21,24,27,28,30,31,33,36,37,40,41,43,63,64,71,79
12/1/12,02,08,13,15,29,39,42,53,57,58,59,62,67,68,69,70,71,74,77,79
11/30/12,04,10,12,18,19,20,28,33,40,43,45,52,63,65,66,67,69,70,76,79
11/29/12,02,03,04,07,11,15,32,35,38,40,45,49,53,59,65,67,71,75,77,79
11/28/12,02,05,07,12,13,19,24,30,34,41,42,45,47,53,56,62,69,72,74,77
11/27/12,01,10,14,15,16,26,28,30,44,48,50,55,56,61,62,63,66,68,69,79
11/26/12,08,12,13,15,16,21,23,28,31,33,36,40,41,45,47,50,58,61,75,76
11/25/12,02,05,09,16,21,24,25,27,30,33,34,41,42,50,54,56,61,66,70,72
11/24/12,01,06,09,16,20,28,31,32,33,35,41,43,44,51,65,68,70,71,72,77
11/23/12,01,06,17,18,20,22,28,29,30,35,36,37,39,41,45,48,51,65,69,70
11/22/12,01,05,06,09,16,20,22,32,33,40,50,51,54,57,59,66,67,74,78,79
11/21/12,01,02,13,15,19,24,27,30,32,37,38,40,41,45,49,54,55,61,74,75
11/20/12,06,09,10,11,23,26,27,29,43,49,52,54,55,56,60,61,62,65,69,72
11/19/12,02,03,05,08,09,11,14,16,24,25,26,28,37,45,49,52,58,73,75,78
11/18/12,02,06,07,09,15,18,23,27,29,32,33,35,51,55,58,66,68,70,79,80
11/17/12,02,04,08,09,20,27,28,37,39,40,42,49,61,63,64,67,71,73,74,80
11/16/12,02,04,15,24,31,35,36,37,49,50,52,59,61,63,67,70,71,75,77,78
11/15/12,11,12,13,14,17,21,23,26,32,38,52,57,59,60,62,66,67,68,75,76
11/14/12,10,11,13,15,18,20,22,24,26,27,33,38,44,47,48,53,56,64,65,67
11/13/12,01,06,13,17,22,23,32,35,36,42,44,48,49,52,53,58,63,67,69,75
11/12/12,04,14,15,16,24,29,32,34,35,36,42,43,45,49,54,56,59,64,73,75
11/11/12,01,04,05,07,12,13,15,18,21,22,32,34,35,36,50,58,60,63,76,77
11/10/12,08,09,11,13,15,25,30,31,32,37,40,41,45,48,50,54,66,67,68,79
11/9/12,01,11,12,15,16,24,25,27,31,33,40,41,48,51,53,56,59,63,68,78
11/8/12,04,06,07,09,13,17,20,29,35,36,37,41,43,56,59,61,65,70,72,77
11/7/12,01,04,10,16,18,25,28,30,36,40,45,46,48,63,67,70,74,77,78,80
11/6/12,01,04,08,13,16,26,33,34,40,46,47,49,50,53,55,60,61,62,63,76
11/5/12,08,10,16,23,26,27,29,32,34,36,37,46,47,51,52,53,54,61,69,78
11/4/12,03,05,07,14,18,27,30,33,35,44,50,60,61,62,64,66,67,68,71,76
11/3/12,02,03,06,16,26,33,35,37,44,51,55,56,57,60,63,67,70,71,74,77
11/2/12,06,10,11,16,29,33,34,35,39,43,46,50,53,56,64,69,75,76,79,80
11/1/12,01,05,13,22,33,39,41,47,50,51,52,53,56,61,66,71,72,73,75,80
10/31/12,01,09,13,19,27,32,35,36,38,39,50,56,59,60,63,65,74,77,78,79
10/30/12,07,11,12,14,15,17,24,34,36,38,40,44,45,46,49,57,58,59,63,70
10/29/12,04,11,12,17,19,26,29,31,33,35,37,40,42,45,47,54,58,62,70,76
10/28/12,02,03,09,15,22,23,26,29,31,36,40,41,46,50,57,58,69,73,78,79
10/27/12,03,08,10,18,21,24,28,31,35,36,41,46,49,55,59,61,74,77,78,79
10/26/12,01,02,03,06,08,14,22,28,29,40,42,43,50,53,56,63,66,68,76,77
10/25/12,04,22,26,30,32,33,38,39,46,50,51,54,55,62,63,65,67,68,69,77
10/24/12,01,03,05,14,15,17,24,29,30,40,45,51,54,58,65,68,69,71,77,80
10/23/12,01,05,09,28,30,33,37,45,49,50,57,61,63,65,66,67,68,76,77,79
10/22/12,04,05,07,08,12,19,25,26,29,34,38,43,44,45,50,51,53,58,59,77
10/21/12,01,05,07,09,15,16,22,29,30,36,38,41,43,45,50,55,56,60,61,72
10/20/12,01,08,17,21,30,31,32,33,34,35,45,48,54,59,65,66,69,73,78,80
10/19/12,09,11,17,20,21,22,23,28,30,39,45,51,54,59,60,65,68,69,70,75
10/18/12,11,14,15,18,21,23,25,27,28,30,32,38,41,46,47,53,59,63,72,78
10/17/12,02,03,08,21,22,24,36,37,42,44,46,52,59,60,62,67,68,69,72,79
10/16/12,04,09,11,16,17,20,23,24,33,34,41,42,52,57,61,68,69,76,78,80
10/15/12,01,03,08,11,13,18,19,20,27,33,38,44,49,52,59,62,63,70,72,75
10/14/12,01,03,14,15,18,23,24,30,31,33,34,38,46,50,54,58,61,67,72,80
10/13/12,02,08,09,11,15,26,27,40,41,43,44,49,52,57,62,66,67,72,79,80
10/12/12,05,10,11,15,19,25,30,31,32,33,36,40,42,52,59,61,70,72,77,80
10/11/12,05,06,08,11,12,13,16,20,23,25,26,32,33,36,47,50,59,72,75,79
10/10/12,16,19,20,22,23,37,39,43,45,47,48,57,58,60,65,67,69,71,72,80
10/9/12,01,03,05,17,23,24,27,28,29,34,41,52,53,61,63,70,71,72,73,79
10/8/12,01,03,05,15,21,22,23,26,30,34,35,40,47,49,52,55,60,62,64,66
10/7/12,04,16,17,21,23,27,33,40,43,44,45,49,52,53,54,55,60,63,70,79
10/6/12,02,03,11,13,15,26,35,41,42,45,46,47,52,54,59,60,62,66,69,72
10/5/12,05,19,20,21,24,28,35,36,38,44,46,48,49,52,54,55,62,63,69,70
10/4/12,06,10,12,18,21,22,24,28,31,32,37,59,61,63,64,71,75,77,79,80
10/3/12,05,07,08,22,23,25,27,30,37,38,40,46,51,54,60,61,62,70,76,78
10/2/12,06,09,11,13,14,24,25,27,29,32,35,41,48,54,60,61,63,64,70,77
10/1/12,13,18,28,29,31,39,40,41,47,49,53,56,60,62,63,64,67,72,73,77
9/30/12,03,05,22,26,28,31,38,47,52,53,56,57,62,63,67,72,74,75,76,78
9/29/12,04,06,10,14,15,17,20,25,26,28,37,39,40,48,52,53,59,63,66,80
9/28/12,01,03,09,15,19,24,27,29,39,40,42,44,47,48,64,67,71,74,75,78
9/27/12,03,06,08,14,16,21,24,25,26,32,33,41,42,44,48,52,56,69,75,76
9/26/12,02,03,08,12,18,23,24,26,27,35,37,38,42,45,50,52,58,65,76,80
9/25/12,08,12,18,24,29,36,37,38,39,50,52,53,56,57,58,63,65,72,77,78
9/24/12,02,06,11,13,14,17,19,31,36,37,39,50,51,54,56,57,67,69,72,78
9/23/12,04,05,07,12,18,20,27,36,37,41,42,45,47,50,54,55,61,65,71,80
9/22/12,03,07,10,11,19,22,24,29,30,34,38,50,59,61,64,69,73,77,78,80
9/21/12,02,04,09,17,19,22,24,29,43,44,53,56,57,66,71,72,76,77,78,80
9/20/12,04,05,10,11,12,13,16,24,32,33,39,41,44,46,54,66,67,70,76,77
9/19/12,03,05,06,08,21,23,26,32,37,39,41,42,44,45,50,53,60,63,71,78
9/18/12,05,14,15,21,24,27,28,29,31,34,37,42,47,49,52,53,61,62,66,73
9/17/12,02,03,10,15,18,19,22,29,30,33,34,36,47,51,60,63,64,66,70,76
9/16/12,03,10,11,15,16,18,20,28,31,34,38,43,46,51,54,65,70,71,78,80
9/15/12,01,03,04,05,09,17,19,24,27,32,35,36,52,58,59,60,65,67,78,80
9/14/12,02,11,14,19,21,22,26,33,39,40,41,43,53,54,55,56,60,63,66,76
9/13/12,02,11,12,22,30,32,34,36,40,41,42,44,48,56,58,60,64,75,76,79
9/12/12,01,02,04,05,07,12,16,24,26,27,38,50,51,53,63,67,73,74,75,77
9/11/12,01,06,17,19,23,25,26,27,30,39,41,44,46,53,60,63,65,75,77,80
9/10/12,16,23,43,44,47,48,52,53,55,56,58,62,63,65,66,71,72,76,78,79
9/9/12,01,02,04,11,18,24,26,29,37,38,50,52,54,55,59,62,63,71,74,77
9/8/12,03,06,07,09,10,23,26,27,28,35,39,44,47,48,55,56,60,65,71,80
9/7/12,06,12,18,19,20,24,28,32,38,48,50,51,54,56,64,68,69,75,78,79
9/6/12,03,08,10,12,16,20,24,25,29,32,34,35,36,40,47,53,63,66,70,76
9/5/12,02,04,09,14,15,20,21,23,25,28,32,39,43,49,60,63,68,72,74,78
9/4/12,01,08,10,11,12,21,22,24,26,31,33,35,40,47,49,52,58,60,63,74
9/3/12,01,09,10,12,15,16,18,19,34,39,41,44,47,50,54,55,64,69,73,77
9/2/12,02,03,07,08,10,12,13,17,29,35,38,43,45,48,60,61,63,74,75,79
9/1/12,03,11,15,18,20,22,29,38,42,44,50,51,56,57,60,61,75,77,79,80
8/31/12,04,13,17,18,23,24,27,28,29,32,34,41,42,46,60,63,68,75,79,80
8/30/12,06,15,22,23,26,30,31,34,41,47,52,55,57,59,61,62,65,70,73,77
8/29/12,01,10,17,18,21,25,27,34,35,37,38,39,41,43,49,50,54,62,69,74
8/28/12,05,12,14,15,16,23,30,32,39,41,43,45,53,55,56,63,65,69,75,77
8/27/12,05,08,10,12,15,17,26,30,34,40,42,46,49,52,59,69,70,72,75,80
8/26/12,01,09,12,17,18,19,21,30,35,40,41,45,48,49,56,61,64,65,69,75
8/25/12,02,07,16,21,22,25,30,37,39,43,46,55,59,66,67,70,71,73,74,77
8/24/12,01,02,04,05,06,07,08,09,14,21,26,37,38,41,43,50,59,60,62,71
8/23/12,03,07,09,12,14,19,24,25,27,33,44,48,49,50,51,52,55,62,68,79
8/22/12,01,02,06,18,40,42,45,48,52,53,56,57,59,62,67,68,72,77,78,80
8/21/12,04,05,10,13,16,18,19,26,27,33,40,42,45,55,57,58,66,70,72,80
8/20/12,01,21,27,33,34,38,39,40,46,49,50,52,53,58,59,60,61,64,65,80
8/19/12,07,08,09,11,12,15,17,19,21,28,32,40,46,50,54,64,67,70,72,76
8/18/12,01,04,10,14,20,25,30,32,45,46,47,49,51,53,55,59,63,64,74,80
8/17/12,01,04,05,06,13,15,16,18,21,26,31,33,37,42,44,50,60,68,69,72
8/16/12,01,04,05,07,09,13,19,21,22,23,39,43,49,56,60,61,66,68,75,80
8/15/12,01,10,11,12,15,18,21,38,39,42,45,47,48,49,52,57,61,66,74,76
8/14/12,01,06,09,10,13,14,20,22,24,30,35,42,44,60,62,64,66,68,73,80
8/13/12,03,21,24,25,26,29,30,31,32,33,36,40,42,62,63,65,67,69,78,80
8/12/12,04,08,09,14,16,33,34,35,42,43,47,57,59,60,62,63,65,66,72,80
8/11/12,05,08,11,14,25,29,31,35,36,40,44,53,55,60,66,67,68,69,70,79
8/10/12,04,05,08,13,16,19,20,22,27,32,33,35,37,48,49,50,54,56,65,78
8/9/12,03,11,13,21,24,25,34,36,40,42,43,44,48,51,54,59,61,69,72,79
8/8/12,01,07,09,11,14,15,23,25,30,35,38,39,49,51,52,56,63,66,69,78
8/7/12,01,05,21,24,30,31,33,35,37,44,47,50,51,53,55,57,60,61,65,73
8/6/12,05,06,17,18,21,24,31,32,34,36,39,45,47,57,61,62,66,70,76,77
8/5/12,06,08,16,18,20,21,22,26,33,34,35,38,41,44,62,64,68,69,72,78
8/4/12,03,12,20,21,35,36,39,42,47,48,54,56,57,58,62,66,67,72,74,76
8/3/12,04,05,08,09,13,14,18,20,21,25,31,35,37,39,44,51,52,55,74,76
8/2/12,02,05,15,17,19,21,29,42,45,50,54,60,64,66,68,70,71,72,74,78
8/1/12,04,07,08,19,22,24,25,28,40,41,45,46,47,53,60,61,66,68,73,78
7/31/12,03,14,15,21,24,32,39,40,48,49,56,57,62,64,66,67,68,73,74,75
7/30/12,01,10,12,13,18,33,34,39,41,49,56,59,61,62,66,69,70,71,78,80
7/29/12,05,07,13,18,19,21,27,28,29,33,36,38,39,44,47,55,65,71,78,80
7/28/12,02,05,07,11,17,18,25,29,40,45,51,52,55,57,62,63,69,74,77,80
7/27/12,04,05,09,10,22,26,29,38,41,43,50,52,56,59,62,67,71,75,76,80
7/26/12,02,05,11,14,22,29,31,32,35,38,41,51,52,61,62,65,67,69,72,80
7/25/12,07,10,11,14,16,21,24,26,28,32,35,46,50,51,52,54,57,66,68,69
7/24/12,04,05,11,12,15,22,33,39,42,43,53,55,56,59,63,65,67,70,73,75
7/23/12,03,04,07,08,15,23,40,43,44,46,47,48,56,63,64,71,73,75,78,79
7/22/12,02,06,13,15,16,19,23,39,43,48,50,53,54,57,58,59,64,68,71,78
7/21/12,02,05,06,10,16,17,21,22,29,33,39,45,50,51,53,58,69,71,73,79
7/20/12,02,03,12,13,15,17,26,27,34,35,37,38,40,41,54,58,60,69,74,78
7/19/12,01,09,14,16,24,25,30,32,33,37,40,46,48,54,59,61,62,67,74,78
7/18/12,03,05,08,13,15,21,27,30,31,42,45,46,47,49,50,54,61,66,67,71
7/17/12,04,14,15,16,20,24,26,29,34,40,41,47,49,57,62,64,66,67,70,76
7/16/12,05,08,09,15,17,22,23,35,37,41,42,45,47,55,61,64,66,69,72,77
7/15/12,01,13,17,22,26,28,30,48,54,55,62,65,66,67,69,70,71,75,76,77
7/14/12,01,03,07,08,10,18,29,31,39,42,46,51,54,57,58,59,62,69,73,79
7/13/12,07,14,23,26,29,30,32,33,34,35,39,41,43,44,47,57,61,73,75,80
7/12/12,05,06,10,21,22,28,35,39,41,46,48,49,53,56,59,65,72,73,74,78
7/11/12,04,09,11,18,30,40,41,42,45,54,57,59,60,62,66,68,69,71,72,78
7/10/12,01,04,06,17,22,26,28,29,32,37,38,39,46,51,57,61,63,65,71,80
7/9/12,03,06,14,23,24,27,28,34,35,36,38,40,48,60,62,68,71,72,75,78
7/8/12,09,10,12,13,15,16,22,28,37,41,42,45,50,52,53,58,60,70,74,75
7/7/12,01,05,07,11,15,16,18,30,31,32,38,42,48,52,59,62,66,70,76,80
7/6/12,02,03,05,06,07,09,10,11,21,22,32,35,37,45,49,54,58,60,72,79
7/5/12,01,03,04,15,19,20,22,23,28,31,33,36,45,54,60,70,71,72,76,77
7/4/12,01,02,03,26,34,38,39,41,43,47,49,50,52,55,56,59,62,66,67,77
7/3/12,03,06,10,11,16,18,30,31,39,41,42,43,48,58,59,65,68,70,76,80
7/2/12,02,03,07,17,22,23,33,41,43,55,56,59,64,65,67,69,73,76,77,78
7/1/12,01,02,03,06,09,10,13,19,21,23,25,26,27,30,37,39,45,49,58,76
6/30/12,05,07,08,13,19,21,23,25,28,30,33,38,50,60,63,65,70,76,78,80
6/29/12,01,04,05,06,16,17,18,24,25,29,34,42,53,60,64,66,67,70,71,79
6/28/12,03,05,08,09,11,12,17,19,23,24,32,40,41,44,46,48,53,66,72,77
6/27/12,02,03,07,11,13,23,32,34,35,36,42,43,47,54,61,63,64,69,70,79
6/26/12,03,07,12,13,26,27,33,34,44,46,48,52,58,65,68,70,73,74,76,78
6/25/12,01,08,09,11,12,13,23,24,28,34,40,49,50,54,61,62,63,67,70,75
6/24/12,07,12,18,23,25,29,32,35,43,45,47,48,56,67,68,69,71,74,75,76
6/23/12,02,17,18,19,29,30,32,34,37,41,43,47,52,53,55,56,64,74,77,78
6/22/12,04,11,13,14,21,22,28,30,34,39,48,53,65,70,72,74,75,77,78,80
6/21/12,02,03,06,09,14,22,25,33,35,38,39,41,44,50,51,54,57,61,62,64
6/20/12,02,03,04,05,10,11,20,30,32,33,35,36,39,41,44,56,71,74,75,80
6/19/12,06,08,13,14,19,23,26,27,28,33,36,40,41,45,53,63,73,75,77,80
6/18/12,03,18,21,22,27,29,32,38,45,51,55,57,59,61,64,65,69,70,76,79
6/17/12,08,09,13,22,24,36,37,40,42,46,49,52,62,63,70,71,73,74,77,80
6/16/12,10,11,15,16,23,25,30,37,40,44,45,46,48,50,51,53,61,65,66,76
6/15/12,04,07,08,11,13,20,24,26,32,47,49,50,60,69,72,74,75,76,79,80
6/14/12,04,07,21,27,38,39,40,47,53,54,56,58,63,64,70,71,72,74,76,78
6/13/12,02,06,07,08,09,11,17,20,42,44,47,48,50,51,53,58,59,60,65,72
6/12/12,03,05,15,23,25,30,31,34,40,47,54,55,61,62,63,65,66,74,76,78
6/11/12,07,14,23,24,27,29,35,41,42,45,47,48,51,52,54,57,61,63,68,77
6/10/12,02,03,05,17,19,27,31,37,38,42,47,54,55,61,64,67,68,70,77,79
6/9/12,03,05,06,14,16,21,23,28,34,36,37,44,46,51,54,58,62,63,72,80
6/8/12,09,12,18,19,20,22,28,36,38,41,45,47,54,61,63,67,69,75,76,78
6/7/12,13,16,17,20,21,22,25,27,42,44,46,50,55,60,62,63,66,74,77,80
6/6/12,03,11,16,19,26,27,31,33,40,43,48,49,51,55,60,63,65,66,76,80
6/5/12,03,14,15,19,20,24,25,26,27,28,29,32,35,36,38,56,60,70,73,79
6/4/12,01,04,05,12,13,15,16,17,22,28,33,36,42,50,52,61,62,68,73,77
6/3/12,13,20,26,27,28,29,31,33,39,47,49,50,52,53,55,60,63,65,66,73
6/2/12,08,12,13,14,24,26,31,33,35,38,39,43,47,49,54,56,66,74,76,77
6/1/12,04,06,11,14,21,24,29,37,38,43,44,46,47,51,60,66,69,73,76,80
5/31/12,03,07,13,18,20,25,28,36,40,44,47,49,53,56,59,67,68,72,73,80
5/30/12,05,17,22,24,26,32,36,48,50,51,53,58,59,61,62,66,71,72,77,79
5/29/12,09,10,14,17,18,19,20,22,29,32,40,43,48,49,54,55,57,59,73,77
5/28/12,07,13,14,23,28,29,36,38,39,40,42,45,48,54,62,65,72,74,76,77
5/27/12,03,04,10,16,17,20,24,28,30,31,33,37,42,45,50,68,70,74,76,78
5/26/12,03,09,10,11,14,16,19,20,24,29,31,32,36,38,50,57,60,74,75,77
5/25/12,04,10,13,15,16,21,23,24,26,30,40,45,48,54,63,65,66,69,74,75
5/24/12,05,10,12,26,31,34,36,40,44,51,52,54,55,58,65,66,68,71,73,76
5/23/12,02,09,11,14,16,24,25,28,32,33,36,42,45,47,55,61,71,73,75,79
5/22/12,02,06,10,11,13,14,21,22,24,25,30,38,40,41,45,50,56,63,66,80
5/21/12,01,04,06,09,10,14,16,20,27,29,35,40,45,48,50,61,63,72,73,75
5/20/12,04,13,14,19,26,30,31,37,39,45,46,49,55,57,61,67,70,76,79,80
5/19/12,03,05,07,12,14,20,29,31,32,38,39,55,58,60,62,66,71,74,76,79
5/18/12,10,13,14,19,22,23,28,33,34,37,38,41,43,46,53,57,58,59,65,69
5/17/12,02,06,12,19,20,21,24,25,30,33,38,46,49,50,51,58,61,62,64,66
5/16/12,01,02,08,13,14,22,36,39,41,45,46,49,51,54,56,58,63,64,69,80
5/15/12,02,03,07,10,17,22,25,36,38,47,52,57,60,61,65,66,68,69,70,78
5/14/12,10,11,12,13,23,31,41,43,48,49,52,53,57,60,67,69,72,76,79,80
5/13/12,05,14,22,30,32,34,38,41,43,45,49,54,56,62,68,73,75,76,77,78
5/12/12,06,10,17,20,21,23,25,31,35,38,48,49,50,56,58,61,66,74,76,77
5/11/12,04,10,11,12,21,31,44,52,53,54,59,60,63,67,69,70,72,74,75,79
5/10/12,07,12,15,18,26,27,31,32,34,38,45,46,50,51,54,58,62,64,69,72
5/9/12,03,14,18,26,27,28,29,32,34,36,38,51,54,56,57,64,67,70,77,80
5/8/12,05,08,09,10,11,14,15,17,22,26,28,39,40,45,47,48,54,56,58,77
5/7/12,08,09,10,19,20,23,24,25,26,27,28,31,40,43,46,53,62,63,75,77
5/6/12,02,05,09,10,11,16,23,26,31,38,41,46,49,55,56,60,63,74,76,77
5/5/12,01,05,13,15,17,22,23,30,35,39,43,52,53,56,59,62,63,65,69,78
5/4/12,02,06,08,17,18,20,22,31,33,38,40,47,52,54,57,58,68,72,76,77
5/3/12,05,13,14,16,26,27,34,36,39,40,42,50,51,59,60,64,69,71,72,73
5/2/12,01,02,04,12,13,14,16,31,34,36,39,44,50,62,63,65,66,70,71,74
5/1/12,01,04,05,06,12,18,23,34,37,39,41,43,50,54,61,67,72,73,78,79
4/30/12,05,06,07,20,25,28,29,34,37,40,41,50,53,54,56,57,61,64,75,76
4/29/12,01,04,07,11,12,14,22,26,27,48,56,57,63,67,74,75,76,77,78,80
4/28/12,05,10,13,14,27,29,32,38,40,48,56,66,67,69,72,73,74,76,77,78
4/27/12,01,06,09,14,16,18,19,20,21,25,26,36,48,53,57,60,66,67,75,77
4/26/12,04,07,08,16,20,24,28,33,45,47,56,57,60,63,64,69,71,73,76,77
4/25/12,04,06,20,37,40,41,43,46,47,48,49,55,60,64,65,66,70,71,78,79
4/24/12,03,09,17,21,24,34,37,44,46,48,50,51,59,61,62,64,65,69,75,77
4/23/12,03,10,12,15,17,20,22,27,29,33,41,46,53,56,57,59,67,73,75,76
4/22/12,08,09,15,19,29,32,33,36,38,42,45,46,52,54,58,60,61,63,71,77
4/21/12,04,07,08,13,15,28,30,33,40,43,44,48,51,53,54,55,58,69,78,80
4/20/12,01,16,20,22,23,25,29,32,33,45,49,50,51,54,55,60,62,69,73,78
4/19/12,05,15,18,22,23,26,31,37,38,39,44,48,51,56,60,62,69,71,77,79
4/18/12,03,11,14,17,23,25,28,30,33,35,36,41,48,56,59,60,66,67,71,79
4/17/12,01,02,03,09,13,14,15,23,28,35,36,41,44,47,52,59,62,63,72,76
4/16/12,02,05,08,15,17,28,32,36,37,38,40,46,47,50,51,53,60,64,73,76
4/15/12,03,04,14,15,17,19,31,34,38,40,47,48,51,56,60,64,66,73,76,79
4/14/12,09,10,12,13,16,17,19,25,26,28,29,39,45,50,51,55,56,62,66,69
4/13/12,03,05,06,07,11,28,30,32,35,37,38,44,47,51,52,54,55,65,67,79
4/12/12,01,06,08,13,15,19,23,24,34,41,42,44,46,51,53,54,72,74,78,79
4/11/12,02,03,05,06,17,18,20,23,29,43,51,53,59,60,62,63,68,74,76,79
4/10/12,07,08,13,18,19,21,22,27,31,33,43,48,53,62,63,64,65,71,75,77
4/9/12,01,03,04,08,18,23,24,28,31,34,36,37,40,42,46,52,55,57,59,74
4/8/12,01,02,04,06,09,10,11,13,17,33,38,49,52,55,63,65,66,68,75,78
4/7/12,02,08,18,21,24,25,27,32,38,39,47,48,49,56,57,61,68,71,76,79
4/6/12,11,16,20,23,27,29,32,36,39,44,56,58,60,63,65,69,70,76,77,80
4/5/12,01,09,10,20,21,22,28,29,31,35,37,43,51,56,58,61,68,70,72,74
4/4/12,08,11,14,17,18,21,25,26,27,33,34,36,43,46,51,54,58,64,73,77
4/3/12,05,07,10,14,15,17,19,23,24,29,40,43,49,53,58,62,63,65,74,76
4/2/12,01,03,04,06,15,16,21,22,26,27,29,36,42,43,46,47,51,57,65,70
4/1/12,14,17,26,29,30,32,41,42,48,54,56,59,60,63,64,65,67,69,70,72
3/31/12,05,07,11,19,20,21,24,30,32,36,41,43,50,51,55,58,64,67,73,75
3/30/12,03,13,14,16,18,23,25,29,34,37,39,43,44,45,54,56,61,69,71,78
3/29/12,04,10,15,18,21,27,36,37,40,44,51,52,54,55,57,58,62,67,68,76
3/28/12,10,14,17,25,32,40,42,43,45,52,54,57,61,62,64,67,68,72,76,79
3/27/12,06,08,15,17,23,24,25,29,33,34,35,41,55,60,64,66,69,72,74,76
3/26/12,01,08,11,18,19,22,26,31,32,35,38,40,44,47,48,62,69,73,77,79
3/25/12,02,03,10,14,16,20,21,27,30,31,32,42,43,50,52,58,65,66,75,76
3/24/12,05,07,09,10,16,22,27,28,29,32,33,35,36,37,43,46,64,73,77,80
3/23/12,02,05,11,12,13,15,19,34,36,41,42,55,57,60,61,63,68,69,73,79
3/22/12,03,12,15,19,20,23,25,26,40,44,46,48,51,53,57,60,62,70,73,78
3/21/12,03,05,08,14,17,24,30,33,35,42,43,49,53,60,63,64,65,71,73,80
3/20/12,06,13,14,15,16,17,28,29,32,34,37,39,48,51,52,54,55,58,72,77
3/19/12,04,12,15,24,28,31,32,33,35,40,42,52,55,59,60,72,73,74,75,79
3/18/12,02,04,12,25,26,29,34,40,45,50,51,53,56,58,61,65,67,68,72,74
3/17/12,08,09,14,22,23,29,36,41,42,43,46,51,56,63,66,67,73,75,78,80
3/16/12,01,07,17,21,24,27,32,34,38,41,44,47,48,52,55,56,64,66,75,78
3/15/12,02,09,21,27,28,29,32,33,37,43,47,48,52,57,58,60,67,69,74,79
3/14/12,03,06,11,16,17,23,24,27,31,35,38,41,43,47,51,59,62,65,67,70
3/13/12,01,09,10,19,20,31,32,33,34,39,42,44,47,49,53,55,63,64,66,80
3/12/12,03,07,14,17,19,20,21,24,25,36,41,43,44,49,57,59,63,65,70,71
3/11/12,02,05,08,09,11,14,18,24,27,30,38,49,51,54,62,68,72,75,76,80
3/10/12,07,19,25,27,30,33,34,38,39,46,48,49,52,55,57,65,66,71,74,75
3/9/12,04,05,09,15,17,21,28,40,41,42,55,58,62,67,70,75,76,77,79,80
3/8/12,04,09,11,16,21,23,24,31,33,36,40,48,49,53,54,56,58,68,75,76
3/7/12,01,06,14,19,20,22,33,39,40,41,42,44,47,60,63,68,69,71,72,76
3/6/12,01,02,05,06,09,15,17,20,29,38,43,45,54,55,58,64,65,66,69,75
3/5/12,10,16,21,30,38,39,41,44,45,47,49,54,55,56,60,66,68,72,77,78
3/4/12,03,06,12,19,28,29,33,38,39,42,43,45,57,62,64,66,70,71,72,78
3/3/12,02,08,12,18,26,27,31,32,33,35,39,45,52,53,55,57,65,66,73,79
3/2/12,01,05,06,10,12,13,20,25,26,32,36,39,40,56,59,62,65,76,79,80
3/1/12,06,08,09,14,17,20,29,32,39,42,49,51,52,54,57,63,64,67,68,73
2/29/12,02,05,06,08,14,16,22,23,26,35,40,44,46,47,48,52,60,61,63,65
2/28/12,01,02,08,09,10,17,18,28,30,36,41,49,50,55,59,60,65,72,73,79
2/27/12,03,05,08,11,12,18,21,22,27,28,29,41,42,48,50,55,60,64,68,71
2/26/12,03,12,14,16,21,23,25,28,29,30,34,49,51,55,56,61,63,64,76,77
2/25/12,04,09,10,16,17,18,26,34,36,41,44,48,55,56,59,64,65,73,75,76
2/24/12,04,08,09,10,19,20,21,30,31,33,35,39,45,48,54,61,67,70,74,80
2/23/12,02,07,09,13,22,24,26,28,29,34,35,39,53,56,60,62,67,69,72,73
2/22/12,02,05,06,10,12,13,17,24,25,40,42,46,47,60,62,70,73,76,78,79
2/21/12,05,07,08,18,21,27,28,31,42,43,46,47,51,55,61,62,66,67,73,79
2/20/12,06,07,16,20,23,26,28,30,31,35,42,43,48,52,54,56,59,65,68,73
2/19/12,06,12,14,15,18,24,31,34,41,44,48,49,51,52,54,61,64,65,66,76
2/18/12,03,05,10,11,12,14,20,21,22,23,24,32,36,43,45,57,60,62,64,73
2/17/12,01,02,06,08,14,25,27,30,31,35,39,40,42,43,53,56,57,62,70,75
2/16/12,09,19,21,24,25,28,34,36,43,50,54,57,60,62,67,69,70,77,78,80
2/15/12,04,10,14,20,23,29,31,34,35,37,41,46,49,53,55,66,69,74,75,78
2/14/12,07,09,17,18,23,29,34,36,40,41,45,48,49,51,52,54,56,63,70,80
2/13/12,10,11,12,13,36,37,39,40,49,51,53,54,57,66,70,74,75,76,77,79
2/12/12,01,04,09,11,16,21,25,26,30,32,37,45,46,51,60,64,69,70,76,78
2/11/12,17,19,30,32,34,36,37,40,41,43,45,47,51,58,62,71,72,73,75,77
2/10/12,01,09,10,15,17,18,19,33,36,38,45,46,50,54,66,70,71,73,74,77
2/9/12,03,07,08,13,16,18,19,22,28,31,38,41,47,51,64,69,70,72,74,77
2/8/12,10,12,13,16,19,20,23,29,34,36,38,40,43,46,48,60,62,64,66,80
2/7/12,01,03,10,21,26,31,33,35,36,46,51,53,54,57,59,70,71,74,77,78
2/6/12,03,05,12,14,24,29,30,32,39,40,41,42,46,53,55,57,60,61,62,70
2/5/12,06,08,15,16,22,23,25,27,33,34,36,38,40,41,42,43,51,62,76,79
2/4/12,01,09,10,13,15,23,26,30,33,40,46,49,53,54,62,67,70,71,73,75
2/3/12,03,07,13,19,21,22,30,32,33,35,37,41,42,51,52,57,58,66,70,77
2/2/12,10,11,14,16,17,18,19,21,23,27,36,38,39,49,52,60,67,71,76,77
2/1/12,07,10,13,14,19,20,21,23,30,39,41,43,48,54,61,66,70,71,76,80
1/31/12,08,11,12,14,15,17,19,24,26,30,43,49,53,57,63,65,69,72,77,78
1/30/12,02,04,07,08,14,18,20,27,36,45,47,48,49,52,53,56,57,60,69,72
1/29/12,01,04,05,09,10,12,17,18,20,27,43,48,49,50,55,58,61,66,70,74
1/28/12,01,05,14,17,25,28,35,38,41,46,50,53,54,57,59,65,70,71,75,79
1/27/12,04,06,14,18,23,28,30,35,38,39,43,44,52,53,57,59,61,66,70,71
1/26/12,01,03,07,08,09,10,15,16,20,24,34,39,46,47,52,53,56,62,74,75
1/25/12,01,12,17,19,27,28,40,43,45,47,49,51,52,54,55,58,74,77,79,80
1/24/12,03,04,08,20,29,30,31,41,45,51,53,56,58,60,61,65,76,77,79,80
1/23/12,04,09,10,15,17,21,28,29,31,35,39,41,51,54,56,62,66,67,68,76
1/22/12,02,05,06,07,11,19,22,27,29,34,35,38,39,51,54,59,64,66,75,80
1/21/12,04,05,06,09,14,20,23,26,31,40,42,44,45,48,51,61,67,72,74,78
1/20/12,02,04,05,07,08,16,21,22,24,31,40,51,54,62,64,66,67,71,75,77
1/19/12,03,06,09,12,17,24,25,26,30,31,32,33,39,42,45,49,58,65,66,69
1/18/12,01,05,09,11,17,18,22,28,30,32,35,36,39,47,59,71,72,77,78,79
1/17/12,02,09,11,14,15,19,23,24,25,29,35,36,41,42,44,57,60,66,71,76
1/16/12,03,11,14,16,17,22,30,41,43,45,49,52,56,59,60,61,62,66,70,79
1/15/12,01,02,08,14,15,20,21,22,29,40,41,52,56,57,60,64,68,69,71,79
1/14/12,03,09,19,25,27,29,30,31,35,40,46,49,52,55,59,70,74,76,79,80
1/13/12,01,02,12,16,20,22,23,25,36,42,49,51,54,55,66,67,70,71,78,80
1/12/12,03,05,06,08,09,10,14,15,16,18,26,41,54,56,59,63,65,70,73,75
1/11/12,03,04,07,10,17,29,34,35,37,42,44,48,50,51,53,55,67,68,73,78
1/10/12,04,05,11,21,24,25,28,32,38,47,49,52,53,54,56,62,65,67,73,80
1/9/12,03,04,17,21,31,33,34,43,44,45,46,47,48,51,53,54,55,59,61,62
1/8/12,04,13,14,16,22,26,38,39,40,41,42,45,52,53,58,59,67,69,73,75
1/7/12,01,02,03,07,09,10,15,17,21,38,40,41,50,52,55,60,63,66,70,78
1/6/12,02,06,13,16,19,22,28,29,34,41,43,48,54,55,59,60,63,64,65,69
1/5/12,05,06,09,11,25,29,31,34,35,36,38,49,50,52,53,59,61,66,72,80
1/4/12,10,11,15,21,25,32,34,35,38,40,43,55,57,58,59,64,68,69,72,78
1/3/12,06,10,13,18,21,24,31,38,43,49,51,55,63,64,68,74,76,77,78,80
1/2/12,04,07,08,09,10,12,14,17,38,39,41,44,48,56,58,62,69,73,78,79
1/1/12,02,03,08,11,14,18,24,26,27,28,29,30,32,39,45,49,56,69,72,79
12/31/11,04,06,07,11,12,20,24,25,33,35,40,44,54,59,67,68,69,71,73,78
12/30/11,10,14,15,19,24,26,41,44,47,54,57,59,60,63,66,68,69,74,76,80
12/29/11,07,09,17,18,23,31,35,36,38,39,40,42,43,49,53,59,62,64,66,77
12/28/11,04,05,06,11,16,17,23,28,33,40,41,48,50,55,56,60,61,65,68,76
12/27/11,01,05,06,13,15,17,18,20,21,24,25,26,31,36,50,65,67,72,76,79
12/26/11,03,08,09,16,25,39,40,41,43,44,46,49,51,56,61,62,69,74,75,80
12/25/11,03,07,11,15,18,28,33,36,37,41,43,44,45,56,62,68,72,75,77,80
12/24/11,12,13,16,24,26,28,30,31,40,41,49,51,56,63,70,71,72,75,76,77
12/23/11,02,06,12,13,14,17,19,23,27,34,35,49,53,56,59,61,63,73,74,78
12/22/11,03,05,06,12,15,19,20,22,39,40,45,48,51,52,57,64,65,67,68,70
12/21/11,05,14,16,21,23,28,40,42,44,47,49,57,58,59,68,70,73,76,77,79
12/20/11,04,08,09,12,13,17,20,22,38,41,42,43,54,58,68,72,74,75,77,79
12/19/11,14,15,16,22,24,28,31,36,37,41,46,47,52,57,62,69,70,76,77,79
12/18/11,01,04,11,15,28,30,33,36,42,43,53,57,61,63,65,66,70,72,73,78
12/17/11,01,06,19,26,31,32,35,37,38,43,47,50,51,56,57,58,70,72,76,77
12/16/11,01,16,18,20,28,33,38,42,45,49,51,52,54,55,58,65,67,70,72,80
12/15/11,03,14,15,17,18,20,22,27,36,42,44,49,50,52,54,57,59,65,74,77
12/14/11,03,06,08,19,21,23,25,28,29,43,45,47,53,56,60,63,65,69,71,78
12/13/11,10,11,12,19,20,24,25,28,33,37,45,47,48,49,50,53,59,62,67,75
12/12/11,04,09,12,15,18,19,22,27,32,35,44,45,54,55,56,58,62,63,69,73
12/11/11,01,03,09,17,28,30,31,33,37,43,47,56,67,68,71,72,73,76,79,80
12/10/11,01,02,07,13,24,25,27,30,35,38,41,46,53,54,59,60,65,69,74,77
12/9/11,01,04,05,07,09,13,14,15,26,29,32,38,43,52,55,56,59,69,72,80
12/8/11,03,05,07,15,16,24,28,36,46,48,53,54,59,61,66,70,72,73,74,76
12/7/11,03,11,12,16,19,20,39,41,42,43,46,52,53,54,56,60,65,69,71,80
12/6/11,03,06,15,18,25,35,38,43,44,51,52,56,57,60,66,70,71,72,73,75
12/5/11,03,05,08,10,14,23,24,26,27,32,38,39,44,47,50,52,59,64,74,79
12/4/11,03,07,12,15,16,28,31,33,38,47,49,51,54,56,59,66,67,71,73,76
12/3/11,01,02,04,05,06,16,24,26,38,40,41,46,48,59,64,66,67,68,78,79
12/2/11,01,02,03,06,11,13,14,25,33,36,39,43,44,45,52,62,65,70,74,80
12/1/11,01,04,06,15,16,20,22,26,30,31,40,51,59,60,64,68,70,74,75,80
11/30/11,04,07,19,25,26,27,29,32,37,41,43,44,51,54,56,64,65,69,71,73
11/29/11,06,07,08,09,10,12,15,16,19,26,28,34,44,50,51,57,62,71,74,79
11/28/11,03,08,10,15,16,17,18,23,27,28,31,32,36,41,42,53,59,65,66,68
11/27/11,01,04,07,11,12,14,17,21,23,28,29,30,40,61,62,63,66,72,76,79
11/26/11,01,06,08,13,26,27,28,38,39,43,47,48,55,56,59,60,67,71,76,77
11/25/11,06,10,18,24,27,28,32,35,43,47,57,58,60,61,68,70,72,73,78,80
11/24/11,04,09,12,18,21,24,25,36,43,48,49,55,58,59,61,64,72,73,74,77
11/23/11,06,08,11,12,17,24,25,29,43,44,46,56,57,58,59,60,62,65,72,74
11/22/11,05,16,18,19,22,25,28,30,32,33,34,42,52,61,63,66,68,75,76,77
11/21/11,06,07,13,15,16,20,23,33,34,35,41,42,50,61,62,63,67,71,72,73
11/20/11,01,04,05,07,20,22,23,25,34,37,39,42,51,53,58,61,65,67,70,77
11/19/11,02,13,18,19,26,27,35,38,42,45,52,53,57,59,64,66,67,69,72,79
11/18/11,02,06,11,18,20,24,32,33,37,47,57,58,66,67,71,72,74,77,79,80
11/17/11,01,02,16,18,21,24,28,29,34,36,38,39,41,43,59,62,65,67,68,69
11/16/11,03,08,13,14,23,26,27,32,35,36,43,50,56,62,63,64,68,69,70,73
11/15/11,08,12,13,16,20,28,30,35,41,42,53,55,57,59,61,62,67,72,73,79
11/14/11,02,11,12,16,23,25,30,31,34,35,40,48,50,51,52,57,59,61,69,72
11/13/11,03,04,06,13,20,33,38,46,50,54,56,58,60,64,67,68,70,75,77,79
11/12/11,11,19,20,21,24,28,34,36,40,44,46,48,51,62,64,66,68,74,75,80
11/11/11,04,09,11,12,24,31,35,36,37,42,44,47,50,51,55,58,73,75,76,79
11/10/11,06,07,08,09,15,17,22,30,31,40,48,55,57,58,60,61,65,73,78,80
11/9/11,01,03,07,09,19,20,26,32,37,42,48,51,52,53,60,64,67,70,77,79
11/8/11,02,08,09,10,13,15,16,21,22,28,29,31,38,44,48,55,56,59,63,68
11/7/11,01,05,06,08,14,17,27,36,38,40,42,43,49,54,57,58,62,65,67,71
11/6/11,01,02,07,08,09,21,24,30,31,40,41,50,51,54,55,56,57,59,62,63
11/5/11,03,06,09,10,19,25,31,32,33,34,35,36,49,51,58,61,70,71,72,79
11/4/11,02,05,06,07,09,10,14,18,26,28,29,33,37,41,48,51,53,67,73,75
11/3/11,20,25,26,27,32,33,35,38,41,43,52,55,61,62,68,70,71,72,75,80
11/2/11,02,03,09,11,14,17,27,32,34,40,43,46,48,52,54,57,61,66,71,74
11/1/11,06,10,13,17,18,19,22,24,26,37,38,39,45,48,50,63,70,71,75,78
10/31/11,02,05,14,15,20,23,24,27,28,30,31,44,48,52,53,55,61,63,71,77
10/30/11,08,11,12,20,22,23,26,29,33,34,40,41,42,44,54,58,62,72,75,79
10/29/11,01,03,04,13,18,19,24,25,27,30,40,41,46,51,55,56,60,73,75,78
10/28/11,01,06,10,19,20,23,28,29,34,35,37,38,41,49,55,59,64,69,75,76
10/27/11,03,06,07,09,15,22,26,29,40,41,43,45,50,53,54,57,59,60,62,71
10/26/11,05,12,15,16,21,22,36,38,41,42,45,46,47,55,58,59,72,73,78,80
10/25/11,07,09,10,12,16,29,32,40,43,45,48,49,52,53,54,57,60,62,70,71
10/24/11,02,05,08,12,15,17,20,21,28,30,31,33,40,43,57,58,66,73,76,79
10/23/11,01,04,05,14,15,18,20,21,22,28,32,38,41,48,53,59,61,66,72,74
10/22/11,08,12,23,24,25,29,37,39,45,51,55,56,57,59,61,66,71,73,76,77
10/21/11,01,04,09,10,19,20,21,25,26,32,40,41,42,43,49,51,53,74,75,76
10/20/11,04,07,16,24,27,28,36,38,39,40,41,44,56,63,65,67,70,72,76,77
10/19/11,01,02,04,05,06,10,11,16,18,22,25,26,27,28,35,43,53,58,60,69
10/18/11,01,02,05,15,17,21,23,26,29,30,32,43,48,54,56,57,59,69,71,78
10/17/11,01,04,08,16,21,22,25,27,37,40,41,42,43,47,54,60,66,69,74,77
10/16/11,01,06,15,21,22,23,24,28,32,46,47,48,56,57,63,65,67,69,72,76
10/15/11,01,12,17,18,23,31,32,34,41,47,49,53,55,58,64,66,68,73,74,79
10/14/11,01,07,12,13,18,20,23,25,35,36,37,44,47,48,52,54,67,74,76,79
10/13/11,02,10,12,15,16,17,25,26,27,37,42,43,46,47,53,74,75,77,79,80
10/12/11,04,12,15,17,25,27,30,31,33,35,38,39,44,45,53,60,62,68,74,77
10/11/11,03,05,06,11,17,18,19,23,26,38,39,41,43,53,55,57,64,65,68,69
10/10/11,06,09,13,16,18,26,28,30,33,37,50,53,55,65,67,72,74,76,79,80
10/9/11,03,06,12,14,15,21,28,29,33,42,49,64,67,69,70,72,73,76,78,80
10/8/11,03,05,08,15,19,20,21,23,30,31,41,43,48,55,60,61,62,70,78,79
10/7/11,02,04,05,13,23,27,35,37,38,39,43,44,45,47,53,56,67,68,70,78
10/6/11,02,04,10,11,15,19,21,24,33,34,50,54,57,58,62,68,70,74,75,78
10/5/11,03,04,11,12,14,17,22,28,31,34,36,38,41,45,49,51,55,59,74,76
10/4/11,01,09,10,15,16,18,30,32,36,39,44,45,47,55,58,60,61,68,75,76
10/3/11,01,06,16,18,21,29,30,33,37,42,43,55,57,58,60,64,65,69,72,73
10/2/11,01,04,07,15,19,24,25,30,31,33,35,41,43,46,48,53,60,67,69,80
10/1/11,01,02,16,20,21,24,28,30,31,32,35,42,43,44,48,56,57,62,72,76
9/30/11,06,09,12,21,25,27,30,34,35,36,41,42,45,57,60,67,72,73,75,79
9/29/11,03,04,06,08,14,18,22,24,34,40,42,44,50,57,58,60,64,66,68,73
9/28/11,05,06,08,09,19,20,28,29,30,32,34,35,42,51,53,55,65,67,69,78
9/27/11,02,06,08,13,14,19,21,23,31,37,43,51,53,54,57,58,69,75,76,79
9/26/11,02,10,14,15,17,19,23,26,29,38,39,41,42,46,49,56,61,62,73,76
9/25/11,01,03,07,08,18,20,21,24,29,33,38,40,42,53,63,64,69,73,79,80
9/24/11,01,04,07,11,15,21,25,26,35,41,52,56,58,64,65,66,67,72,73,74
9/23/11,16,17,18,23,27,29,30,35,38,41,46,53,58,59,67,69,72,74,77,80
9/22/11,02,05,14,16,19,22,27,34,35,38,44,48,51,53,56,58,59,67,71,80
9/21/11,03,12,13,22,25,36,37,41,42,43,44,49,53,59,61,69,72,74,75,77
9/20/11,12,13,18,25,26,27,32,35,36,42,44,50,55,59,61,70,73,74,77,80
9/19/11,05,06,09,15,16,19,22,23,41,53,61,63,69,70,72,73,76,77,79,80
9/18/11,05,06,09,13,16,22,23,29,31,43,45,49,51,60,63,66,69,70,74,75
9/17/11,06,15,18,26,27,32,33,36,37,38,39,47,49,53,54,62,64,67,71,80
9/16/11,04,07,17,18,25,27,30,33,44,45,46,48,51,52,54,58,62,68,70,73
9/15/11,04,07,09,13,20,21,23,26,30,34,36,43,51,52,58,59,63,69,75,77
9/14/11,01,02,03,10,14,18,23,27,28,35,36,52,53,55,60,65,67,71,73,79
9/13/11,10,12,15,19,27,30,33,38,45,51,52,53,55,59,60,68,71,75,78,80
9/12/11,02,16,17,18,19,24,32,35,36,37,41,44,51,52,58,62,66,67,71,79
9/11/11,06,16,18,24,28,32,39,40,42,47,52,53,56,59,61,65,66,67,72,76
9/10/11,06,15,21,27,28,36,37,41,42,44,45,49,53,59,62,64,65,70,76,78
9/9/11,01,08,10,19,20,21,22,33,34,35,36,39,50,58,65,66,67,70,78,80
9/8/11,10,15,22,26,28,32,36,39,45,46,48,49,50,58,59,61,68,75,78,79
9/7/11,04,11,13,17,21,30,31,35,38,45,51,54,56,58,59,60,61,62,71,74
9/6/11,03,06,17,18,20,23,26,27,32,39,40,46,47,48,58,62,66,68,69,74
9/5/11,04,05,09,15,21,28,29,30,33,42,48,49,51,53,54,64,68,72,73,74
9/4/11,02,08,13,15,22,23,26,34,38,42,46,51,53,54,55,58,68,69,71,73
9/3/11,05,09,13,21,25,26,29,33,36,39,49,53,58,59,64,66,71,73,78,80
9/2/11,02,05,13,17,19,21,22,23,25,28,29,41,44,57,58,62,63,72,75,77
9/1/11,01,09,12,13,20,26,36,37,42,43,50,55,56,63,68,74,76,78,79,80
8/31/11,03,19,22,25,30,33,43,46,54,57,58,60,61,63,64,66,69,72,73,76
8/30/11,01,03,05,09,22,26,36,39,40,41,52,58,63,64,65,66,67,74,78,80
8/29/11,01,04,06,08,11,17,18,25,32,45,50,53,54,57,60,63,67,69,70,80
8/28/11,01,08,09,13,21,23,30,31,34,49,63,64,65,69,71,72,73,74,76,80
8/27/11,01,03,05,07,09,13,14,16,21,34,37,40,43,47,49,60,64,66,74,80
8/26/11,02,04,05,08,09,10,15,18,21,24,27,31,40,45,48,58,63,66,73,78
8/25/11,02,07,15,16,17,23,32,39,44,48,50,54,56,58,63,70,72,73,75,79
8/24/11,07,10,12,16,20,23,29,33,34,36,40,49,52,56,60,67,69,71,75,78
8/23/11,07,08,11,13,17,22,25,30,37,39,46,47,50,59,63,68,69,72,74,77
8/22/11,06,12,18,21,25,27,29,36,40,44,47,48,52,53,60,64,68,71,73,76
8/21/11,10,18,22,26,27,32,33,34,35,36,38,42,44,46,50,52,61,70,75,78
8/20/11,05,11,17,18,20,21,23,29,30,31,32,39,60,61,63,69,71,72,74,78
8/19/11,05,07,10,18,21,31,32,33,36,38,42,43,51,52,54,55,58,59,68,80
8/18/11,11,12,16,19,21,23,25,30,32,34,38,45,46,48,57,66,67,68,73,78
8/17/11,04,09,10,14,21,24,28,32,34,36,41,42,43,59,61,64,66,67,68,76
8/16/11,03,06,08,17,20,22,26,27,30,31,33,41,46,49,53,58,59,60,68,79
8/15/11,04,06,07,11,14,18,27,29,39,44,48,51,52,56,57,59,62,69,72,75
8/14/11,08,11,13,16,17,19,25,26,30,32,37,50,54,59,60,61,64,71,72,79
8/13/11,04,12,13,14,20,26,40,45,48,54,55,58,59,62,64,66,73,74,77,78
8/12/11,09,10,18,27,34,35,38,40,45,48,55,56,58,60,62,63,67,70,73,78
8/11/11,01,10,11,12,15,23,25,28,29,30,34,35,36,44,46,50,51,55,67,79
8/10/11,03,08,17,18,23,25,26,30,31,48,49,50,51,53,55,62,63,68,78,80
8/9/11,01,06,07,12,13,17,33,35,39,41,42,47,51,52,57,63,65,67,68,76
8/8/11,02,06,07,09,16,22,23,25,29,36,38,46,53,54,60,61,62,65,71,74
8/7/11,05,07,08,13,16,17,19,28,37,41,42,44,45,46,48,52,55,64,68,70
8/6/11,04,07,08,09,15,16,28,30,31,33,35,36,44,49,52,53,57,60,62,74
8/5/11,04,19,21,23,31,37,39,40,43,45,49,52,57,59,61,62,63,65,68,76
8/4/11,02,03,06,10,11,20,23,25,40,43,64,66,68,69,71,72,73,76,78,80
8/3/11,06,10,11,16,21,33,35,37,38,40,42,44,57,63,68,70,71,76,77,80
8/2/11,01,06,17,18,20,21,24,42,43,49,54,56,57,60,61,68,71,72,73,80
8/1/11,03,06,09,11,14,15,20,28,36,39,44,48,52,54,56,57,59,63,64,66
7/31/11,01,09,13,17,21,23,24,28,30,38,43,46,48,50,51,58,62,67,75,79
7/30/11,01,03,13,16,17,31,33,35,43,44,47,49,50,55,56,60,62,65,72,74
7/29/11,03,04,12,19,20,22,23,24,31,48,53,57,61,63,65,66,68,72,74,75
7/28/11,01,08,14,15,16,24,25,27,29,32,35,39,45,49,55,61,67,72,77,80
7/27/11,01,05,07,12,19,23,24,26,32,40,45,47,53,58,62,64,67,68,73,77
7/26/11,01,02,06,07,09,14,18,19,21,25,29,38,40,41,42,47,63,64,67,79
7/25/11,03,07,22,23,28,29,33,43,49,50,51,56,57,61,63,69,71,74,76,79
7/24/11,01,02,07,08,10,11,12,14,18,23,24,43,56,59,63,66,72,74,75,78
7/23/11,09,16,17,18,22,30,34,38,42,45,46,47,57,61,62,63,64,66,72,77
7/22/11,03,04,13,14,15,16,23,28,31,33,35,40,41,43,45,53,62,69,71,75
7/21/11,01,10,15,16,25,28,31,34,40,42,44,45,52,53,54,58,62,63,76,77
7/20/11,01,05,11,31,33,36,38,39,40,45,46,53,57,58,59,61,63,66,70,79
7/19/11,02,04,14,15,17,25,27,29,38,40,42,50,57,62,70,72,75,77,78,79
7/18/11,09,11,14,16,17,19,30,35,36,41,51,53,55,58,60,63,65,71,77,78
7/17/11,01,03,09,11,19,20,24,27,28,30,33,34,38,44,45,52,56,62,65,73
7/16/11,05,13,14,17,19,22,24,28,32,34,35,48,51,61,63,64,68,69,72,79
7/15/11,05,10,16,19,21,24,38,42,44,46,48,51,52,53,60,67,69,70,72,76
7/14/11,10,11,22,23,24,27,30,31,32,36,42,43,45,58,66,67,71,74,77,80
7/13/11,02,05,08,10,11,23,29,35,37,45,46,47,48,50,53,60,68,70,73,74
7/12/11,07,08,14,19,23,28,29,31,39,50,52,57,58,63,68,69,70,77,78,80
7/11/11,12,13,14,18,34,36,47,48,50,54,57,60,65,68,70,71,72,73,78,80
7/10/11,01,09,11,13,18,20,27,32,33,37,43,44,50,53,63,64,67,70,74,75
7/9/11,06,09,10,12,15,21,23,27,28,31,35,36,45,46,53,55,56,57,66,71
7/8/11,03,05,06,09,13,23,24,25,26,27,28,30,33,34,49,53,56,60,68,79
7/7/11,02,10,11,16,23,25,26,29,33,34,35,40,44,47,54,57,58,60,62,72
7/6/11,01,09,11,14,17,20,23,27,31,36,39,49,51,52,53,59,62,63,74,75
7/5/11,02,09,16,20,23,27,33,38,46,51,52,53,59,61,65,66,67,69,74,80
7/4/11,05,10,14,20,22,23,24,26,37,42,54,55,56,58,62,66,71,72,73,76
7/3/11,02,03,08,20,23,27,29,39,40,44,45,47,49,51,54,57,60,63,70,74
7/2/11,01,11,14,16,17,23,25,26,29,35,41,42,47,55,56,59,62,64,76,79
7/1/11,02,08,10,12,17,22,33,35,40,42,51,52,54,56,61,62,75,76,77,78
6/30/11,13,14,18,19,22,31,46,50,51,54,56,58,59,64,66,70,72,73,74,78
6/29/11,01,02,11,13,15,20,21,22,26,33,45,47,50,51,61,62,63,64,68,69
6/28/11,02,03,11,12,13,14,25,34,36,43,47,50,54,55,56,62,66,70,71,78
6/27/11,07,14,16,21,22,36,40,44,51,54,55,56,65,66,67,68,74,76,77,79
6/26/11,03,04,08,11,12,14,16,17,19,20,25,26,34,37,43,46,49,56,63,78
6/25/11,01,05,06,10,11,13,14,22,50,51,53,56,59,65,70,71,72,74,75,80
6/24/11,01,12,18,19,20,21,33,39,53,54,57,64,65,66,68,71,75,76,78,79
6/23/11,05,07,10,13,18,19,20,21,23,26,32,41,42,44,53,55,71,72,73,76
6/22/11,05,07,10,15,22,27,32,35,39,43,46,54,55,58,60,61,62,73,74,78
6/21/11,03,07,09,13,15,17,18,19,21,29,30,31,44,46,52,59,63,71,78,80
6/20/11,03,04,05,11,12,27,28,29,34,35,38,48,51,52,54,60,62,64,71,79
6/19/11,05,06,07,16,21,22,25,28,30,34,35,37,39,41,42,60,67,73,76,80
6/18/11,04,06,10,11,12,14,15,21,23,24,31,44,45,49,51,66,76,77,78,80
6/17/11,01,02,03,07,08,15,20,26,29,35,45,50,52,53,56,63,65,70,72,73
6/16/11,06,09,16,17,18,20,21,23,26,35,36,44,45,54,59,67,68,73,75,78
6/15/11,07,10,15,18,19,20,24,25,33,34,40,49,50,56,58,65,70,74,77,78
6/14/11,01,02,05,09,14,17,18,31,38,39,40,41,42,49,53,54,57,58,65,69
6/13/11,04,07,14,15,16,18,22,24,26,27,35,40,41,45,48,50,52,54,66,79
6/12/11,05,14,20,22,23,27,28,40,43,47,57,59,60,63,68,70,75,76,77,78
6/11/11,01,08,09,13,14,15,19,20,22,26,33,35,54,60,64,66,68,72,73,78
6/10/11,05,07,15,18,22,27,30,39,40,42,44,50,54,56,58,59,69,75,78,80
6/9/11,03,10,13,23,24,26,28,38,39,40,41,42,47,52,59,70,72,76,77,78
6/8/11,02,04,05,06,12,24,25,28,32,36,43,47,50,51,56,61,69,72,77,78
6/7/11,07,10,13,17,19,24,28,29,31,39,44,48,50,51,56,61,66,68,73,78
6/6/11,05,08,17,18,20,30,33,34,35,37,38,40,46,48,56,60,68,75,77,80
6/5/11,01,04,11,20,21,22,29,35,41,45,53,55,59,62,64,65,67,69,70,78
6/4/11,01,05,06,13,19,21,23,24,31,33,43,44,47,51,54,55,61,62,68,69
6/3/11,04,06,07,09,11,12,13,14,15,18,22,24,31,33,48,50,54,56,65,70
6/2/11,03,06,08,09,11,24,28,29,42,43,47,50,56,58,59,70,72,76,77,80
6/1/11,02,08,10,11,14,21,29,36,50,52,54,55,56,66,70,71,72,73,77,80
5/31/11,08,10,14,18,22,26,28,31,32,34,36,37,44,48,67,69,70,75,76,79
5/30/11,05,09,11,12,20,21,24,27,30,34,44,47,53,59,64,66,73,77,78,80
5/29/11,02,03,10,21,28,29,30,35,40,41,44,46,48,55,56,62,67,72,76,80
5/28/11,01,09,11,12,13,16,21,22,24,28,35,44,47,48,52,67,68,75,77,79
5/27/11,04,16,17,26,27,37,38,41,45,47,48,51,52,60,62,64,70,72,78,79
5/26/11,02,05,07,09,14,18,21,23,27,39,46,50,53,55,60,62,63,68,74,80
5/25/11,09,13,14,20,27,30,37,41,48,52,55,56,62,65,66,70,71,77,79,80
5/24/11,06,07,10,13,14,19,20,22,23,24,32,43,44,45,51,61,62,67,70,75
5/23/11,05,08,09,21,25,32,36,39,45,47,49,52,57,58,60,66,67,70,79,80
5/22/11,02,04,18,25,27,29,31,33,39,41,43,44,50,51,52,53,57,64,66,76
5/21/11,01,04,06,09,10,22,23,24,26,27,29,32,35,36,40,52,56,70,77,78
5/20/11,02,07,08,09,10,15,19,21,22,26,31,32,37,44,47,48,49,58,79,80
5/19/11,01,07,08,14,15,17,18,29,39,40,41,49,50,55,58,60,63,66,68,79
5/18/11,04,05,06,16,17,18,23,33,39,49,50,51,53,57,59,61,62,64,65,67
5/17/11,06,07,15,18,19,23,26,35,36,38,39,51,52,56,57,59,62,68,70,76
5/16/11,01,02,05,08,11,12,13,15,19,31,34,46,51,53,54,62,66,73,74,77
5/15/11,01,04,07,14,15,29,30,32,36,38,39,44,49,53,55,56,58,62,73,75
5/14/11,04,06,07,08,10,11,15,19,28,30,35,41,43,44,46,47,51,63,69,72
5/13/11,02,03,10,11,15,17,21,23,25,28,29,41,43,46,54,55,57,63,67,71
5/12/11,01,03,07,14,16,21,27,31,38,39,40,46,50,56,57,60,65,67,69,74
5/11/11,05,10,13,19,20,21,22,30,33,36,41,51,52,55,57,62,67,68,78,80
5/10/11,07,20,21,22,25,31,34,35,37,42,48,55,56,62,64,67,74,76,79,80
5/9/11,06,07,09,11,12,21,28,31,33,34,43,45,52,55,56,64,65,74,78,79
5/8/11,08,11,24,26,27,28,32,36,39,44,47,51,55,57,58,63,71,76,77,78
5/7/11,15,18,19,25,26,27,28,32,37,39,51,53,55,57,58,61,66,69,74,77
5/6/11,08,11,15,18,19,23,26,31,33,37,38,39,42,45,53,60,64,67,68,70
5/5/11,05,08,10,11,13,14,15,20,21,23,27,28,29,32,36,61,62,71,72,76
5/4/11,02,11,12,14,21,26,27,34,36,38,40,42,51,52,54,55,57,59,61,78
5/3/11,02,04,06,12,14,21,23,29,42,43,49,54,55,56,62,63,64,70,75,78
5/2/11,01,03,07,12,14,15,21,24,27,32,41,44,47,51,56,59,60,64,70,71
5/1/11,02,03,05,06,16,20,21,25,29,35,46,48,50,58,59,60,63,64,74,78
4/30/11,01,02,17,19,22,25,30,38,43,44,49,55,56,57,60,63,67,72,74,78
4/29/11,02,13,16,20,22,27,29,32,35,41,42,47,49,51,53,57,63,64,65,66
4/28/11,03,06,08,22,26,27,33,34,39,42,45,48,49,51,61,62,64,69,75,77
4/27/11,01,14,15,16,23,28,40,42,43,47,53,61,63,64,68,69,73,75,76,78
4/26/11,02,05,07,23,26,28,33,34,35,37,40,41,49,50,52,53,60,71,73,76
4/25/11,08,12,22,24,25,36,39,41,47,48,49,50,52,53,54,55,60,69,70,73
4/24/11,01,05,09,14,19,23,24,25,29,31,38,41,52,53,55,65,66,68,72,76
4/23/11,02,05,06,10,11,23,33,44,45,46,58,65,66,67,68,70,73,75,79,80
4/22/11,01,03,08,18,19,24,31,32,34,36,38,39,40,41,49,54,57,60,73,78
4/21/11,03,10,13,20,21,31,34,35,36,37,40,41,42,47,48,52,65,70,73,77
4/20/11,08,09,11,14,15,16,24,26,30,33,37,40,47,49,50,58,59,66,71,78
4/19/11,05,07,08,12,15,16,22,30,32,42,48,49,53,58,60,63,67,75,78,80
4/18/11,01,03,05,06,14,27,28,31,33,42,44,46,49,51,55,57,58,60,71,72
4/17/11,07,09,17,19,24,26,35,43,48,50,56,57,58,64,65,68,76,78,79,80
4/16/11,04,06,09,11,14,15,18,19,23,28,30,41,42,44,46,58,64,68,75,78
4/15/11,08,10,24,28,32,33,36,39,41,46,49,50,51,55,59,60,71,72,73,79
4/14/11,01,03,06,10,11,20,26,30,35,41,44,45,55,59,60,63,67,76,77,79
4/13/11,01,11,12,13,17,18,21,22,26,40,41,46,49,52,58,61,63,65,70,78
4/12/11,08,17,22,27,32,33,34,37,38,39,44,47,50,55,57,58,65,67,68,76
4/11/11,02,03,04,07,10,14,17,18,36,41,44,46,50,53,57,60,73,75,78,79
4/10/11,01,11,14,15,21,23,31,39,42,45,48,49,50,51,61,63,66,72,75,80
4/9/11,01,06,13,20,22,29,33,38,43,45,49,54,58,63,64,71,72,76,79,80
4/8/11,04,06,15,16,20,23,25,26,29,32,39,40,42,54,59,63,64,68,74,78
4/7/11,07,16,18,21,23,32,33,41,50,52,57,58,60,66,72,73,74,75,76,78
4/6/11,03,06,13,14,15,18,21,24,26,27,29,31,35,46,47,48,56,60,72,73
4/5/11,01,05,06,12,20,22,23,25,26,27,30,31,40,45,47,50,57,66,69,70
4/4/11,05,11,13,21,22,30,32,37,39,42,46,47,48,49,50,54,64,73,78,79
4/3/11,01,02,04,10,17,21,29,34,39,42,44,45,49,51,57,58,60,63,73,76
4/2/11,02,03,04,15,16,20,26,30,38,44,45,51,56,57,61,62,72,74,78,79
4/1/11,02,07,12,13,18,21,22,28,33,35,38,39,46,48,50,52,53,56,76,80
3/31/11,03,04,07,15,19,27,28,31,33,35,39,43,50,51,66,69,75,76,78,79
3/30/11,07,23,24,25,26,29,32,35,40,46,51,56,58,67,68,70,74,77,79,80
3/29/11,02,13,17,33,37,39,44,45,48,49,50,53,60,62,64,65,70,72,74,77
3/28/11,02,06,14,20,21,24,32,33,44,47,48,57,61,64,67,70,73,75,77,80
3/27/11,01,04,05,07,08,10,19,23,26,32,43,45,47,49,52,54,56,57,72,77
3/26/11,02,03,17,21,27,29,32,33,39,40,42,52,54,59,60,61,70,71,79,80
3/25/11,03,05,06,12,13,15,19,23,31,33,36,38,41,42,43,45,64,65,70,75
3/24/11,02,03,06,08,18,19,22,24,26,40,43,45,47,48,51,54,56,67,73,74
3/23/11,07,15,22,23,25,26,27,28,34,47,48,49,50,52,59,66,73,74,77,80
3/22/11,06,10,12,20,25,28,29,39,40,45,48,50,51,52,54,60,61,73,76,80
3/21/11,05,11,17,18,23,28,29,30,35,36,38,48,53,57,61,62,66,67,68,79
3/20/11,02,05,16,17,19,27,30,33,38,40,54,55,60,64,66,67,68,72,74,75
3/19/11,06,07,08,23,27,28,30,34,43,48,51,53,57,58,59,60,63,68,72,73
3/18/11,07,13,14,30,33,34,37,39,42,46,47,49,53,55,60,62,66,71,72,78
3/17/11,03,06,13,16,20,26,27,28,32,33,34,37,38,52,55,59,66,68,73,77
3/16/11,09,11,13,14,15,27,30,38,41,52,56,59,63,64,66,69,71,78,79,80
3/15/11,01,02,04,11,13,15,17,26,31,32,33,35,40,47,66,71,72,74,75,77
3/14/11,02,06,08,17,21,25,28,29,41,42,46,47,48,51,52,57,60,72,74,76
3/13/11,01,09,11,12,16,23,25,26,36,41,42,45,47,48,50,68,70,74,76,78
3/12/11,01,09,23,25,26,29,30,33,37,45,50,51,57,58,59,64,72,74,79,80
3/11/11,03,05,06,07,09,15,17,19,22,29,36,46,49,57,58,60,63,64,72,73
3/10/11,03,09,11,13,14,19,20,23,31,34,39,40,41,43,59,61,64,69,72,78
3/9/11,01,15,19,20,23,25,28,36,37,39,40,43,46,50,53,54,63,71,72,77
3/8/11,01,05,07,16,24,28,30,33,36,48,49,56,57,60,61,75,76,77,78,80
3/7/11,05,06,08,09,13,14,22,27,29,30,34,42,48,49,54,57,61,70,71,79
3/6/11,01,04,05,07,09,11,14,23,24,27,28,29,31,36,50,53,62,66,74,76
3/5/11,04,05,06,15,16,18,20,22,33,36,41,44,47,61,62,73,75,77,78,79
3/4/11,04,06,07,08,14,21,24,32,43,45,48,50,57,59,61,65,68,69,72,74
3/3/11,03,09,17,19,21,23,33,34,35,36,38,40,45,50,51,53,56,60,69,71
3/2/11,03,10,13,25,26,32,39,41,42,48,50,56,57,58,61,62,67,72,75,79
3/1/11,04,05,14,19,22,34,36,37,39,42,51,52,56,57,58,65,67,69,71,74
2/28/11,01,04,08,11,12,21,26,32,38,41,42,57,59,60,68,69,72,77,78,80
2/27/11,16,19,26,28,31,40,42,43,46,48,50,56,57,61,63,69,73,74,78,79
2/26/11,05,16,17,22,23,28,29,30,34,35,40,44,55,59,61,63,74,75,76,78
2/25/11,07,11,15,16,18,20,27,29,30,35,44,48,58,60,61,63,64,66,67,69
2/24/11,02,09,11,13,25,26,32,33,44,46,48,50,52,54,55,59,67,74,77,78
2/23/11,01,06,07,08,09,14,16,17,20,25,28,30,40,41,47,49,57,61,66,79
2/22/11,03,07,08,09,10,18,22,28,29,30,32,34,43,50,53,65,72,74,76,77
2/21/11,01,04,05,06,15,16,25,32,33,38,40,41,47,50,60,61,62,67,71,79
2/20/11,03,12,18,22,24,28,35,41,44,49,51,55,56,57,61,62,67,72,75,76
2/19/11,01,08,10,13,16,19,22,23,26,27,31,32,39,53,55,57,66,70,79,80
2/18/11,01,03,07,09,19,20,22,27,30,36,39,40,42,50,51,62,67,69,72,75
2/17/11,03,11,15,20,21,25,37,40,41,42,52,56,58,66,70,71,75,76,79,80
2/16/11,03,04,07,08,09,11,21,24,27,33,35,38,40,41,42,46,70,72,76,77
2/15/11,04,07,12,21,22,25,32,35,41,43,45,47,48,59,61,63,64,70,73,78
2/14/11,02,03,04,11,15,18,20,27,31,37,38,42,47,51,54,56,57,71,73,76
2/13/11,03,08,11,23,25,27,29,35,36,39,41,48,55,59,62,64,65,70,72,79
2/12/11,01,02,05,09,17,19,24,27,28,29,30,33,47,51,53,64,69,71,74,77
2/11/11,07,08,12,30,34,37,39,42,43,53,58,59,61,63,64,66,70,72,78,79
2/10/11,08,11,14,16,17,19,20,22,33,34,40,41,44,55,57,59,67,73,78,80
2/9/11,04,08,09,17,21,25,27,30,32,36,39,40,41,44,48,53,66,75,78,79
2/8/11,08,10,12,13,15,18,26,28,30,33,35,38,39,41,58,59,65,67,74,80
2/7/11,09,10,11,12,19,21,24,32,33,34,35,39,45,48,50,65,68,71,72,73
2/6/11,01,02,06,07,08,11,21,24,34,35,37,38,39,45,48,56,59,60,64,68
2/5/11,03,05,12,27,29,30,31,34,42,45,54,57,58,60,63,65,66,71,76,78
2/4/11,01,05,08,09,23,30,32,42,52,55,56,58,59,62,64,65,73,74,77,80
2/3/11,06,12,15,16,17,21,24,35,43,44,48,54,55,57,61,65,66,73,74,80
2/2/11,04,08,13,15,19,25,26,27,36,43,53,57,59,61,63,64,71,78,79,80
2/1/11,02,04,05,07,16,18,21,28,29,34,35,41,44,46,54,55,56,57,59,60
1/31/11,01,02,09,21,22,23,31,32,36,37,39,42,47,55,59,63,64,71,76,78
1/30/11,04,07,14,22,24,25,31,33,35,36,43,46,48,50,51,55,57,61,71,72
1/29/11,01,05,09,22,23,36,38,43,46,51,55,59,62,65,66,69,73,75,77,79
1/28/11,04,05,11,17,20,24,30,31,34,35,36,37,40,45,48,56,59,61,66,77
1/27/11,02,03,29,31,35,39,41,45,46,47,49,50,51,53,61,64,66,68,69,75
1/26/11,09,17,20,21,23,33,38,40,46,49,52,53,57,58,70,71,73,76,79,80
1/25/11,04,05,06,19,20,22,29,30,34,35,36,38,43,45,47,50,65,69,73,76
1/24/11,04,06,11,22,23,25,40,41,44,45,46,52,54,61,65,67,68,72,74,78
1/23/11,01,03,04,07,13,15,16,19,23,31,39,45,57,58,59,68,70,72,73,77
1/22/11,03,09,12,24,26,30,32,38,40,43,44,45,50,52,61,66,68,69,77,80
1/21/11,03,08,13,18,21,22,32,33,40,42,44,47,49,52,62,67,69,77,78,80
1/20/11,02,03,09,15,22,23,31,32,34,35,36,38,40,50,57,61,62,69,74,76
1/19/11,02,05,22,29,33,35,36,45,47,49,50,54,56,58,61,65,71,72,76,78
1/18/11,01,13,22,23,24,30,31,33,42,43,44,47,58,59,60,61,66,72,73,74
1/17/11,04,13,23,25,26,27,28,30,34,36,42,43,45,48,57,62,63,68,74,79
1/16/11,01,04,05,11,12,15,16,28,36,38,49,53,55,56,58,60,64,67,78,79
1/15/11,07,10,12,17,19,21,30,36,42,43,47,56,57,59,60,61,63,64,66,72
1/14/11,08,09,12,13,16,18,19,21,28,35,36,37,38,43,58,68,71,74,75,80
1/13/11,01,06,10,16,24,29,36,41,45,52,57,59,60,62,65,70,71,72,76,79
1/12/11,03,06,20,27,28,29,31,37,38,43,45,46,49,54,62,63,67,70,77,80
1/11/11,02,06,07,15,22,23,28,35,41,47,48,56,58,59,62,69,74,78,79,80
1/10/11,08,11,18,23,25,26,34,36,39,45,52,59,61,62,64,65,66,67,68,77
1/9/11,12,17,20,23,32,36,40,42,43,45,48,52,53,54,62,64,66,67,68,72
1/8/11,04,10,12,18,24,38,39,41,49,52,54,55,57,59,62,67,70,72,75,80
1/7/11,01,05,07,12,13,15,18,19,24,25,31,38,39,40,42,43,48,52,64,68
1/6/11,01,03,05,10,12,18,20,25,33,37,41,44,48,50,62,65,68,72,74,77
1/5/11,04,14,16,19,20,25,26,30,31,32,34,38,39,43,54,57,71,73,75,76
1/4/11,01,08,09,11,12,13,19,23,30,39,44,55,59,63,66,67,68,69,77,78
1/3/11,02,06,10,14,15,16,18,22,26,38,40,53,54,57,59,67,68,69,76,78
1/2/11,09,13,16,20,21,24,25,48,49,51,54,55,58,60,61,62,63,64,71,78
1/1/11,02,06,08,14,15,16,17,22,26,30,31,40,46,50,51,52,54,55,69,78
12/31/10,04,09,10,22,23,26,28,30,33,39,40,43,49,54,61,63,67,70,76,79
12/30/10,15,16,21,25,38,40,43,45,47,50,54,57,63,72,73,74,75,76,79,80
12/29/10,02,06,07,14,15,17,18,26,37,42,49,51,52,57,58,65,69,70,74,78
12/28/10,07,13,19,23,24,30,32,38,45,48,49,51,52,55,58,65,66,70,71,75
12/27/10,02,09,10,12,20,23,25,28,52,56,61,62,63,69,70,74,76,77,79,80
12/26/10,04,10,13,25,27,31,32,39,40,41,42,44,55,58,59,62,66,70,72,75
12/24/10,03,05,11,13,14,17,22,29,34,35,43,50,55,56,57,59,60,64,68,76
12/23/10,02,03,04,06,09,15,22,32,34,37,41,42,50,52,61,62,67,70,72,75
12/22/10,02,05,07,10,23,26,27,31,33,34,44,45,46,50,51,54,55,56,57,66
12/21/10,01,04,07,09,15,22,32,33,36,39,40,44,47,55,59,63,64,66,67,74
12/20/10,04,11,19,20,25,30,33,38,42,45,49,52,53,56,59,62,64,66,77,78
12/19/10,02,03,05,08,13,18,20,24,27,31,33,55,62,64,65,67,70,73,76,78
12/18/10,02,03,12,14,29,30,31,36,40,43,44,46,47,48,52,57,60,65,67,75
12/17/10,06,15,16,25,28,29,32,40,41,42,50,51,53,55,58,60,61,70,72,78
12/16/10,03,04,16,18,22,27,32,33,39,41,42,44,47,50,52,53,56,57,64,70
12/15/10,03,06,09,10,11,19,23,24,31,32,43,53,55,58,59,61,64,65,76,77
12/14/10,01,03,04,10,11,13,17,20,24,28,39,46,47,52,54,56,63,67,69,77
12/13/10,01,03,04,08,18,23,31,32,36,41,45,47,54,61,64,68,69,72,79,80
12/12/10,03,04,05,08,10,14,16,20,30,31,34,36,54,59,62,76,77,78,79,80
12/11/10,01,06,15,16,29,33,34,37,38,39,40,43,45,46,48,57,74,75,77,78
12/10/10,03,07,14,21,23,33,42,46,52,55,59,62,66,67,70,72,74,77,79,80
12/9/10,07,09,10,14,16,20,21,23,25,31,34,39,46,49,54,55,56,63,71,78
12/8/10,05,06,15,18,25,32,36,41,42,44,48,51,53,61,64,66,68,76,77,80
12/7/10,02,05,06,07,08,10,17,26,31,37,45,54,59,65,66,68,72,76,77,79
12/6/10,03,05,08,20,25,27,28,32,35,36,37,39,42,44,50,55,62,69,71,79
12/5/10,15,18,24,27,31,32,33,42,44,47,50,53,55,67,70,71,72,73,77,78
12/4/10,01,02,03,05,10,11,15,19,23,33,50,56,61,62,65,70,72,74,75,80
12/3/10,02,04,05,11,13,14,15,17,24,30,44,52,54,58,59,61,63,68,78,79
12/2/10,02,03,06,09,15,16,22,24,29,34,46,52,54,57,58,59,65,66,70,80
12/1/10,02,12,15,17,19,21,27,28,30,34,39,43,44,46,51,69,71,73,76,77
11/30/10,06,07,09,10,13,25,26,28,31,38,43,45,48,54,56,66,67,69,74,75
11/29/10,07,08,11,17,20,24,30,37,42,43,44,46,51,55,56,64,66,72,76,79
11/28/10,01,04,07,10,12,21,26,27,29,41,51,61,62,64,65,68,74,76,77,79
11/27/10,02,05,16,29,33,34,36,37,40,41,51,52,57,59,61,63,67,70,74,76
11/26/10,02,04,10,11,12,17,18,19,23,24,27,30,37,38,48,54,56,61,62,68
11/25/10,09,10,11,18,20,27,29,43,46,48,49,59,62,63,67,68,69,74,76,79
11/24/10,13,16,21,23,25,26,27,28,35,36,39,43,47,48,56,57,60,65,70,78
11/23/10,02,05,09,13,19,21,23,25,32,37,42,46,47,51,52,54,58,63,71,78
11/22/10,04,06,11,14,19,20,27,35,37,40,41,43,51,63,64,68,70,74,75,79
11/21/10,01,02,07,15,16,20,25,28,33,38,39,43,48,51,53,58,59,67,70,74
11/20/10,01,05,11,12,13,16,18,19,29,32,35,43,45,47,52,55,59,71,74,76
11/19/10,01,05,06,07,08,16,25,30,32,33,36,44,47,51,54,59,62,74,77,80
11/18/10,07,09,10,11,19,20,21,22,30,32,35,38,41,45,51,55,68,72,73,76
11/17/10,02,06,09,12,13,25,29,32,36,41,43,45,48,54,55,61,67,75,79,80
11/16/10,10,21,22,26,31,32,33,34,38,41,46,48,58,60,64,67,68,71,74,80
11/15/10,16,17,19,22,29,33,35,37,38,41,44,48,50,58,59,64,65,68,72,76
11/14/10,10,15,16,18,20,22,24,27,31,32,34,35,46,55,63,69,72,73,75,78
11/13/10,01,04,08,12,17,22,23,36,38,45,46,47,50,51,52,55,61,64,71,72
11/12/10,10,12,13,15,20,21,23,24,26,30,39,47,52,57,60,62,68,72,77,80
11/11/10,01,05,06,09,10,13,19,41,43,47,48,50,53,54,62,65,69,74,77,80
11/10/10,05,09,11,12,16,21,34,43,44,45,47,49,52,55,58,60,66,67,71,73
11/9/10,02,06,09,12,13,17,24,25,31,38,39,47,48,50,55,57,64,74,79,80
11/8/10,06,10,12,14,15,18,21,22,27,30,31,35,37,41,48,49,50,53,72,75
11/7/10,03,08,10,13,15,23,28,30,31,34,36,37,40,42,47,49,51,55,73,77
11/6/10,02,09,13,14,23,29,32,39,45,56,58,59,64,66,69,70,72,74,78,80
11/5/10,05,06,08,12,22,24,32,36,50,52,53,59,60,62,63,65,69,73,77,78
11/4/10,08,11,12,28,29,33,38,40,48,54,57,59,62,69,71,72,73,74,78,80
11/3/10,01,04,08,09,10,18,22,26,30,32,37,40,44,54,59,62,68,73,76,77
11/2/10,09,11,18,24,26,29,32,33,38,47,48,50,56,61,63,66,68,70,79,80
11/1/10,02,08,13,14,20,21,30,34,39,41,46,50,51,53,58,61,63,64,75,76
10/31/10,02,03,04,07,09,14,16,18,20,23,25,26,32,49,53,56,61,65,75,79
10/30/10,01,02,07,11,13,17,20,28,29,34,35,56,57,58,64,74,76,77,78,80
10/29/10,06,07,08,10,12,14,16,18,21,30,33,40,41,42,50,53,59,68,72,80
10/28/10,02,09,13,20,21,27,30,35,39,40,42,43,45,49,52,62,69,70,72,74
10/27/10,14,15,24,26,35,39,41,44,46,50,52,56,59,61,62,64,68,76,77,78
10/26/10,01,05,06,14,17,24,31,34,37,38,44,52,55,59,63,66,67,73,76,77
10/25/10,04,08,12,16,20,22,29,30,31,32,36,40,44,47,53,56,59,62,67,75
10/24/10,04,10,12,13,20,23,28,33,34,44,46,53,59,61,62,64,69,73,78,80
10/23/10,02,08,12,24,26,31,34,35,38,43,48,51,56,60,64,65,69,70,71,78
10/22/10,02,10,16,18,19,22,23,37,49,52,53,54,56,58,60,63,72,75,77,78
10/21/10,01,04,07,08,15,23,25,37,42,46,47,48,53,54,59,68,73,75,77,79
10/20/10,03,05,09,15,25,30,31,32,33,41,44,52,58,63,67,68,70,76,78,80
10/19/10,04,06,07,08,09,23,34,35,43,47,49,52,53,54,55,57,63,73,77,78
10/18/10,04,05,08,10,13,24,29,38,40,41,42,46,49,50,54,60,62,63,69,73
10/17/10,07,09,12,18,23,24,25,26,27,32,37,40,41,50,57,65,74,76,78,80
10/16/10,06,07,09,10,13,17,23,25,26,30,35,44,48,52,54,56,60,67,77,80
10/15/10,03,04,06,22,24,25,28,29,44,49,51,52,58,62,63,65,67,73,74,76
10/14/10,01,03,05,06,08,11,12,15,16,22,43,44,46,47,48,52,57,64,71,75
10/13/10,02,03,04,08,09,17,20,22,35,43,45,50,53,57,64,69,71,72,75,79
10/12/10,09,17,19,23,24,25,29,36,37,38,40,42,52,53,54,56,61,62,77,80
10/11/10,04,08,13,15,16,17,19,23,28,29,32,36,52,54,55,57,75,76,79,80
10/10/10,01,07,10,11,12,13,15,16,19,21,24,26,29,38,42,51,61,71,73,76
10/9/10,03,05,06,09,15,21,26,33,38,44,47,50,57,60,61,62,67,70,72,75
10/8/10,06,08,09,14,22,23,24,26,27,30,32,40,48,50,51,52,55,61,68,75
10/7/10,05,06,16,17,18,29,31,34,38,44,45,49,58,59,64,68,70,72,74,75
10/6/10,01,10,11,16,21,23,31,38,46,48,50,51,59,61,62,64,66,75,76,80
10/5/10,02,04,12,14,15,18,22,23,25,33,44,48,52,53,55,56,58,64,71,72
10/4/10,04,13,20,21,22,23,25,31,34,45,46,49,54,59,63,64,67,68,78,80
10/3/10,03,04,06,07,09,13,18,37,39,41,47,48,53,56,62,73,74,75,76,80
10/2/10,01,03,10,18,23,25,35,38,41,46,47,50,55,60,63,65,69,71,74,75
10/1/10,01,02,10,13,18,19,28,29,34,39,44,45,51,55,56,66,74,76,79,80
9/30/10,04,06,12,13,15,20,24,28,36,41,46,49,51,52,66,69,73,74,75,78
9/29/10,01,07,09,16,31,39,40,41,46,48,51,54,57,58,61,62,64,70,75,76
9/28/10,02,03,04,07,10,16,20,21,25,29,31,33,42,44,45,47,54,70,74,78
9/27/10,01,03,05,06,09,19,27,33,41,48,53,54,55,64,66,68,71,75,77,78
9/26/10,01,02,07,15,22,29,30,31,33,34,36,37,39,46,59,63,69,73,76,79
9/25/10,05,06,07,13,16,21,22,25,26,36,39,41,47,49,50,55,57,72,76,78
9/24/10,01,03,04,12,13,15,24,36,38,39,43,45,61,65,66,67,68,73,74,80
9/23/10,08,14,16,18,22,24,25,29,51,52,53,54,57,58,62,71,73,74,76,80
9/22/10,07,10,13,14,16,21,22,33,37,39,41,43,46,51,57,58,59,63,74,75
9/21/10,09,10,16,18,26,29,30,38,40,45,48,52,54,55,57,60,61,67,71,75
9/20/10,20,22,23,24,27,29,30,36,40,44,48,51,53,56,57,64,69,70,72,78
9/19/10,05,06,13,14,20,27,37,40,47,52,54,62,64,66,68,71,73,76,78,80
9/18/10,04,07,11,13,15,18,22,24,37,45,46,49,50,53,55,66,67,74,75,76
9/17/10,01,02,09,14,16,25,38,42,43,46,48,49,53,57,59,67,69,73,74,78
9/16/10,06,07,13,18,19,21,22,26,34,38,46,48,49,50,52,54,57,59,67,78
9/15/10,06,07,14,17,18,19,26,35,38,42,43,56,57,60,61,62,68,70,72,76
9/14/10,06,12,14,19,20,21,22,30,39,42,47,49,50,60,61,63,69,70,76,77
9/13/10,01,04,09,16,19,22,26,34,35,37,41,52,54,55,56,59,61,69,79,80
9/12/10,02,05,14,18,22,31,34,36,49,52,55,57,61,63,64,65,68,71,76,77
9/11/10,02,05,06,07,14,15,20,26,28,31,35,38,39,48,54,55,59,75,77,79
9/10/10,01,08,18,28,30,33,34,37,43,46,49,52,57,60,61,63,66,67,73,77
9/9/10,01,03,04,13,17,21,22,25,26,45,47,49,51,65,69,70,72,73,74,77
9/8/10,02,11,20,21,22,27,38,39,42,44,48,50,52,55,62,67,69,74,77,80
9/7/10,01,03,05,18,23,25,27,34,37,41,50,52,55,59,60,63,66,75,78,79
9/6/10,01,08,09,10,11,16,18,28,33,38,41,42,44,46,49,52,56,61,76,79
9/5/10,01,05,06,11,13,20,23,27,31,35,37,38,54,58,61,70,74,77,78,80
9/4/10,04,06,09,11,12,17,19,28,34,39,44,49,54,56,59,63,66,70,75,76
9/3/10,04,05,10,14,18,22,26,27,30,31,33,39,46,49,51,58,59,64,68,70
9/2/10,02,03,05,11,14,18,21,25,34,38,55,56,59,60,64,67,70,71,76,77
9/1/10,06,11,12,13,14,20,21,23,24,33,39,40,41,49,58,65,66,74,75,78
8/31/10,01,05,11,14,15,17,22,23,29,32,42,47,53,54,55,59,60,64,65,70
8/30/10,06,08,10,15,18,19,20,25,29,40,41,50,56,58,61,62,64,66,72,74
8/29/10,03,04,09,12,14,15,17,21,25,27,29,31,35,41,49,59,66,71,75,79
8/28/10,01,02,03,05,06,13,14,20,37,38,46,48,51,55,57,58,61,64,65,69
8/27/10,06,08,09,15,17,19,25,40,41,45,46,47,52,53,57,58,65,70,73,77
8/26/10,04,06,07,09,13,14,15,16,17,27,30,36,44,48,64,67,69,74,78,80
8/25/10,10,11,14,15,18,19,24,38,41,45,50,53,56,59,60,63,72,74,77,78
8/24/10,01,02,12,14,20,21,29,34,40,42,48,49,53,54,56,60,72,75,76,77
8/23/10,02,05,07,10,14,17,29,35,41,42,50,52,54,55,58,59,60,70,76,80
8/22/10,09,16,19,20,29,31,35,37,39,42,44,49,57,58,59,62,66,76,78,79
8/21/10,02,11,12,16,19,28,30,36,48,49,50,58,59,60,70,71,72,73,76,78
8/20/10,04,19,22,24,27,38,40,44,47,50,53,54,57,59,61,64,70,71,73,75
8/19/10,01,04,05,08,16,21,28,33,41,46,47,53,59,62,64,65,70,72,76,77
8/18/10,02,03,09,11,21,23,26,30,34,42,47,49,53,55,57,62,64,65,68,71
8/17/10,04,08,09,12,30,32,35,39,46,50,51,54,55,60,62,64,67,73,74,76
8/16/10,01,16,17,19,21,22,30,31,34,35,36,37,53,55,57,61,63,65,66,78
8/15/10,04,06,07,12,17,19,24,25,34,40,47,50,52,57,59,64,72,75,76,80
8/14/10,07,12,17,19,21,23,24,26,29,41,45,47,50,53,54,56,63,66,71,74
8/13/10,03,06,07,11,17,19,24,26,28,34,40,43,54,57,58,60,65,66,72,74
8/12/10,01,03,04,08,11,13,14,24,25,26,31,34,35,36,38,42,55,59,60,63
8/11/10,10,11,16,19,20,21,23,25,26,27,35,36,39,42,46,50,52,64,65,79
8/10/10,03,16,19,22,26,34,36,38,44,46,48,52,56,62,68,71,72,73,78,79
8/9/10,04,05,06,10,12,13,17,19,22,23,25,38,42,47,57,61,63,67,72,80
8/8/10,03,05,11,23,27,29,31,36,37,41,43,44,51,54,55,59,65,66,69,79
8/7/10,08,09,13,23,29,30,37,43,44,51,53,56,58,59,60,61,64,65,76,80
8/6/10,01,04,08,09,11,15,17,19,23,27,31,36,39,42,47,58,61,68,72,73
8/5/10,02,05,07,12,16,21,24,33,41,43,45,49,56,57,61,63,68,74,75,77
8/4/10,01,09,10,12,19,23,24,25,27,29,45,46,52,55,57,69,70,71,73,79
8/3/10,04,06,09,10,12,15,18,21,23,27,34,36,39,41,44,48,59,64,66,79
8/2/10,07,13,15,17,37,42,43,44,49,50,55,58,59,66,67,72,75,76,77,78
8/1/10,10,23,24,26,28,33,34,35,36,38,46,50,57,59,66,67,68,72,73,77
7/31/10,04,05,07,13,15,18,19,23,26,27,28,29,31,36,40,41,52,57,63,79
7/30/10,02,07,12,14,15,16,18,20,24,39,41,42,43,46,48,51,65,74,77,78
7/29/10,08,09,10,14,23,24,27,28,30,35,43,48,54,55,67,69,71,74,75,78
7/28/10,02,08,15,17,19,20,22,24,26,36,41,48,56,58,60,64,70,71,76,80
7/27/10,05,09,16,19,32,34,41,42,46,47,48,51,56,59,60,62,65,68,70,78
7/26/10,02,04,08,16,19,29,34,35,36,45,46,49,55,60,61,62,65,66,68,74
7/25/10,01,09,12,17,18,19,20,22,23,24,25,26,42,43,44,49,51,64,73,78
7/24/10,02,03,06,18,29,33,35,39,43,45,50,51,55,56,61,62,70,75,76,79
7/23/10,01,06,08,14,15,18,27,33,36,37,39,40,49,54,59,62,65,68,75,77
7/22/10,05,06,08,11,22,24,34,41,43,51,52,55,56,58,61,62,68,69,73,77
7/21/10,08,12,19,21,35,38,39,42,43,46,48,51,54,55,57,62,63,69,71,76
7/20/10,04,06,10,14,22,27,32,34,37,50,52,53,56,59,63,65,67,72,76,80
7/19/10,01,04,06,11,12,14,17,22,25,28,34,36,40,46,49,50,55,67,68,79
7/18/10,02,06,11,17,21,29,30,38,39,43,46,53,60,62,64,66,67,71,75,80
7/17/10,05,09,16,27,30,34,36,43,44,47,49,50,53,55,63,72,74,75,78,79
7/16/10,05,06,09,10,11,13,21,24,28,32,40,42,46,49,50,59,72,74,76,78
7/15/10,04,06,08,21,22,23,24,25,31,32,33,40,41,43,52,59,60,62,67,69
7/14/10,01,04,06,12,14,22,26,28,36,42,51,56,60,61,62,67,71,75,78,79
7/13/10,04,14,18,19,22,24,28,43,48,50,55,56,60,61,62,65,66,73,75,78
7/12/10,05,08,11,15,18,19,23,26,31,33,35,41,44,47,57,61,65,66,73,77
7/11/10,08,09,11,13,15,18,20,21,27,35,36,40,50,51,53,67,72,73,75,80
7/10/10,03,13,19,20,22,25,28,32,33,35,36,41,42,44,59,62,64,66,69,73
7/9/10,03,15,26,28,35,39,45,46,50,53,55,58,61,63,66,74,76,77,78,79
7/8/10,02,04,10,14,15,17,20,23,24,27,31,32,37,43,47,48,50,62,69,71
7/7/10,01,02,06,07,15,20,21,22,25,41,43,44,51,56,58,64,68,73,74,80
7/6/10,06,08,16,23,24,26,28,29,30,34,37,39,45,49,50,58,60,62,69,79
7/5/10,05,08,11,15,17,18,22,27,39,44,47,51,55,60,65,66,69,74,78,79
7/4/10,01,04,08,14,17,26,30,33,37,39,48,60,61,65,66,68,71,72,77,79
7/3/10,03,07,16,22,23,24,26,36,42,45,47,54,55,57,65,71,74,76,77,80
7/2/10,01,04,11,12,15,19,20,24,28,33,44,47,54,61,65,66,68,72,74,76
7/1/10,02,05,07,13,15,20,34,38,42,44,47,50,53,56,69,71,72,75,76,78
6/30/10,14,15,20,21,22,27,28,31,36,39,41,42,49,52,54,55,59,61,72,77
6/29/10,18,21,24,32,33,35,39,41,43,47,49,52,53,57,67,70,71,75,78,79
6/28/10,01,03,08,13,15,21,26,34,38,42,45,47,51,52,53,58,59,70,71,72
6/27/10,03,07,08,12,18,21,29,32,33,35,38,41,43,63,66,68,69,70,73,78
6/26/10,08,13,14,18,23,26,30,32,37,38,42,47,48,49,51,52,56,58,63,64
6/25/10,12,19,23,24,26,29,30,31,37,40,47,53,58,59,62,63,69,72,76,78
6/24/10,01,02,05,08,11,17,21,24,29,30,32,35,50,51,59,65,67,68,76,80
6/23/10,02,06,13,18,20,24,26,38,44,48,53,56,60,63,65,67,71,73,75,78
6/22/10,02,03,10,13,14,15,18,20,25,26,40,41,45,55,56,59,69,72,76,80
6/21/10,02,03,06,08,09,12,17,18,29,30,39,53,58,60,64,65,66,69,71,78
6/20/10,01,03,05,10,11,15,17,21,28,30,31,37,38,41,52,53,54,55,59,71
6/19/10,12,14,16,17,20,22,24,26,30,31,34,38,49,55,56,58,60,66,76,79
6/18/10,01,04,05,07,14,23,26,33,35,39,43,46,49,51,54,57,63,64,70,72
6/17/10,02,05,08,09,15,32,39,43,44,50,51,53,54,55,58,60,64,72,73,77
6/16/10,08,22,23,25,30,37,39,41,46,50,51,52,53,54,56,60,63,68,71,72
6/15/10,01,09,10,13,16,25,26,27,28,37,42,44,46,54,55,60,61,66,69,76
6/14/10,11,14,16,18,23,37,40,49,55,57,58,61,62,64,65,69,70,71,74,78
6/13/10,07,08,09,12,13,18,25,32,36,41,43,44,54,56,57,59,60,72,74,78
6/12/10,01,14,20,21,22,26,29,33,35,38,41,50,54,60,61,63,70,72,77,80
6/11/10,29,32,33,34,36,38,49,51,52,53,56,57,58,61,64,68,71,73,79,80
6/10/10,04,06,07,13,14,18,24,37,40,45,49,54,57,58,59,61,62,67,71,73
6/9/10,02,03,09,14,18,19,24,25,32,33,35,38,39,44,52,53,57,68,70,80
6/8/10,02,16,17,19,22,24,34,37,41,43,46,52,53,55,67,68,71,74,75,76
6/7/10,02,05,07,10,13,20,23,26,29,32,33,34,35,40,42,45,53,60,62,65
6/6/10,06,08,11,15,16,17,23,27,31,37,40,43,47,48,50,54,60,73,77,78
6/5/10,03,04,27,38,39,43,47,49,52,54,58,61,63,65,66,67,68,74,75,79
6/4/10,02,20,28,30,34,35,37,40,41,44,45,47,48,52,65,66,67,69,76,80
6/3/10,02,09,13,15,18,20,22,25,32,37,41,43,52,55,57,60,66,67,68,72
6/2/10,05,07,09,10,28,30,33,35,36,37,46,47,48,49,55,56,61,68,71,79
6/1/10,07,11,12,19,20,21,25,33,36,40,43,48,50,52,61,63,66,67,71,73
5/31/10,02,03,04,15,18,21,25,26,27,28,29,30,35,41,43,48,54,63,78,80
5/30/10,03,04,15,22,26,29,32,36,38,40,42,48,49,52,57,61,66,78,79,80
5/29/10,02,03,11,19,21,27,28,29,30,32,43,44,54,58,63,65,70,77,78,79
5/28/10,03,06,07,10,13,14,18,19,21,22,27,34,37,38,39,49,58,67,72,79
5/27/10,01,02,08,10,23,28,31,33,35,40,44,48,51,54,57,58,59,63,70,79
5/26/10,01,05,11,12,18,25,27,32,40,44,48,53,54,55,56,63,69,72,77,80
5/25/10,07,10,14,16,18,21,32,38,42,43,50,52,55,56,58,63,65,76,79,80
5/24/10,12,13,17,20,21,27,31,33,34,40,49,51,57,58,61,62,67,68,73,76
5/23/10,16,17,21,31,32,33,34,41,45,49,50,58,61,65,66,68,69,73,79,80
5/22/10,06,10,11,16,17,21,26,28,29,30,35,39,42,45,55,66,72,73,75,80
5/21/10,01,11,17,19,24,25,26,32,34,38,42,43,44,47,48,49,53,63,68,71
5/20/10,01,05,15,20,21,23,26,34,37,40,42,47,51,53,57,64,68,69,71,76
5/19/10,01,02,09,10,14,29,31,34,43,44,45,51,52,53,58,61,65,71,73,74
5/18/10,01,09,17,20,22,28,37,44,49,56,57,64,66,68,71,72,73,75,76,77
5/17/10,02,03,07,11,12,21,32,45,46,47,48,49,52,56,60,61,65,66,68,71
5/16/10,01,10,11,22,30,31,33,34,35,36,40,41,43,45,51,54,58,71,73,80
5/15/10,09,11,12,16,17,20,24,30,35,53,55,58,60,61,62,69,71,72,79,80
5/14/10,03,07,13,19,20,21,24,25,34,42,43,46,47,50,53,55,58,64,70,79
5/13/10,05,08,10,11,13,15,28,31,32,33,35,40,42,45,57,60,65,70,73,78
5/12/10,01,02,04,15,20,21,26,30,39,43,44,46,47,48,53,55,62,65,70,78
5/11/10,02,04,06,07,08,11,17,19,22,29,34,41,44,48,53,56,60,64,65,80
5/10/10,05,06,12,15,19,30,39,40,51,55,58,59,61,67,71,74,75,76,77,80
5/9/10,02,05,06,07,11,15,16,17,21,22,24,27,29,30,32,53,58,71,72,75
5/8/10,03,13,14,15,22,37,38,39,47,48,52,54,55,56,61,63,65,68,72,75
5/7/10,03,08,09,11,12,13,14,22,31,33,35,39,50,51,56,60,61,66,67,80
5/6/10,06,10,17,27,30,38,39,40,43,45,46,47,51,54,57,60,64,65,66,76
5/5/10,01,05,06,08,14,19,20,21,23,24,47,58,60,63,66,67,70,72,73,78
5/4/10,04,18,23,25,30,32,34,35,37,40,47,49,55,58,60,61,64,67,70,78
5/3/10,04,11,15,17,27,35,43,48,49,50,65,66,68,71,72,74,75,78,79,80
5/2/10,11,13,14,20,26,28,30,32,33,38,39,42,53,54,55,56,59,61,65,66
5/1/10,01,09,10,11,14,19,22,26,30,31,37,38,54,55,57,64,67,75,77,80
4/30/10,01,04,09,18,20,24,32,35,36,37,42,44,46,52,56,57,63,67,76,77
4/29/10,02,04,09,11,13,19,20,21,23,28,32,42,46,51,52,60,64,65,69,78
4/28/10,02,06,08,16,18,26,34,44,51,52,54,65,66,68,69,73,74,78,79,80
4/27/10,01,03,09,14,26,31,32,35,38,40,43,44,46,51,54,55,60,76,78,80
4/26/10,05,09,11,28,30,31,32,33,43,44,46,47,49,53,54,62,68,69,73,79
4/25/10,03,04,07,13,20,23,25,28,31,34,35,37,39,43,46,53,63,72,73,76
4/24/10,01,02,06,08,11,12,17,18,22,24,25,27,29,41,47,49,52,62,69,70
4/23/10,02,10,13,14,20,21,24,30,32,33,36,45,49,50,53,54,57,64,71,73
4/22/10,13,14,19,27,31,32,39,43,44,51,53,55,60,62,67,68,69,73,76,80
4/21/10,01,07,09,11,12,17,19,26,35,38,43,48,53,62,64,65,66,67,68,78
4/20/10,05,08,11,12,14,16,26,28,33,34,36,40,41,50,57,58,64,65,77,78
4/19/10,10,11,21,22,23,26,30,32,35,36,39,42,50,55,60,63,64,69,76,77
4/18/10,05,06,07,09,13,15,17,21,23,26,34,44,47,50,52,54,56,66,77,79
4/17/10,05,07,13,16,18,19,20,27,34,36,44,46,47,55,58,61,64,67,68,73
4/16/10,03,08,12,16,23,24,30,32,34,35,38,44,47,51,59,62,65,68,72,74
4/15/10,04,06,12,20,23,25,26,35,36,39,45,49,57,59,66,67,68,72,74,78
4/14/10,05,09,17,18,19,27,34,38,42,49,59,66,67,68,69,72,73,74,76,80
4/13/10,03,08,09,17,22,26,32,33,36,40,41,42,43,44,45,56,57,59,66,71
4/12/10,02,05,08,09,10,11,12,15,24,26,30,32,47,51,58,68,72,75,78,80
4/11/10,07,12,13,16,19,27,30,36,37,43,44,47,56,59,63,65,66,68,73,80
4/10/10,02,03,05,06,07,10,13,16,19,20,25,26,29,30,40,41,48,57,63,70
4/9/10,02,09,10,11,27,31,33,38,39,41,44,48,50,60,61,68,70,76,77,80
4/8/10,09,13,16,19,22,23,25,27,31,32,43,47,48,51,53,68,69,75,76,78
4/7/10,01,05,09,11,15,16,18,21,26,29,40,43,52,55,57,59,60,62,71,76
4/6/10,02,05,08,09,18,27,28,38,40,43,50,52,53,55,56,59,74,75,76,79
4/5/10,07,10,11,17,27,33,38,44,46,48,49,54,55,57,63,65,69,73,75,78
4/4/10,01,04,06,08,12,19,26,35,36,41,44,54,59,63,67,75,76,77,78,80
4/3/10,04,12,17,19,21,23,26,28,39,41,47,51,56,57,59,64,68,69,72,73
4/2/10,01,05,06,15,21,23,24,40,41,43,48,52,58,60,63,68,70,75,76,78
4/1/10,03,05,07,15,16,20,27,33,36,44,49,60,68,69,73,75,76,77,79,80
3/31/10,01,07,09,13,19,23,30,31,32,34,36,42,48,50,54,55,58,60,68,78
3/30/10,03,04,06,09,11,12,13,14,17,25,35,46,49,50,53,54,75,77,78,80
3/29/10,11,14,15,16,19,22,28,30,32,33,34,45,48,55,58,62,66,69,70,73
3/28/10,03,07,09,12,15,18,24,27,29,30,36,41,43,48,53,54,62,67,71,76
3/27/10,02,05,07,12,17,20,29,35,36,38,45,50,55,60,61,63,68,70,71,75
3/26/10,05,07,11,14,17,20,22,23,32,33,38,41,55,57,62,65,71,72,76,80
3/25/10,04,07,18,25,26,28,30,31,32,35,41,45,49,61,65,66,69,71,73,78
3/24/10,04,07,14,19,22,26,31,38,42,43,44,46,49,52,54,60,64,71,74,76
3/23/10,03,10,13,27,37,38,42,43,45,46,49,52,54,56,57,64,67,73,74,76
3/22/10,01,17,26,27,30,32,34,37,42,43,44,45,57,58,61,70,71,75,77,80
3/21/10,02,06,10,13,21,26,33,35,37,48,53,54,58,63,66,69,73,74,77,80
3/20/10,01,04,09,10,11,12,23,29,35,40,44,47,51,53,56,60,69,70,73,78
3/19/10,04,07,08,09,10,11,16,22,26,27,39,40,50,54,57,58,64,70,75,76
3/18/10,02,03,05,09,18,28,31,37,43,44,45,48,54,57,58,69,70,71,74,79
3/17/10,07,18,22,23,24,27,29,36,43,44,49,53,61,63,64,66,67,72,73,76
3/16/10,07,10,13,17,29,31,34,35,42,50,51,56,57,59,63,68,72,73,75,78
3/15/10,07,10,14,17,34,36,37,38,45,48,53,54,57,62,63,65,67,70,77,78
3/14/10,01,04,09,12,16,23,25,26,32,34,35,36,52,53,59,62,67,68,72,80
3/13/10,08,17,21,23,25,26,28,29,40,45,46,48,53,59,60,63,64,70,73,74
3/12/10,04,09,17,23,30,33,35,37,39,40,41,45,46,49,52,53,61,66,73,74
3/11/10,02,06,08,10,19,23,26,46,51,52,55,56,62,64,65,67,69,70,73,75
3/10/10,06,12,14,19,20,21,22,24,25,30,31,39,40,45,46,50,63,65,71,72
3/9/10,01,07,11,22,24,27,28,32,33,35,38,41,49,55,59,63,64,72,74,75
3/8/10,01,04,10,11,12,14,19,26,29,37,41,44,50,51,52,54,58,69,70,80
3/7/10,09,11,12,14,17,18,19,25,28,29,36,39,42,44,49,55,56,60,72,75
3/6/10,02,05,07,11,16,18,21,23,28,35,45,46,47,49,50,52,62,72,78,79
3/5/10,06,07,11,21,23,27,28,29,33,41,43,44,47,52,67,68,69,73,74,78
3/4/10,04,05,07,10,14,18,20,23,26,28,29,34,44,48,50,60,65,68,71,76
3/3/10,05,08,13,14,24,27,31,34,39,40,43,52,54,59,62,64,67,72,74,76
3/2/10,04,05,13,17,20,21,25,27,33,37,39,43,49,50,64,68,71,74,75,77
3/1/10,08,28,30,31,32,36,37,44,48,55,56,60,61,62,68,70,74,77,79,80
2/28/10,01,02,07,09,12,16,28,30,32,41,44,45,47,48,60,63,65,68,70,71
2/27/10,01,11,12,13,14,21,23,25,29,35,38,39,41,42,50,58,60,66,76,80
2/26/10,01,02,10,16,18,19,22,24,28,36,37,39,40,41,45,61,72,73,75,76
2/25/10,03,05,12,13,15,16,18,23,29,34,35,41,45,48,52,56,61,73,77,79
2/24/10,05,06,09,13,15,16,19,24,28,35,38,42,50,55,66,68,69,70,78,79
2/23/10,06,10,12,14,20,26,32,33,35,36,41,46,47,48,52,57,58,66,79,80
2/22/10,02,03,06,10,11,15,20,25,26,47,52,53,54,55,56,59,63,67,76,79
2/21/10,03,05,06,10,15,19,21,26,35,36,55,56,58,63,65,68,69,71,78,80
2/20/10,01,03,06,08,09,18,24,28,29,30,32,36,43,44,58,64,66,72,75,78
2/19/10,05,09,11,12,13,14,17,19,26,33,34,35,37,39,43,48,51,54,62,65
2/18/10,07,09,14,15,17,18,20,23,24,25,30,39,41,43,45,51,54,56,67,75
2/17/10,05,13,14,30,32,33,34,40,41,43,45,51,53,54,55,56,66,72,73,80
2/16/10,01,10,11,13,19,22,24,25,31,36,40,42,46,48,51,54,62,69,71,76
2/15/10,12,14,15,21,22,26,33,37,46,52,53,55,57,58,60,66,70,73,74,78
2/14/10,02,05,08,09,15,16,17,30,37,40,42,44,48,59,60,61,64,70,72,75
2/13/10,01,03,05,08,09,10,11,14,17,23,26,34,35,37,39,50,57,59,68,75
2/12/10,07,08,12,15,21,26,29,30,35,42,43,49,54,57,58,60,62,70,71,76
2/11/10,02,06,10,12,13,16,18,25,34,35,38,39,42,47,53,55,58,64,75,77
2/10/10,01,05,06,22,24,25,30,31,38,41,45,46,49,51,55,58,60,71,75,78
2/9/10,04,07,09,15,17,19,21,22,23,26,28,30,33,35,37,44,53,57,62,78
2/8/10,01,02,04,05,12,20,25,26,32,33,38,42,46,47,53,58,60,61,66,69
2/7/10,03,04,05,17,18,22,23,27,28,33,34,37,46,48,55,56,62,67,71,76
2/6/10,01,03,06,13,17,26,30,33,34,42,43,44,52,53,55,56,62,76,77,78
2/5/10,05,10,21,28,31,32,34,35,36,37,45,47,49,52,58,59,65,66,68,75
2/4/10,01,08,11,26,27,30,37,38,39,40,47,51,52,53,57,60,70,71,77,80
2/3/10,07,08,09,12,15,17,30,34,37,39,42,43,49,56,57,60,70,74,78,79
2/2/10,01,07,13,16,19,23,27,35,36,41,42,44,45,49,52,55,62,64,69,75
2/1/10,08,09,10,11,12,14,18,22,26,32,34,39,43,54,55,68,76,77,79,80
1/31/10,03,08,09,16,19,21,22,28,31,37,40,47,48,49,53,55,65,71,77,78
1/30/10,04,08,13,20,22,28,30,34,35,36,40,45,46,47,53,54,66,69,72,74
1/29/10,03,09,13,14,16,17,21,22,34,35,40,43,46,58,59,60,63,67,72,79
1/28/10,01,11,16,19,20,22,27,33,37,46,47,54,58,61,62,63,68,69,73,79
1/27/10,01,06,14,16,17,19,20,21,23,30,31,34,37,39,48,49,53,57,59,67
1/26/10,11,16,20,23,24,30,31,33,36,37,48,54,57,60,63,68,70,75,77,78
1/25/10,06,09,17,18,19,28,29,39,40,47,49,50,52,57,62,66,70,73,78,79
1/24/10,08,10,15,20,21,26,27,28,31,32,36,42,45,48,50,52,67,70,73,74
1/23/10,09,12,13,16,18,20,23,26,31,35,40,42,44,46,50,54,61,65,66,72
1/22/10,02,07,11,15,23,28,35,38,39,50,52,54,60,63,66,67,68,69,77,80
1/21/10,06,07,18,19,26,30,32,36,47,52,54,55,62,64,70,71,72,76,78,79
1/20/10,01,05,09,10,23,25,28,32,34,35,49,53,55,56,58,59,65,67,68,77
1/19/10,01,02,05,07,10,14,15,20,26,28,31,37,45,47,50,52,54,59,64,72
1/18/10,03,05,09,17,23,25,28,29,35,39,40,44,50,52,58,59,62,78,79,80
1/17/10,08,10,14,23,25,27,31,36,48,52,53,54,61,64,66,68,74,75,76,77
1/16/10,04,06,12,18,22,23,35,41,42,47,48,52,55,59,60,61,65,70,75,76
1/15/10,01,03,07,15,18,19,20,26,29,34,38,40,42,46,52,59,66,67,68,77
1/14/10,02,04,05,09,10,17,32,34,37,38,41,42,44,48,57,61,69,71,72,77
1/13/10,06,11,12,13,16,22,26,29,32,33,36,40,50,59,60,62,68,74,78,79
1/12/10,01,03,07,16,18,31,32,34,36,38,40,42,47,49,57,59,63,71,74,79
1/11/10,01,07,11,16,20,22,27,28,29,30,31,33,34,35,40,58,63,66,73,78
1/10/10,01,02,04,08,17,22,23,24,27,29,31,53,54,57,66,68,70,73,75,78
1/9/10,03,10,12,14,16,19,26,37,40,45,48,49,50,55,59,69,71,76,77,79
1/8/10,04,07,12,14,15,18,25,29,30,32,33,38,41,43,45,59,63,68,71,76
1/7/10,01,02,04,05,08,17,19,20,21,40,45,46,47,49,55,56,62,63,71,74
1/6/10,01,07,13,17,21,27,29,34,36,43,47,51,53,60,62,65,68,71,78,80
1/5/10,02,07,11,12,13,15,17,19,20,31,32,35,46,47,49,56,59,64,73,80
1/4/10,01,02,12,14,17,18,26,28,31,38,43,46,48,52,56,58,65,67,68,70
1/3/10,02,07,11,18,23,25,26,31,32,35,36,38,46,55,58,66,68,73,79,80
1/2/10,05,06,08,19,24,28,30,35,42,44,48,53,55,59,62,64,66,72,73,76
1/1/10,03,04,08,10,12,16,20,25,28,30,36,50,51,52,60,62,64,69,75,79
12/31/09,01,04,06,18,19,21,22,24,35,44,46,47,51,53,54,64,67,68,72,75
12/30/09,02,08,11,14,16,26,27,31,34,36,37,41,43,44,56,60,62,71,79,80
12/29/09,02,04,10,12,13,20,24,25,28,37,40,42,44,54,56,61,62,63,75,79
12/28/09,01,06,07,14,15,19,32,33,37,39,55,58,59,62,63,66,73,74,78,79
12/27/09,05,06,07,16,18,29,33,42,43,47,48,49,51,52,57,59,63,64,65,73
12/26/09,09,10,12,17,18,20,25,32,41,44,45,47,55,59,60,61,62,65,68,70
12/24/09,06,14,15,21,23,34,35,37,51,52,56,57,60,61,70,71,73,74,75,76
12/23/09,03,04,05,08,11,16,18,21,29,34,39,41,42,43,48,57,72,73,79,80
12/22/09,01,02,05,06,08,12,13,14,20,26,28,36,38,48,49,57,61,75,79,80
12/21/09,02,07,20,21,27,35,41,44,46,47,53,54,58,64,68,69,70,71,78,79
12/20/09,03,05,06,13,22,26,33,39,40,47,48,49,55,58,59,62,64,72,74,75
12/19/09,06,07,10,17,22,23,24,25,32,34,37,41,44,45,48,56,59,60,78,79
12/18/09,05,07,08,15,23,34,39,41,50,52,54,60,62,66,67,70,71,72,75,80
12/17/09,11,12,14,26,30,32,37,40,47,48,49,57,58,59,60,64,67,68,72,77
12/16/09,02,03,09,16,20,35,38,39,46,47,52,55,56,57,60,65,66,70,74,78
12/15/09,05,13,14,20,25,26,29,30,31,34,45,46,50,52,57,66,67,73,78,79
12/14/09,04,06,11,17,18,20,23,24,26,33,34,38,49,55,68,71,72,74,76,78
12/13/09,08,09,10,13,17,18,21,24,25,29,30,39,44,49,53,55,58,62,69,80
12/12/09,05,11,14,16,23,24,29,32,34,35,36,37,43,44,48,52,60,65,68,76
12/11/09,01,02,03,09,10,11,15,31,36,37,39,40,47,48,53,55,59,68,69,80
12/10/09,02,06,07,19,20,21,22,24,29,34,43,47,48,50,58,65,67,69,77,80
12/9/09,01,05,10,17,19,25,26,31,33,37,38,39,43,44,50,54,57,63,74,80
12/8/09,01,13,14,16,17,19,20,24,36,37,38,42,44,58,63,64,72,73,77,79
12/7/09,05,09,12,22,23,24,25,27,34,39,42,46,47,53,54,61,70,71,74,80
12/6/09,01,05,11,17,20,28,39,40,41,43,44,48,51,55,56,60,61,67,70,74
12/5/09,03,06,08,16,21,22,27,34,36,43,51,52,54,62,67,68,70,71,75,76
12/4/09,01,02,05,13,16,18,19,23,26,28,33,46,48,54,55,61,63,71,72,74
12/3/09,01,04,12,13,16,17,22,24,28,34,38,42,52,54,55,59,60,66,70,76
12/2/09,03,04,05,07,11,16,19,38,39,43,44,51,52,56,61,63,65,68,70,71
12/1/09,01,03,15,24,25,26,28,30,33,40,41,43,45,46,56,62,64,65,69,78
11/30/09,02,04,15,24,25,26,28,32,34,39,45,46,48,50,53,60,63,64,69,72
11/29/09,01,02,03,10,12,15,23,25,30,31,33,34,36,39,40,41,48,50,66,74
11/28/09,08,09,16,27,28,30,31,32,33,43,52,56,59,60,61,64,65,68,74,76
11/27/09,01,02,03,11,16,17,18,27,28,30,31,35,37,38,39,50,52,54,71,73
11/26/09,10,11,18,21,28,30,34,36,37,43,44,47,52,56,58,68,69,75,79,80
11/25/09,02,09,10,13,16,25,26,35,36,39,42,45,48,52,53,59,66,74,79,80
11/24/09,08,15,18,20,21,22,24,25,31,32,33,35,42,44,45,47,54,64,68,72
11/23/09,01,03,08,15,18,19,20,27,28,31,41,42,47,52,55,57,65,66,77,78
11/22/09,14,20,25,29,36,42,43,44,51,52,58,61,63,66,69,71,74,77,78,80
11/21/09,03,09,12,25,27,29,34,35,37,39,45,48,54,56,58,60,62,66,67,80
11/20/09,04,05,06,12,13,17,21,25,40,42,50,58,61,65,66,68,72,75,77,79
11/19/09,05,09,13,26,27,29,33,36,45,47,48,49,55,57,58,69,72,76,78,79
11/18/09,06,07,09,15,17,31,32,34,36,40,50,52,56,61,69,70,73,74,77,79
11/17/09,11,13,17,20,27,31,32,36,41,44,50,51,54,55,57,65,69,76,79,80
11/16/09,03,05,11,12,18,21,26,29,31,35,37,39,46,48,49,53,55,58,64,74
11/15/09,04,14,17,22,29,30,32,36,37,46,55,58,60,62,65,69,70,75,77,80
11/14/09,09,12,18,19,22,32,38,40,41,43,46,47,53,54,55,58,59,62,73,76
11/13/09,01,04,06,07,10,15,16,18,24,26,30,34,36,38,39,44,47,51,57,74
11/12/09,01,07,08,11,15,27,28,30,32,37,39,40,44,46,52,56,57,64,75,78
11/11/09,01,06,12,13,16,25,29,34,40,41,42,44,48,51,58,62,64,71,73,79
11/10/09,04,06,11,14,17,28,35,42,45,46,48,58,62,66,67,69,71,75,76,80
11/9/09,08,13,14,15,17,18,19,24,27,30,34,35,36,43,49,61,62,68,70,80
11/8/09,02,07,29,30,33,34,36,37,44,45,48,51,54,58,61,65,69,70,73,74
11/7/09,01,04,05,08,11,14,16,20,21,27,29,30,35,36,43,45,48,54,59,69
11/6/09,05,06,08,10,21,24,28,32,35,37,42,46,54,55,60,61,64,70,75,79
11/5/09,05,07,11,13,17,23,32,36,38,44,49,51,53,54,56,58,59,61,66,77
11/4/09,03,12,17,22,24,28,35,39,43,44,45,48,50,57,66,69,74,75,79,80
11/3/09,05,13,17,26,28,32,38,40,41,43,45,49,59,61,63,70,71,74,77,78
11/2/09,01,03,06,11,14,16,18,20,29,38,39,41,47,50,52,57,60,62,67,72
11/1/09,02,11,14,17,21,23,28,30,34,39,40,43,49,53,56,57,58,60,63,66
10/31/09,05,09,13,23,24,28,30,35,36,40,44,47,49,52,59,61,66,74,77,80
10/30/09,02,08,09,19,22,25,29,33,38,41,46,51,58,66,67,69,70,71,76,80
10/29/09,07,09,12,19,21,26,37,40,41,43,45,46,49,54,58,63,64,69,73,76
10/28/09,03,06,08,25,28,32,36,39,41,44,45,46,54,55,58,63,66,72,75,76
10/27/09,05,08,09,13,16,22,25,26,30,32,37,40,46,47,53,63,65,67,72,80
10/26/09,04,09,17,19,20,23,29,36,37,39,46,52,54,56,57,61,65,66,69,79
10/25/09,01,03,07,18,19,28,37,41,43,48,49,52,56,67,69,70,71,76,77,80
10/24/09,01,07,08,14,18,19,20,32,50,52,55,56,62,65,66,70,71,73,75,76
10/23/09,03,08,10,12,13,15,18,21,28,29,31,36,43,46,48,57,58,64,66,67
10/22/09,04,14,19,20,21,23,28,37,38,39,40,41,42,53,56,60,65,69,70,76
10/21/09,01,03,13,14,18,22,27,35,37,39,41,52,54,60,65,68,72,73,76,77
10/20/09,01,02,04,08,13,15,18,21,22,24,25,28,38,42,43,52,63,68,71,80
10/19/09,01,09,11,14,18,21,22,25,27,28,32,36,41,45,57,60,61,67,70,75
10/18/09,04,19,25,26,28,31,36,38,41,43,46,49,56,59,61,64,65,67,70,76
10/17/09,02,10,13,16,26,29,38,44,47,50,55,56,62,63,64,66,68,69,71,76
10/16/09,03,08,10,16,24,26,28,29,35,38,44,45,48,51,55,59,68,72,75,78
10/15/09,01,04,05,12,13,14,16,22,23,24,27,28,31,33,44,56,62,65,74,75
10/14/09,08,12,14,15,16,19,20,23,28,34,38,39,47,50,51,60,62,63,74,77
10/13/09,03,06,07,09,21,22,23,26,29,30,31,35,37,42,46,48,49,50,72,80
10/12/09,01,04,16,17,19,28,30,33,42,43,44,45,55,58,59,63,66,69,77,78
10/11/09,05,06,10,11,14,15,16,18,19,24,27,40,46,47,48,49,52,57,62,71
10/10/09,04,13,14,16,18,20,22,23,28,29,30,31,34,55,56,57,70,72,73,76
10/9/09,01,02,13,19,22,26,28,31,40,42,49,56,57,58,60,63,68,69,71,73
10/8/09,02,07,09,11,12,15,20,31,32,37,38,44,46,50,51,60,63,68,74,80
10/7/09,07,10,18,24,25,33,36,41,45,46,47,49,50,53,61,62,63,65,68,74
10/6/09,05,08,12,14,17,19,20,23,25,26,29,34,37,40,45,49,60,62,74,80
10/5/09,02,07,08,09,12,13,18,24,26,28,34,35,36,48,50,51,53,70,75,80
10/4/09,01,05,13,16,18,22,24,26,27,28,34,40,46,47,51,57,66,69,74,76
10/3/09,05,06,07,13,15,18,19,24,33,44,45,53,55,56,59,61,63,64,72,78
10/2/09,01,12,22,23,27,31,36,38,39,43,53,54,59,64,66,71,74,76,79,80
10/1/09,05,12,14,18,19,20,27,28,30,31,32,36,38,39,47,62,64,73,74,78
9/30/09,03,11,12,16,17,18,22,24,33,37,40,42,46,53,59,64,65,66,69,78
9/29/09,02,04,05,06,07,15,18,26,28,29,34,36,39,42,46,54,70,71,73,79
9/28/09,07,08,11,14,15,16,17,19,20,23,34,38,42,49,51,52,57,58,63,67
9/27/09,03,07,09,20,25,26,27,35,40,45,46,47,48,52,53,54,55,66,70,72
9/26/09,04,05,13,17,24,26,28,38,42,46,47,49,55,59,65,67,69,76,77,79
9/25/09,10,16,19,22,28,32,38,40,46,48,49,53,57,60,62,67,74,75,76,77
9/24/09,07,09,10,14,19,22,26,31,33,34,39,42,48,52,54,67,72,73,74,80
9/23/09,11,20,21,24,26,28,30,43,46,50,55,57,59,63,65,71,72,73,75,77
9/22/09,05,23,25,28,32,33,36,46,48,52,55,57,60,61,64,66,72,73,74,75
9/21/09,05,07,09,12,14,16,24,25,33,43,49,52,53,64,67,68,70,71,74,76
9/20/09,06,08,09,13,18,20,22,27,29,35,39,43,47,52,64,68,70,73,78,79
9/19/09,02,07,22,24,25,27,28,30,36,37,42,43,44,50,53,59,60,61,76,80
9/18/09,01,04,07,08,10,14,24,36,37,38,39,42,53,54,60,62,63,68,73,75
9/17/09,05,08,12,14,15,25,31,33,35,39,42,43,48,49,53,61,64,72,73,76
9/16/09,01,04,07,08,10,11,14,17,18,19,20,21,22,30,31,34,40,48,55,60
9/15/09,04,05,07,18,24,26,36,43,44,45,47,54,56,58,60,62,63,73,74,78
9/14/09,02,08,10,11,12,13,14,17,23,24,25,30,31,51,61,66,67,74,77,78
9/13/09,03,10,14,15,22,26,30,31,37,41,45,47,49,53,55,60,69,70,73,74
9/12/09,02,07,10,12,17,19,22,23,26,27,29,33,43,46,49,60,63,69,72,77
9/11/09,04,08,09,11,15,17,24,32,33,36,37,38,39,41,53,56,66,71,73,78
9/10/09,03,05,17,26,31,33,36,39,40,41,42,43,48,52,53,57,76,78,79,80
9/9/09,05,12,19,22,26,27,29,30,32,37,38,39,42,45,46,56,58,67,68,78
9/8/09,02,03,04,05,16,18,20,21,31,34,37,40,48,59,63,64,66,69,75,80
9/7/09,02,03,09,10,15,16,22,26,42,43,46,52,59,60,61,64,67,68,69,70
9/6/09,02,06,17,20,22,24,29,30,33,36,37,39,45,46,48,55,57,67,70,77
9/5/09,04,08,10,15,26,31,35,37,39,42,44,46,48,55,58,60,63,65,68,72
9/4/09,01,02,10,15,22,37,42,43,45,46,49,50,53,57,59,63,73,74,78,80
9/3/09,06,08,09,10,14,15,17,19,29,33,35,43,49,58,68,69,71,76,78,80
9/2/09,03,15,24,27,28,30,33,37,39,46,47,50,52,65,66,67,68,72,73,77
9/1/09,02,11,12,14,18,28,29,30,33,38,43,44,45,46,47,57,58,62,75,80
8/31/09,03,16,21,27,30,33,40,44,46,48,50,54,55,58,59,65,67,70,78,79
8/30/09,03,04,08,13,14,19,20,25,27,36,37,39,40,43,58,68,71,73,75,77
8/29/09,14,17,19,20,21,37,44,45,52,53,54,58,59,63,65,67,71,73,74,78
8/28/09,01,02,04,05,12,16,21,23,24,32,42,43,50,52,55,61,63,64,65,74
8/27/09,05,06,10,14,15,16,18,21,28,31,34,35,40,48,50,51,52,53,55,66
8/26/09,01,06,10,11,15,19,21,23,37,40,41,42,48,49,50,62,70,73,74,78
8/25/09,09,26,28,32,36,40,41,42,46,50,53,56,60,66,67,68,72,74,75,76
8/24/09,04,06,10,13,23,28,32,34,40,44,53,56,57,60,66,70,72,73,79,80
8/23/09,02,11,13,17,21,33,38,40,41,46,48,53,54,55,56,65,68,69,71,80
8/22/09,01,03,09,15,22,25,31,33,38,40,43,46,47,48,49,62,65,67,68,73
8/21/09,01,12,20,22,30,31,35,40,41,49,51,55,58,59,68,71,72,73,75,77
8/20/09,12,14,15,19,20,21,30,31,34,35,37,40,46,59,60,63,67,73,78,80
8/19/09,01,05,06,08,15,19,21,24,25,37,43,44,46,47,49,56,61,63,74,79
8/18/09,05,08,12,13,25,30,40,41,42,43,50,55,58,59,61,62,65,68,72,80
8/17/09,01,05,06,08,13,14,16,22,23,26,28,40,45,46,54,59,63,69,73,80
8/16/09,03,10,12,17,25,28,31,41,42,46,48,49,56,58,59,66,67,76,77,78
8/15/09,02,03,09,10,11,13,14,19,26,27,36,37,42,54,55,58,62,68,78,80
8/14/09,04,11,12,24,27,30,32,35,36,37,38,43,47,54,59,65,68,72,74,77
8/13/09,03,13,15,18,19,21,24,26,32,33,40,41,42,49,58,59,67,70,71,72
8/12/09,01,13,21,22,23,27,31,33,43,45,49,50,55,56,58,68,73,74,76,80
8/11/09,01,03,04,05,12,14,17,34,36,40,50,51,52,54,57,58,63,66,70,73
8/10/09,01,06,09,16,27,28,31,37,39,44,46,48,50,52,54,59,64,73,74,79
8/9/09,01,02,04,06,13,21,22,25,33,36,39,42,44,47,48,57,58,66,75,78
8/8/09,03,04,07,08,17,20,24,31,32,34,42,50,51,52,58,59,69,72,74,76
8/7/09,01,02,14,19,20,25,26,27,34,35,36,39,51,58,61,62,72,73,74,75
8/6/09,02,06,08,18,22,26,32,37,42,45,49,51,56,60,62,67,70,73,76,80
8/5/09,01,02,06,08,12,21,22,27,29,30,38,40,44,52,55,56,66,76,79,80
8/4/09,03,09,13,17,18,20,21,25,29,31,33,37,38,42,62,67,68,69,73,76
8/3/09,01,08,14,19,21,26,30,33,36,43,44,51,53,55,59,61,66,67,70,77
8/2/09,05,08,11,12,15,19,22,27,30,32,34,38,48,57,58,63,67,72,73,74
8/1/09,02,12,13,23,24,28,29,40,41,43,48,49,50,53,55,58,66,68,69,76
7/31/09,04,07,10,11,16,20,28,35,38,42,46,48,49,55,56,57,58,61,74,79
7/30/09,01,10,23,24,28,29,31,32,41,42,43,54,58,67,69,72,73,77,78,80
7/29/09,02,06,08,11,15,19,21,25,27,28,31,34,42,43,49,56,71,72,74,75
7/28/09,08,11,12,17,19,22,28,29,31,38,39,40,48,58,60,65,67,69,76,80
7/27/09,02,05,06,10,12,20,21,22,24,32,33,35,44,47,55,63,65,74,75,77
7/26/09,01,06,09,13,15,16,17,24,25,26,29,37,39,44,52,69,71,77,79,80
7/25/09,01,06,07,09,11,21,24,31,35,36,38,41,43,52,55,65,66,71,72,74
7/24/09,06,08,13,19,29,32,34,35,36,42,45,49,62,66,67,68,69,71,75,79
7/23/09,04,06,15,16,19,20,23,28,29,31,32,33,37,52,57,58,59,61,71,73
7/22/09,02,03,07,12,13,18,19,27,30,35,38,46,50,53,56,59,60,65,66,69
7/21/09,04,10,14,15,19,27,29,43,46,47,49,53,60,64,65,66,67,75,77,79
7/20/09,01,09,12,14,23,27,33,37,38,43,49,52,53,58,59,70,71,72,78,79
7/19/09,01,11,13,20,22,25,29,31,34,35,37,47,49,54,56,60,62,65,71,75
7/18/09,08,11,13,18,19,26,27,28,35,43,47,51,53,57,59,60,61,64,73,74
7/17/09,01,07,10,23,31,38,39,45,47,55,56,60,65,66,67,68,75,76,78,80
7/16/09,05,07,10,13,16,19,24,28,30,38,39,40,43,46,48,52,61,71,73,74
7/15/09,02,09,11,13,15,21,24,26,27,29,40,42,48,56,59,64,65,69,73,75
7/14/09,03,04,05,20,28,31,35,40,44,45,46,54,56,58,59,65,67,72,77,79
7/13/09,04,05,16,18,20,23,28,32,36,37,41,45,49,56,58,65,67,69,72,79
7/12/09,03,05,11,14,15,19,34,40,49,50,54,57,59,60,61,63,66,71,76,79
7/11/09,02,14,18,19,22,31,32,36,37,41,49,51,55,60,62,70,71,73,74,78
7/10/09,02,06,08,09,10,22,32,37,38,44,49,50,51,56,60,63,68,75,76,80
7/9/09,05,07,09,10,11,17,20,21,22,29,30,31,36,38,41,42,47,64,71,77
7/8/09,01,07,08,10,11,17,18,31,34,37,46,49,53,57,60,66,67,70,72,75
7/7/09,09,12,21,24,25,27,28,29,32,37,41,44,48,49,51,52,56,59,65,66
7/6/09,07,10,12,16,26,29,30,32,38,46,51,52,60,62,67,72,74,75,79,80
7/5/09,07,08,11,12,15,27,28,29,44,49,51,53,55,62,65,67,68,71,75,80
7/4/09,01,02,16,17,18,23,24,25,29,34,40,44,45,46,47,59,64,69,73,76
7/3/09,01,03,05,06,15,20,28,32,39,40,41,42,44,49,54,63,65,66,69,70
7/2/09,01,02,07,13,24,26,32,36,38,42,45,47,49,50,60,65,66,73,77,80
7/1/09,04,12,14,18,26,28,29,32,36,39,45,52,53,55,60,62,66,74,75,77
6/30/09,03,04,09,16,19,23,24,30,31,35,40,43,45,47,52,55,56,66,72,80
6/29/09,01,03,08,10,15,20,21,22,30,32,37,41,50,54,55,58,59,75,79,80
6/28/09,24,25,28,29,30,31,33,35,36,37,43,45,50,55,57,59,61,73,74,78
6/27/09,01,07,08,09,13,20,25,34,37,38,42,47,49,55,59,63,66,70,71,73
6/26/09,04,14,25,26,32,36,39,40,50,52,53,59,61,62,63,67,69,73,76,80
6/25/09,07,12,13,17,18,19,20,26,28,29,33,51,54,57,59,62,64,72,74,80
6/24/09,14,15,19,20,21,29,32,40,41,44,51,57,60,62,69,72,73,74,75,78
6/23/09,03,07,11,13,16,18,19,27,39,43,45,46,48,50,54,56,64,67,72,80
6/22/09,01,06,09,13,14,17,20,22,28,31,35,40,41,46,54,59,69,72,74,78
6/21/09,04,05,07,08,09,11,23,28,34,40,50,55,56,57,62,65,68,71,73,76
6/20/09,04,09,10,18,22,23,29,31,32,34,43,46,53,57,58,60,68,69,71,75
6/19/09,01,10,14,16,24,25,34,36,39,41,45,52,54,56,57,60,66,69,77,79
6/18/09,04,07,10,11,13,17,20,28,34,35,43,44,48,56,58,59,62,67,74,75
6/17/09,01,06,09,12,13,14,15,19,22,23,36,37,38,42,48,52,58,59,72,73
6/16/09,01,05,06,14,15,16,17,20,22,24,26,31,35,40,47,58,65,71,76,80
6/15/09,01,12,14,19,20,21,26,31,32,33,42,43,45,47,49,50,51,53,62,63
6/14/09,09,13,14,15,18,22,28,29,30,31,36,37,46,50,55,57,73,74,76,77
6/13/09,01,10,11,13,14,18,21,24,34,37,40,51,59,60,61,68,69,71,73,80
6/12/09,01,02,03,04,12,13,18,19,20,23,28,36,40,41,45,54,61,66,67,75
6/11/09,04,05,08,13,15,23,27,35,37,38,40,54,56,57,63,69,72,76,78,80
6/10/09,02,05,13,14,15,18,20,22,26,34,35,36,39,44,46,50,52,54,56,65
6/9/09,01,03,07,13,15,22,25,31,34,36,37,41,48,54,57,58,67,69,73,79
6/8/09,09,11,12,23,25,30,36,37,41,51,52,53,57,60,63,71,73,74,77,80
6/7/09,02,06,08,10,12,19,24,25,26,32,37,38,40,42,45,57,65,66,67,79
6/6/09,05,10,12,23,24,27,32,34,35,36,42,47,56,58,60,64,68,71,75,79
6/5/09,03,04,15,18,21,34,35,37,42,50,52,56,58,60,61,66,67,75,77,79
6/4/09,11,12,15,18,24,25,26,31,32,34,37,38,47,51,55,66,67,71,72,77
6/3/09,02,03,07,09,11,13,18,19,27,28,29,34,40,46,49,58,59,70,73,74
6/2/09,03,06,15,17,23,25,26,30,32,35,38,50,56,58,66,67,68,69,73,78
6/1/09,05,13,16,21,25,29,32,34,35,36,42,47,48,63,65,67,72,73,75,80
5/31/09,01,05,08,19,21,28,29,32,33,34,38,42,47,50,53,59,63,65,77,79
5/30/09,03,05,08,11,14,20,21,22,29,31,35,42,53,54,59,62,65,73,74,77
5/29/09,01,10,11,14,23,27,28,29,32,33,34,35,38,42,48,59,69,70,71,76
5/28/09,10,11,13,15,16,22,30,31,33,35,36,37,39,43,55,58,68,70,71,74
5/27/09,02,04,09,17,20,23,26,30,31,37,43,44,48,55,64,65,70,72,78,80
5/26/09,06,10,12,25,27,29,30,32,34,37,39,48,50,52,54,59,62,67,70,71
5/25/09,05,10,16,28,30,36,37,41,42,44,50,51,56,62,64,66,73,76,77,80
5/24/09,04,05,21,25,26,28,32,37,38,40,41,45,46,49,58,59,64,68,71,72
5/23/09,05,06,10,22,29,35,38,42,43,46,49,51,60,64,67,69,75,76,78,80
5/22/09,01,11,13,14,15,32,35,37,38,44,49,54,64,65,68,71,73,74,78,79
5/21/09,05,06,07,15,18,24,25,28,29,35,37,39,47,50,53,55,58,60,62,70
5/20/09,03,10,16,17,18,24,27,30,33,42,44,49,51,56,58,64,70,75,79,80
5/19/09,01,04,17,18,20,30,35,36,40,46,51,55,56,59,65,67,69,71,76,80
5/18/09,04,05,11,19,20,21,22,23,28,31,33,36,40,41,47,51,55,66,75,80
5/17/09,07,08,14,23,30,32,33,36,39,41,47,48,49,50,54,63,65,66,74,75
5/16/09,01,05,19,26,29,31,32,37,41,42,43,51,52,59,63,65,69,72,73,78
5/15/09,01,04,06,08,09,14,21,31,32,37,42,44,46,49,50,53,62,65,74,79
5/14/09,02,03,17,20,21,22,26,27,29,32,38,39,46,48,49,57,59,60,71,80
5/13/09,01,05,09,12,13,15,18,28,29,30,41,47,52,53,59,61,70,77,78,79
5/12/09,02,03,04,08,12,14,22,24,26,37,38,39,41,52,56,67,69,74,75,78
5/11/09,05,06,11,14,17,23,29,31,32,41,44,51,54,55,58,60,67,74,78,79
5/10/09,09,12,18,24,25,32,35,43,53,55,56,58,62,64,69,73,74,75,77,80
5/9/09,02,15,16,22,25,27,31,48,53,55,60,62,65,67,68,70,71,72,73,77
5/8/09,14,15,22,25,27,28,31,32,35,42,50,52,55,58,59,69,73,74,77,80
5/7/09,06,07,10,13,14,21,22,41,46,47,50,53,54,66,72,73,74,75,79,80
5/6/09,06,15,17,18,19,20,21,25,27,29,33,38,40,42,50,62,66,67,79,80
5/5/09,01,02,13,16,23,24,29,30,36,38,41,46,48,51,55,56,60,69,70,71
5/4/09,06,18,19,24,25,28,30,32,33,34,37,38,44,51,56,60,62,66,70,71
5/3/09,13,17,18,20,23,25,26,29,33,37,40,46,57,66,69,70,72,73,74,80
5/2/09,01,03,06,11,13,15,17,18,20,26,30,43,54,61,68,71,74,75,76,77
5/1/09,02,03,07,14,15,18,23,26,29,30,36,38,40,45,49,50,64,68,69,75
4/30/09,01,02,17,18,19,24,27,30,31,40,42,43,44,45,49,52,58,62,63,65
4/29/09,05,09,10,12,15,16,19,22,35,36,39,41,42,48,52,58,61,62,78,80
4/28/09,09,15,28,29,33,34,35,42,44,45,46,49,58,61,69,72,73,74,75,76
4/27/09,06,08,10,14,23,26,29,34,35,42,46,49,50,51,52,53,56,57,78,80
4/26/09,04,05,07,09,15,16,20,24,25,29,34,37,41,45,54,57,69,75,76,78
4/25/09,05,12,14,17,18,19,20,21,25,29,33,36,38,40,42,45,57,64,77,79
4/24/09,03,08,12,21,30,33,34,36,37,45,46,47,57,58,63,67,68,73,78,80
4/23/09,06,17,19,21,30,36,37,43,44,46,57,60,64,65,66,67,68,72,73,80
4/22/09,04,05,08,09,10,26,30,35,42,44,45,58,59,60,63,65,66,69,78,79
4/21/09,02,03,06,13,14,15,16,19,22,25,26,27,37,41,44,51,53,61,67,79
4/20/09,03,04,11,13,21,28,37,39,40,43,44,48,50,56,59,61,62,69,76,79
4/19/09,05,07,14,17,18,27,28,31,37,39,47,48,56,64,68,72,76,78,79,80
4/18/09,07,08,09,11,14,15,22,23,24,27,32,37,41,51,52,54,57,64,69,79
4/17/09,04,05,06,07,10,11,13,14,15,21,32,44,52,54,55,57,59,63,75,79
4/16/09,03,06,07,10,25,28,31,34,39,42,44,45,46,47,49,54,57,76,77,80
4/15/09,01,02,05,08,17,19,28,29,30,38,41,44,48,59,61,62,66,67,68,71
4/14/09,03,13,19,29,32,37,39,46,47,48,53,54,55,57,61,64,69,71,73,79
4/13/09,01,12,13,17,18,20,25,29,30,39,40,41,45,50,57,69,72,73,74,79
4/12/09,04,06,15,21,27,34,36,40,45,50,51,53,56,61,65,67,70,72,73,77
4/11/09,03,06,09,10,14,19,22,23,29,32,38,43,47,50,51,54,68,72,78,80
4/10/09,02,03,16,17,19,20,27,28,32,39,41,49,55,56,58,60,63,67,74,79
4/9/09,03,12,13,16,25,29,32,33,35,37,38,42,48,54,55,60,62,64,72,78
4/8/09,05,11,13,20,30,31,37,38,39,41,44,45,46,50,52,60,63,64,66,71
4/7/09,01,11,15,16,26,28,29,30,33,34,42,44,47,49,51,57,61,62,66,76
4/6/09,05,06,15,21,27,33,35,42,44,46,50,55,57,60,61,64,67,68,71,78
4/5/09,04,08,10,12,22,25,30,31,34,44,50,52,55,56,58,61,65,68,78,80
4/4/09,04,05,10,14,24,28,30,31,35,37,46,48,55,62,63,64,66,74,78,80
4/3/09,03,05,10,12,14,18,19,20,21,24,25,39,43,52,69,72,73,76,78,80
4/2/09,08,10,13,14,25,27,31,33,35,38,42,48,52,56,57,59,68,73,77,78
4/1/09,05,10,14,16,18,29,33,40,42,45,53,54,56,60,66,68,70,72,76,78
3/31/09,08,13,16,17,28,32,40,41,42,44,45,53,56,57,58,59,60,61,66,73
3/30/09,02,03,06,12,13,14,17,20,21,24,25,33,39,40,45,47,56,71,74,80
3/29/09,03,11,14,17,29,39,40,49,56,60,65,66,67,69,70,71,72,73,74,76
3/28/09,04,05,16,18,24,25,33,34,36,45,51,52,54,55,67,71,74,75,77,80
3/27/09,02,09,13,15,18,20,24,26,32,34,39,40,46,52,55,56,63,70,76,78
3/26/09,10,11,17,20,21,27,31,32,44,45,49,50,55,56,57,61,62,64,70,71
3/25/09,04,06,07,08,11,13,15,17,19,21,37,42,51,55,56,59,63,65,69,75
3/24/09,10,11,12,13,14,21,26,27,30,45,47,48,49,60,62,65,67,71,76,78
3/23/09,04,05,07,17,23,24,40,41,48,50,51,53,55,57,59,63,75,77,79,80
3/22/09,01,04,11,12,18,19,26,27,31,33,35,37,40,43,54,57,70,76,77,80
3/21/09,05,08,11,19,25,28,31,33,35,41,42,44,50,52,58,62,68,71,74,76
3/20/09,04,16,20,22,24,25,28,30,31,37,40,45,48,49,53,64,66,71,74,79
3/19/09,04,14,19,23,25,26,28,35,36,37,38,43,48,49,55,56,61,62,68,74
3/18/09,03,07,16,17,20,21,25,27,32,33,36,44,56,65,66,71,72,73,74,79
3/17/09,07,08,20,25,29,31,32,42,43,51,52,54,55,59,62,63,69,73,77,79
3/16/09,09,10,13,20,21,22,37,43,44,49,55,56,60,62,64,65,71,73,75,78
3/15/09,03,05,07,09,13,16,17,22,27,35,38,39,43,45,48,51,59,68,69,75
3/14/09,02,12,13,15,18,29,32,39,42,51,52,57,58,61,62,63,65,66,69,74
3/13/09,01,03,04,07,09,14,16,21,33,37,38,43,45,51,52,57,58,59,70,73
3/12/09,02,04,09,10,15,19,23,32,47,49,51,54,58,62,63,66,71,72,73,76
3/11/09,01,02,05,28,35,37,38,42,43,44,46,50,58,59,64,66,70,71,76,77
3/10/09,03,06,13,17,18,23,25,27,41,44,45,50,52,53,58,60,67,73,75,77
3/9/09,03,17,19,22,28,33,36,37,42,46,48,50,54,58,60,61,64,65,66,67
3/8/09,03,07,09,11,15,17,19,20,22,23,33,36,43,44,45,47,51,64,68,78
3/7/09,01,02,04,08,09,11,12,22,24,36,40,42,43,46,49,56,59,62,66,73
3/6/09,03,09,12,13,24,25,29,30,37,38,39,42,47,49,60,66,72,74,77,80
3/5/09,02,05,06,07,08,09,11,13,16,20,29,39,42,55,57,60,65,68,74,77
3/4/09,02,07,09,17,18,29,33,36,39,42,43,48,53,57,59,60,62,64,72,73
3/3/09,05,07,10,13,18,24,25,39,41,44,45,57,58,59,61,63,71,72,73,80
3/2/09,03,16,23,27,31,37,42,43,46,48,52,54,58,61,63,64,66,67,76,79
3/1/09,01,04,10,12,16,17,25,27,30,43,45,46,47,48,53,57,60,63,67,79
2/28/09,03,07,11,12,14,21,25,35,37,39,41,42,50,52,54,68,70,73,74,80
2/27/09,04,06,11,13,16,17,24,25,27,28,29,41,47,57,59,63,67,73,74,79
2/26/09,01,03,05,06,11,12,17,22,26,32,41,49,50,57,58,59,64,69,70,75
2/25/09,02,08,10,15,18,20,25,33,35,38,42,44,46,51,57,59,61,66,68,79
2/24/09,06,10,11,14,16,19,22,34,38,41,43,49,50,59,65,68,69,70,76,78
2/23/09,01,02,05,08,13,21,22,23,26,32,35,37,43,45,62,63,70,71,77,79
2/22/09,04,15,17,18,29,31,34,35,41,43,45,48,49,52,57,59,60,64,71,75
2/21/09,02,06,10,15,24,27,29,32,36,37,39,49,50,54,55,66,73,74,75,80
2/20/09,03,09,16,17,23,25,27,29,32,38,40,51,52,54,56,58,59,63,78,79
2/19/09,02,05,18,22,25,30,31,33,38,46,52,54,55,60,62,65,69,70,74,79
2/18/09,03,16,19,22,24,35,36,37,40,41,49,52,55,57,58,62,64,67,75,77
2/17/09,06,07,08,09,16,17,21,26,36,37,38,45,51,55,57,64,69,70,71,79
2/16/09,02,05,14,15,19,21,23,24,44,48,49,53,54,55,59,62,71,72,79,80
2/15/09,01,03,11,14,15,18,19,21,26,31,32,34,37,43,60,61,65,68,70,80
2/14/09,01,02,03,18,23,30,32,33,36,37,40,46,48,55,62,69,70,71,74,76
2/13/09,05,08,10,11,12,14,26,30,31,46,50,54,59,60,62,63,64,67,77,78
2/12/09,14,15,16,24,26,35,37,40,41,47,54,56,58,62,64,68,69,73,75,79
2/11/09,03,07,12,14,16,17,18,22,23,30,31,33,44,52,57,58,60,65,67,71
2/10/09,01,10,12,14,15,18,25,26,27,38,39,46,52,54,59,63,64,65,66,77
2/9/09,01,13,14,17,24,26,29,32,35,38,43,46,48,50,54,63,67,73,79,80
2/8/09,02,06,12,14,23,24,34,38,42,47,53,54,58,67,69,70,71,73,76,80
2/7/09,02,09,14,17,18,23,28,31,32,36,38,42,49,50,55,58,61,62,65,77
2/6/09,01,03,04,05,09,11,23,24,26,27,31,34,35,41,49,64,65,70,73,74
2/5/09,03,10,11,20,27,32,33,36,38,40,41,42,44,45,51,57,59,61,66,78
2/4/09,01,02,03,05,14,21,33,39,45,47,49,53,54,65,66,69,74,75,76,80
2/3/09,02,05,16,18,25,26,29,31,36,37,39,42,45,50,52,54,66,67,78,80
2/2/09,03,10,15,21,23,29,36,37,38,41,45,48,55,57,59,62,67,68,72,77
2/1/09,01,08,15,17,22,24,27,30,38,39,48,50,53,57,61,68,71,76,78,80
1/31/09,04,06,08,19,25,27,30,31,32,34,38,44,45,49,51,58,59,65,73,78
1/30/09,01,02,03,10,15,19,20,25,31,47,52,56,59,60,63,68,71,72,74,79
1/29/09,06,07,23,28,29,34,42,45,47,51,53,55,57,60,61,66,67,72,73,77
1/28/09,04,08,17,19,24,25,33,35,38,43,44,46,47,49,51,54,66,74,76,79
1/27/09,06,10,13,14,20,23,28,34,40,41,42,48,54,57,67,73,77,78,79,80
1/26/09,02,04,05,06,13,19,21,28,36,46,49,56,60,61,65,66,69,70,72,78
1/25/09,02,04,19,28,32,36,37,41,43,48,50,52,57,62,63,67,72,73,76,80
1/24/09,04,14,16,24,28,31,33,39,40,44,46,47,49,51,58,60,66,67,71,78
1/23/09,05,12,15,17,24,27,28,34,39,42,44,45,55,56,58,61,62,64,69,72
1/22/09,03,10,17,18,20,22,24,33,40,42,51,52,54,61,64,67,69,73,78,80
1/21/09,05,07,16,19,21,25,27,30,31,39,41,48,52,54,55,63,65,73,74,80
1/20/09,06,09,14,16,19,21,22,29,30,32,43,51,53,56,61,62,68,75,77,80
1/19/09,02,03,05,14,18,22,24,27,29,30,31,34,35,38,47,57,60,68,71,73
1/18/09,03,13,15,22,26,27,31,34,38,39,43,51,52,54,56,57,63,64,68,78
1/17/09,07,08,14,15,17,27,29,34,45,48,52,62,66,68,69,70,72,75,76,79
1/16/09,03,04,15,18,19,21,22,26,37,38,42,48,54,55,56,58,69,71,72,74
1/15/09,09,11,13,14,15,18,25,35,36,39,43,47,49,51,53,54,56,61,76,79
1/14/09,01,03,06,10,15,17,27,33,35,40,41,48,55,57,58,62,64,66,68,72
1/13/09,04,07,12,17,19,21,32,34,46,47,48,54,64,65,67,70,75,77,79,80
1/12/09,05,13,17,22,26,27,31,33,34,35,38,40,41,46,53,54,63,68,71,73
1/11/09,01,03,13,15,19,21,26,34,40,41,51,54,58,59,61,63,69,70,74,79
1/10/09,02,07,08,10,15,17,19,24,33,40,41,45,47,52,56,57,62,67,68,69
1/9/09,01,09,11,24,33,42,43,44,49,50,51,57,58,59,62,64,72,73,79,80
1/8/09,07,08,10,11,12,13,16,17,23,24,25,26,28,33,37,49,72,76,77,78
1/7/09,04,07,11,19,24,27,28,30,31,37,38,48,50,55,57,59,63,69,76,78
1/6/09,03,04,10,19,20,24,28,30,42,44,46,49,52,59,64,65,66,67,68,74
1/5/09,04,05,08,09,10,15,16,23,24,26,27,29,47,48,54,57,60,68,70,80
1/4/09,03,08,11,17,19,23,27,35,44,45,48,56,57,60,64,72,73,74,75,78
1/3/09,04,11,12,21,22,24,25,26,28,32,34,52,54,55,56,57,62,69,71,74
1/2/09,02,14,21,24,25,27,28,29,32,37,38,39,50,54,57,58,62,75,77,80
1/1/09,08,10,12,13,19,22,34,35,37,50,52,59,61,63,66,75,76,77,79,80
12/31/08,01,07,12,13,14,20,26,32,34,42,44,45,50,59,64,65,70,76,77,79
12/30/08,05,06,10,14,20,22,25,27,28,29,32,40,48,53,54,59,60,64,68,69
12/29/08,01,02,06,12,13,23,28,29,33,34,35,37,40,42,55,56,61,64,68,70
12/28/08,03,05,06,15,19,21,25,26,32,35,48,51,52,56,58,59,63,64,70,71
12/27/08,04,05,07,11,12,17,19,23,25,31,37,38,39,41,44,60,64,73,74,78
12/26/08,06,08,11,17,18,23,25,33,34,35,36,45,47,48,49,52,54,73,74,76
12/24/08,02,06,07,11,17,20,26,28,30,31,38,45,49,57,68,70,72,75,76,78
12/23/08,03,07,08,16,18,23,28,29,30,32,39,44,48,49,55,67,69,73,77,80
12/22/08,01,02,05,13,17,25,26,31,33,42,46,49,56,58,63,65,68,74,76,78
12/21/08,04,05,06,11,18,20,21,22,23,31,32,33,37,38,39,41,52,60,64,72
12/20/08,03,10,16,17,21,22,25,29,36,38,40,45,47,48,49,51,52,54,67,72
12/19/08,04,10,11,12,20,22,24,25,32,35,40,41,58,59,60,65,67,70,78,79
12/18/08,11,16,21,26,28,34,37,42,43,47,52,54,55,62,64,65,66,68,73,74
12/17/08,05,13,16,17,18,21,22,27,28,33,34,36,47,48,57,63,64,72,76,79
12/16/08,01,05,08,09,11,13,14,17,19,21,22,27,30,39,43,47,52,65,77,79
12/15/08,07,16,19,21,23,34,35,50,52,55,57,59,61,62,63,64,65,72,76,80
12/14/08,02,05,08,10,14,24,28,35,36,43,50,51,54,58,60,67,69,72,74,78
12/13/08,02,10,12,14,26,29,33,35,37,46,47,49,52,55,56,63,66,71,72,76
12/12/08,02,04,07,12,16,17,32,37,40,45,48,54,55,56,57,66,75,76,79,80
12/11/08,03,14,16,17,21,22,23,31,34,40,49,54,55,59,62,67,73,74,75,77
12/10/08,08,09,10,13,16,18,21,25,28,41,48,56,59,62,65,66,70,72,78,80
12/9/08,08,09,10,15,21,23,27,28,30,34,38,42,43,53,62,63,65,70,72,77
12/8/08,03,07,09,12,24,26,27,36,37,41,42,43,48,50,52,57,58,61,67,71
12/7/08,03,06,07,20,28,34,39,42,43,45,47,48,51,52,57,58,59,61,62,77
12/6/08,04,15,18,20,30,40,42,43,44,45,47,51,53,55,56,57,65,72,73,75
12/5/08,02,04,06,07,08,10,11,22,24,26,34,35,36,40,52,53,59,67,68,78
12/4/08,01,02,03,07,13,14,17,25,26,30,35,37,40,49,55,68,71,72,75,77
12/3/08,01,10,31,34,35,37,38,39,42,43,44,45,47,49,54,56,66,69,72,73
12/2/08,05,06,10,19,21,23,30,34,45,46,47,49,51,54,56,59,66,73,74,77
12/1/08,02,06,07,15,20,21,23,25,26,33,54,60,61,62,63,64,70,71,72,75
11/30/08,03,04,07,12,15,16,20,24,26,28,35,39,44,47,51,54,58,61,63,79
11/29/08,07,13,24,29,33,34,36,37,46,48,49,53,57,59,62,63,69,73,77,80
11/28/08,02,03,04,06,14,15,21,25,26,39,41,44,51,53,59,68,70,71,73,79
11/27/08,05,06,08,12,18,20,22,24,26,28,31,33,39,40,41,53,60,64,76,78
11/26/08,01,02,05,07,11,14,18,19,22,26,34,35,38,41,51,65,72,73,79,80
11/25/08,02,04,11,13,15,16,20,23,24,29,31,42,46,54,58,66,67,72,74,79
11/24/08,03,08,13,19,22,23,26,29,30,33,36,40,44,46,55,64,70,73,77,80
11/23/08,01,02,04,06,13,17,21,24,29,30,33,36,42,43,45,47,55,56,58,61
11/22/08,04,14,22,26,29,31,32,33,35,37,40,47,49,50,59,63,64,69,75,77
11/21/08,12,13,17,21,23,29,32,45,47,48,57,63,65,67,69,70,71,74,76,77
11/20/08,02,05,08,23,24,26,28,37,41,45,47,49,51,52,54,55,66,70,77,80
11/19/08,05,06,16,17,19,20,21,31,34,36,43,45,48,49,54,56,59,70,76,80
11/18/08,03,07,08,10,11,12,14,15,20,29,34,43,44,45,57,60,62,73,76,78
11/17/08,02,04,06,08,13,14,15,21,33,38,39,45,48,50,51,61,65,67,68,75
11/16/08,04,09,16,17,23,33,44,47,49,54,58,59,60,62,65,66,69,71,77,80
11/15/08,05,08,09,20,23,25,26,27,28,33,46,50,53,55,56,57,60,61,65,66
11/14/08,07,08,11,13,18,20,26,29,34,35,45,53,54,55,57,62,65,67,70,79
11/13/08,02,03,06,07,09,11,21,22,23,26,30,32,37,40,43,48,49,70,71,78
11/12/08,01,04,05,08,20,23,30,31,35,40,44,46,51,52,55,56,64,68,73,78
11/11/08,03,09,10,14,23,24,26,27,31,34,45,50,51,52,62,63,64,66,75,76
11/10/08,01,03,05,06,11,17,22,23,26,32,50,51,53,54,55,56,63,69,72,80
11/9/08,02,06,09,10,13,15,19,20,27,34,41,43,48,52,55,59,60,65,69,79
11/8/08,05,12,14,17,18,23,26,30,36,40,47,49,55,57,61,63,70,72,74,79
11/7/08,03,10,12,14,20,24,26,27,30,32,37,38,39,41,42,44,55,72,79,80
11/6/08,02,04,06,14,15,16,20,34,37,39,46,52,55,56,57,60,67,69,71,76
11/5/08,02,04,07,09,12,24,28,32,36,42,47,48,55,57,58,59,66,69,74,79
11/4/08,06,12,16,17,22,29,32,33,38,45,55,56,63,67,70,71,73,74,76,78
11/3/08,05,06,09,12,14,20,22,23,26,28,37,51,57,59,60,66,73,77,78,80
11/2/08,01,03,09,11,12,19,20,24,26,29,41,42,50,52,55,58,59,64,69,80
11/1/08,11,17,25,33,36,38,39,46,53,55,59,61,64,65,66,69,71,74,75,76
10/31/08,01,03,04,05,21,22,25,32,33,38,43,50,52,57,60,61,69,73,74,80
10/30/08,04,07,11,13,16,22,30,36,37,43,50,51,52,54,58,59,66,68,72,80
10/29/08,07,12,14,18,19,21,23,28,34,36,49,50,53,55,58,65,66,69,77,80
10/28/08,01,03,06,08,18,19,25,26,27,28,35,36,41,52,54,58,59,69,70,71
10/27/08,01,04,06,10,22,30,32,33,34,39,42,44,45,47,49,66,75,77,79,80
10/26/08,03,09,20,24,25,27,28,31,32,35,39,52,57,58,63,66,70,73,75,78
10/25/08,11,15,21,24,28,29,31,34,38,39,42,43,55,58,61,64,74,75,79,80
10/24/08,01,02,07,12,13,15,19,21,30,32,40,47,52,55,56,59,62,63,73,79
10/23/08,07,09,14,15,21,23,40,42,52,53,54,57,58,60,62,67,70,71,75,76
10/22/08,02,07,09,11,13,14,27,29,42,44,45,53,55,59,60,65,73,76,78,80
10/21/08,04,05,07,14,21,22,29,33,37,38,39,40,43,51,53,54,56,59,70,75
10/20/08,10,11,13,17,18,19,22,25,34,40,41,48,52,53,59,66,69,75,76,77
10/19/08,01,06,10,14,22,24,26,32,33,42,43,45,47,57,58,63,73,74,75,78
10/18/08,02,03,04,06,11,20,31,33,38,46,50,52,53,61,63,66,68,69,71,76
10/17/08,01,07,16,18,20,22,25,30,33,34,38,40,43,49,52,59,68,69,74,75
10/16/08,02,06,09,14,15,16,24,27,28,29,31,37,40,47,48,50,53,62,68,73
10/15/08,03,10,14,27,29,30,34,37,43,45,52,59,61,67,68,69,71,72,73,78
10/14/08,05,08,14,19,23,25,27,28,29,32,34,44,45,51,56,60,61,67,73,79
10/13/08,03,04,07,09,10,22,29,30,42,46,49,54,56,59,62,67,69,76,79,80
10/12/08,03,12,13,16,23,25,26,31,33,36,39,54,58,60,61,63,68,73,75,76
10/11/08,03,05,06,07,08,09,11,13,30,37,40,41,47,55,58,67,71,75,77,80
10/10/08,02,05,19,21,22,29,39,40,44,50,57,60,64,67,69,70,75,77,79,80
10/9/08,01,06,11,27,29,31,34,36,40,42,43,46,51,57,60,63,64,65,70,75
10/8/08,01,03,05,10,19,25,28,30,33,36,46,48,50,53,55,56,61,64,74,78
10/7/08,02,04,06,15,24,33,34,36,37,39,40,45,46,48,58,59,62,64,78,79
10/6/08,06,07,09,10,15,16,18,33,34,36,39,42,45,49,51,62,63,69,70,79
10/5/08,03,04,09,12,14,15,16,17,36,39,40,43,45,47,54,55,57,60,66,77
10/4/08,02,07,08,17,18,20,23,24,25,26,39,47,49,52,54,55,57,63,65,72
10/3/08,06,12,13,14,15,17,19,22,29,31,38,39,40,47,51,55,59,63,67,75
10/2/08,05,08,10,12,16,18,30,34,35,38,40,44,46,55,56,57,58,63,69,75
10/1/08,02,06,08,11,13,18,20,24,28,41,42,43,46,47,60,63,68,74,76,78
9/30/08,07,10,17,29,32,36,44,45,47,54,58,59,60,63,69,71,72,75,78,79
9/29/08,03,10,14,15,16,19,21,26,35,37,51,53,54,55,59,62,64,65,75,80
9/28/08,05,06,13,16,20,25,33,35,42,45,46,47,51,55,58,60,69,73,75,78
9/27/08,03,04,10,11,15,21,31,32,34,36,42,43,45,46,52,55,57,58,59,64
9/26/08,01,03,07,12,17,23,33,35,37,39,44,45,53,55,64,67,71,76,79,80
9/25/08,01,07,08,09,10,13,17,20,25,39,46,47,55,59,62,67,69,70,75,80
9/24/08,01,05,09,10,11,18,24,25,29,36,38,40,45,48,50,61,67,68,76,80
9/23/08,08,14,23,38,44,47,48,51,53,55,57,59,61,62,63,65,66,67,69,80
9/22/08,07,08,09,15,19,26,29,33,48,49,50,51,52,57,58,59,69,70,73,75
9/21/08,09,18,30,33,36,39,41,43,45,47,48,50,56,63,65,66,70,75,76,78
9/20/08,02,13,15,19,21,22,25,26,29,33,41,53,54,56,63,64,66,71,78,80
9/19/08,05,13,17,18,19,24,26,34,35,39,45,46,47,56,59,60,66,71,73,76
9/18/08,07,10,12,14,19,21,22,23,28,44,46,52,59,62,64,65,66,70,71,77
9/17/08,02,05,07,17,18,23,29,33,34,36,39,40,42,52,53,56,63,67,71,72
9/16/08,01,03,04,10,12,16,20,29,32,34,40,44,54,56,58,60,64,68,71,79
9/15/08,14,20,24,26,27,30,35,37,40,45,49,50,53,57,60,62,64,69,75,78
9/14/08,05,09,20,22,23,29,33,37,40,43,46,48,49,54,56,57,62,63,64,66
9/13/08,02,03,05,12,14,22,24,25,30,32,35,38,43,45,49,55,59,61,68,70
9/12/08,02,08,09,10,12,19,22,23,25,33,34,35,37,44,50,51,56,60,67,69
9/11/08,01,05,08,13,14,18,25,26,35,36,38,53,54,59,65,69,75,77,79,80
9/10/08,03,06,15,16,24,33,42,43,46,57,58,59,66,67,68,70,73,78,79,80
9/9/08,04,12,20,21,22,26,30,31,32,33,35,38,43,46,49,53,64,66,73,80
9/8/08,06,07,09,16,17,19,25,28,30,31,34,35,37,40,43,54,58,61,63,80
9/7/08,03,08,13,16,18,19,24,28,29,31,34,40,41,46,53,65,69,71,73,80
9/6/08,03,09,11,14,15,21,23,24,26,30,38,41,43,47,52,62,63,67,72,76
9/5/08,05,13,24,26,30,34,41,46,48,50,52,59,67,69,74,75,76,77,78,80
9/4/08,07,12,17,19,23,26,37,40,41,44,46,52,53,56,57,58,64,67,70,73
9/3/08,03,05,10,11,14,17,23,24,28,29,42,46,53,56,61,64,66,69,72,73
9/2/08,05,08,16,22,25,26,28,32,37,46,47,49,50,51,53,56,59,61,69,74
9/1/08,06,07,12,13,19,20,30,32,44,49,51,52,54,60,61,69,76,77,78,80
8/31/08,04,20,21,23,24,30,31,40,42,43,44,45,48,53,69,70,74,76,78,79
8/30/08,11,12,13,14,16,17,18,19,23,32,34,38,48,49,52,58,63,69,75,78
8/29/08,05,06,08,09,10,14,16,32,33,34,38,47,50,62,66,67,70,72,73,80
8/28/08,03,05,18,19,21,29,31,33,34,38,45,48,51,52,57,59,61,62,71,72
8/27/08,01,02,05,10,12,15,18,34,38,45,47,49,51,56,60,61,69,72,73,80
8/26/08,01,06,07,10,19,28,33,34,38,45,47,52,54,56,64,66,67,68,72,78
8/25/08,03,04,05,11,17,18,23,30,35,36,41,43,46,51,54,68,74,77,79,80
8/24/08,05,06,09,12,13,15,23,24,30,35,36,37,44,46,55,56,58,60,66,72
8/23/08,02,05,08,09,22,25,28,30,38,39,41,45,48,58,59,64,68,73,75,77
8/22/08,12,13,15,17,18,19,27,31,32,34,45,47,53,60,62,66,69,72,75,80
8/21/08,08,13,15,17,27,30,36,39,46,48,49,51,54,60,61,65,69,70,73,76
8/20/08,03,06,31,39,41,49,52,54,55,56,57,59,66,67,71,72,74,75,77,80
8/19/08,02,06,09,13,15,16,18,21,32,37,44,50,51,52,57,58,65,67,74,80
8/18/08,02,10,18,26,27,29,31,33,38,40,42,45,48,49,52,59,65,69,70,74
8/17/08,04,06,09,10,18,20,21,22,27,28,35,38,40,45,46,57,58,60,61,65
8/16/08,17,20,21,22,26,27,28,33,37,48,50,51,55,59,61,67,70,71,74,78
8/15/08,08,14,15,19,21,26,27,28,31,36,43,46,48,49,51,53,65,69,76,77
8/14/08,03,04,06,07,10,13,14,15,19,33,34,37,38,40,42,59,67,69,79,80
8/13/08,01,03,05,07,09,18,22,23,25,30,34,40,50,56,57,58,65,68,74,76
8/12/08,01,14,19,20,22,25,28,29,30,35,36,42,48,51,53,54,61,72,79,80
8/11/08,01,09,11,18,19,20,21,24,27,28,33,44,49,51,58,59,65,66,69,73
8/10/08,03,04,05,06,11,17,18,20,26,27,34,36,38,45,48,49,59,67,69,76
8/9/08,05,08,09,12,13,15,17,20,21,22,23,38,44,51,57,60,66,67,72,79
8/8/08,01,03,05,11,15,18,26,29,38,41,50,54,57,60,63,67,69,71,78,79
8/7/08,05,12,18,21,25,30,32,34,38,41,45,50,55,57,60,63,71,76,79,80
8/6/08,04,05,11,12,17,18,22,24,28,30,35,36,37,40,42,44,53,56,74,79
8/5/08,01,06,09,15,16,38,42,44,45,47,49,50,54,61,71,73,74,75,76,80
8/4/08,02,03,11,24,25,26,27,33,37,38,40,44,45,47,59,62,64,66,78,79
8/3/08,07,13,14,19,20,24,27,37,39,46,49,56,59,62,70,71,75,76,77,79
8/2/08,03,05,08,16,25,28,31,40,41,45,48,57,58,62,68,70,72,73,74,80
8/1/08,01,04,19,22,25,30,31,34,39,44,49,51,59,66,67,68,70,76,77,78
7/31/08,03,05,10,21,22,26,30,36,39,46,47,51,54,59,63,64,66,67,73,76
7/30/08,05,09,10,15,18,23,26,33,42,44,46,51,54,57,64,67,73,78,79,80
7/29/08,01,07,15,19,26,27,32,33,36,37,45,46,52,55,58,67,72,75,77,80
7/28/08,01,02,05,06,09,10,23,24,29,36,38,42,53,56,57,58,60,61,65,70
7/27/08,03,11,16,17,19,30,31,33,35,36,37,40,41,42,47,59,61,64,77,78
7/26/08,06,12,14,16,19,23,27,31,32,42,43,49,50,52,54,58,62,63,72,76
7/25/08,02,07,09,24,25,26,28,30,31,34,40,44,52,56,57,59,64,74,75,78
7/24/08,01,11,13,19,20,26,28,35,38,45,49,50,54,55,63,67,68,69,72,75
7/23/08,06,07,25,28,32,36,37,38,40,42,46,55,56,57,59,62,64,71,72,79
7/22/08,03,04,05,06,07,08,10,14,17,21,27,30,31,35,39,49,51,57,69,74
7/21/08,05,08,19,21,22,29,32,39,40,43,46,47,53,59,62,69,74,76,78,79
7/20/08,04,08,31,35,36,38,39,40,41,42,43,44,45,46,49,50,54,60,72,80
7/19/08,05,06,08,09,10,19,20,26,28,31,35,42,45,49,50,56,58,66,71,77
7/18/08,02,08,12,20,22,27,29,35,38,39,49,51,54,58,62,66,72,76,78,79
7/17/08,01,04,07,10,13,15,21,30,31,34,54,57,60,62,63,64,66,68,70,79
7/16/08,01,05,12,14,15,25,26,31,36,39,40,54,60,62,66,68,70,71,72,80
7/15/08,03,04,07,08,10,19,24,28,29,30,37,40,44,51,55,56,57,59,65,74
7/14/08,04,08,09,15,17,19,21,30,38,42,48,52,56,57,61,63,68,71,77,80
7/13/08,01,06,10,12,15,16,17,24,26,31,42,53,54,63,65,66,69,74,76,80
7/12/08,09,11,13,14,18,19,21,23,33,34,36,39,40,46,48,58,59,68,79,80
7/11/08,02,03,10,12,24,25,33,35,38,41,47,50,54,57,58,70,71,72,78,79
7/10/08,03,07,10,12,13,14,27,30,37,38,39,40,45,48,51,52,62,68,72,76
7/9/08,02,05,10,12,16,22,30,31,35,38,49,51,52,54,60,65,66,76,77,80
7/8/08,01,05,07,09,15,20,23,25,26,27,29,32,34,39,41,50,51,52,54,71
7/7/08,04,10,20,21,23,24,29,36,38,39,47,49,50,52,55,62,74,76,77,78
7/6/08,09,12,25,26,32,34,38,39,45,47,51,57,62,63,66,67,71,72,76,79
7/5/08,07,15,17,19,23,24,30,46,48,53,54,55,56,59,60,67,69,72,75,77
7/4/08,01,02,17,21,22,30,32,36,37,38,44,48,57,62,63,64,70,75,76,79
7/3/08,05,11,14,24,25,31,34,39,43,47,50,52,54,64,66,72,73,75,77,79
7/2/08,05,06,07,09,10,11,16,18,22,27,30,34,45,52,56,58,64,72,76,77
7/1/08,02,05,08,11,14,25,27,30,35,37,38,40,47,48,57,58,63,64,69,73
6/30/08,08,09,21,24,25,26,29,33,34,44,47,49,59,63,64,65,68,73,74,75
6/29/08,03,07,08,09,11,12,14,16,24,29,33,35,40,43,50,53,56,60,69,77
6/28/08,08,17,18,19,20,23,25,27,28,31,32,35,39,40,48,57,61,64,65,72
6/27/08,03,07,10,14,17,18,21,33,34,41,46,47,53,60,63,64,69,76,79,80
6/26/08,03,05,08,15,17,21,22,30,38,43,46,47,49,51,54,57,59,69,72,74
6/25/08,01,03,11,12,16,17,26,32,38,41,45,47,52,53,57,59,63,64,74,76
6/24/08,05,07,13,14,17,20,25,28,36,39,42,51,65,67,68,71,72,73,78,79
6/23/08,06,10,14,15,18,24,26,28,30,33,35,36,42,46,49,58,60,63,64,76
6/22/08,02,04,06,10,14,15,16,18,19,20,21,23,30,37,45,51,58,59,79,80
6/21/08,01,06,08,10,17,21,22,24,27,30,40,42,49,53,62,63,67,68,71,77
6/20/08,02,03,04,05,06,07,08,15,20,21,27,42,49,51,52,56,68,70,72,79
6/19/08,07,14,23,27,32,33,35,39,40,41,42,48,51,53,54,55,64,70,76,79
6/18/08,04,09,21,23,30,37,39,44,45,46,47,51,52,55,57,68,69,75,79,80
6/17/08,05,07,09,10,11,15,17,18,19,21,25,27,33,45,47,53,55,64,73,75
6/16/08,01,03,05,07,18,21,25,37,41,42,44,50,58,59,60,62,63,64,68,79
6/15/08,03,06,10,18,21,22,29,30,42,43,44,46,51,54,58,70,73,74,76,79
6/14/08,01,02,14,16,21,22,23,42,45,46,52,55,59,68,69,70,75,76,77,78
6/13/08,02,05,07,13,18,24,33,34,39,44,56,58,59,62,64,65,69,75,76,79
6/12/08,04,05,09,10,15,17,23,28,29,37,38,49,53,57,61,67,69,74,75,79
6/11/08,01,12,14,17,19,24,25,30,36,38,39,51,56,60,62,69,75,76,78,80
6/10/08,01,02,03,12,15,21,26,28,34,38,40,41,51,52,61,71,72,73,74,79
6/9/08,06,07,11,14,21,23,24,25,26,35,37,39,40,42,58,62,64,66,74,78
6/8/08,06,10,24,28,29,30,37,46,47,52,54,55,56,58,60,65,66,71,76,80
6/7/08,01,02,05,07,17,23,26,27,29,30,37,39,43,44,53,54,59,60,61,65
6/6/08,03,07,10,12,13,15,16,29,34,39,42,45,50,53,55,59,62,64,70,79
6/5/08,02,03,11,15,17,30,34,35,37,50,54,57,58,63,66,67,68,74,75,78
6/4/08,07,16,19,25,42,44,47,48,49,50,55,56,59,66,69,70,72,76,78,80
6/3/08,03,16,17,20,21,22,24,26,30,37,41,46,48,55,57,63,65,71,73,78
6/2/08,04,05,09,10,16,21,26,29,31,34,40,41,42,43,44,52,54,65,74,80
6/1/08,06,09,13,23,27,31,32,34,35,38,40,49,50,59,60,64,68,74,76,77
5/31/08,01,04,08,09,13,20,32,33,36,38,40,41,48,50,51,56,58,61,72,73
5/30/08,02,06,16,25,32,34,35,37,38,40,50,51,56,63,65,66,71,75,76,78
5/29/08,03,15,21,22,30,31,35,43,44,46,51,53,54,56,68,70,74,75,76,77
5/28/08,01,05,08,11,12,13,15,20,25,26,27,31,44,46,48,61,62,68,69,79
5/27/08,01,03,06,07,10,16,17,20,21,22,30,31,39,42,44,48,50,68,69,70
5/26/08,01,08,12,18,19,25,27,31,41,46,50,52,53,56,57,62,73,74,76,77
5/25/08,01,02,03,10,12,15,20,28,30,38,39,44,45,47,56,60,71,74,77,80
5/24/08,02,07,19,22,25,26,30,35,45,50,56,57,58,61,64,66,67,74,75,78
5/23/08,03,06,08,09,13,14,17,20,22,32,38,42,45,50,57,58,61,67,68,71
5/22/08,02,03,08,27,33,38,40,43,49,50,52,54,57,64,65,67,72,77,78,80
5/21/08,03,11,18,21,22,27,28,29,34,41,43,50,56,59,60,61,63,65,78,79
5/20/08,01,10,11,15,16,17,18,29,33,38,41,45,52,56,60,62,65,70,72,74
5/19/08,04,05,06,10,14,16,18,22,23,24,25,29,38,39,41,45,47,52,64,67
5/18/08,05,06,12,17,21,28,32,40,43,44,48,52,55,56,70,72,73,75,78,80
5/17/08,02,08,14,16,17,24,27,30,32,40,52,58,62,63,64,65,66,68,70,80
5/16/08,03,04,14,29,31,33,35,38,41,48,50,51,56,61,65,68,69,72,78,79
5/15/08,05,11,14,17,20,21,24,25,26,36,40,41,48,60,64,67,70,72,75,79
5/14/08,05,13,18,24,28,33,35,38,40,44,47,50,56,63,67,73,74,76,77,78
5/13/08,03,20,23,24,25,31,35,38,39,44,55,57,58,60,67,68,72,78,79,80
5/12/08,01,03,10,14,32,33,35,37,38,40,41,42,47,50,57,58,59,66,68,72
5/11/08,01,05,08,09,15,20,37,40,42,43,44,46,50,51,56,60,68,72,76,78
5/10/08,02,03,07,12,13,14,21,27,32,40,44,45,47,55,56,59,62,64,67,79
5/9/08,05,08,11,14,17,20,24,31,35,36,38,48,54,55,57,59,67,72,74,79
5/8/08,03,09,11,20,25,29,30,33,34,43,45,46,49,52,61,65,68,77,79,80
5/7/08,01,03,08,09,20,23,25,27,28,31,40,42,46,48,49,50,51,67,70,73
5/6/08,02,09,12,18,20,29,32,39,41,42,43,44,46,47,49,52,59,60,65,78
5/5/08,06,15,19,21,22,29,30,35,36,41,46,48,53,56,58,61,65,69,71,74
5/4/08,01,08,12,14,15,17,19,26,29,30,37,39,43,51,52,55,62,72,73,80
5/3/08,07,10,11,14,15,16,18,25,32,34,35,40,41,42,52,56,60,67,68,69
5/2/08,04,05,09,13,18,19,22,23,24,28,29,38,41,45,50,57,67,68,73,74
5/1/08,01,06,08,14,16,17,21,28,37,38,39,44,46,48,54,55,63,64,68,75
4/30/08,09,11,12,15,18,22,23,25,26,30,35,36,44,47,49,56,59,67,70,74
4/29/08,03,04,05,17,23,31,32,34,35,36,48,49,52,53,55,57,58,64,67,74
4/28/08,01,06,11,14,15,18,21,22,25,31,32,33,36,44,47,60,62,63,67,72
4/27/08,03,05,06,07,18,22,25,36,41,51,57,59,62,64,67,70,71,72,73,80
4/26/08,04,09,20,26,30,33,40,44,46,48,50,58,59,62,64,68,70,73,75,79
4/25/08,01,05,09,14,17,21,23,25,26,31,34,36,39,41,46,57,61,66,77,79
4/24/08,02,05,07,08,20,21,22,26,31,33,38,39,42,45,49,54,57,62,66,77
4/23/08,02,03,04,08,18,20,22,23,28,32,41,46,49,56,57,60,73,74,76,80
4/22/08,02,03,14,15,16,25,27,28,31,32,40,42,46,48,53,54,61,69,70,71
4/21/08,03,04,11,12,13,17,19,22,31,33,34,43,44,49,51,52,53,54,62,76
4/20/08,02,04,07,15,16,18,21,22,23,26,28,36,42,49,50,55,65,76,78,80
4/19/08,02,12,15,16,27,41,46,49,57,60,61,63,66,67,68,69,71,72,77,78
4/18/08,09,10,13,14,23,28,31,33,36,43,49,51,52,55,58,59,61,63,66,80
4/17/08,09,10,11,12,15,19,23,26,34,35,36,39,41,42,56,62,67,68,76,80
4/16/08,03,04,10,14,19,23,27,31,33,37,38,40,45,46,47,48,57,58,63,73
4/15/08,04,05,08,09,13,14,17,25,26,34,37,39,42,44,47,51,52,64,75,80
4/14/08,05,06,11,21,30,37,39,41,46,48,51,59,63,66,67,73,74,75,78,79
4/13/08,01,06,10,11,12,18,19,27,28,29,31,33,43,49,61,62,69,70,74,79
4/12/08,08,15,17,18,22,24,28,30,32,36,46,51,52,55,64,70,72,74,76,79
4/11/08,14,17,18,23,25,27,29,30,37,40,45,49,57,58,64,67,69,72,77,78
4/10/08,02,04,08,11,21,22,35,43,45,48,49,53,60,66,69,70,71,75,78,79
4/9/08,05,10,13,14,18,19,21,29,34,43,46,50,53,54,58,61,63,67,71,74
4/8/08,01,02,09,10,14,16,18,20,25,26,29,31,32,43,51,60,61,64,70,79
4/7/08,01,02,08,11,14,16,18,19,39,44,45,49,51,53,57,59,71,75,76,78
4/6/08,06,10,17,18,23,29,31,40,42,44,45,49,50,59,63,65,67,68,70,77
4/5/08,08,09,10,12,23,24,25,31,32,48,49,54,60,61,69,70,71,72,78,79
4/4/08,06,10,14,18,24,27,31,35,38,40,43,46,49,53,55,58,70,71,74,79
4/3/08,02,06,10,13,15,21,22,23,24,30,33,44,48,51,56,58,63,72,77,78
4/2/08,03,07,20,21,23,25,31,41,42,43,48,53,56,59,60,65,70,73,77,79
4/1/08,01,03,05,06,10,17,26,30,37,41,45,47,52,57,59,60,65,70,71,80
3/31/08,01,02,07,09,17,18,23,33,38,40,41,43,44,52,58,60,61,66,67,78
3/30/08,05,10,11,15,20,22,24,25,28,36,39,43,46,49,50,53,65,66,67,77
3/29/08,01,04,15,16,29,33,37,42,44,50,53,54,58,59,63,64,66,67,70,78
3/28/08,03,05,09,14,16,21,23,27,29,31,32,38,53,56,61,62,69,70,71,78
3/27/08,01,06,07,22,23,24,26,29,30,33,34,37,47,50,51,54,60,62,76,77
3/26/08,04,09,13,14,15,17,22,24,27,29,31,34,37,42,46,51,56,65,72,75
3/25/08,04,07,08,10,14,16,19,20,21,31,37,41,49,58,59,61,65,66,72,78
3/24/08,03,08,13,16,17,20,29,30,31,33,48,58,60,61,65,66,68,71,74,80
3/23/08,05,07,12,14,20,24,28,31,36,39,50,51,52,56,59,61,69,74,75,78
3/22/08,01,04,07,17,21,26,32,33,34,39,41,44,45,46,50,55,59,63,70,80
3/21/08,09,15,17,19,20,27,33,34,39,41,46,51,52,53,62,63,65,66,75,77
3/20/08,04,05,07,10,13,16,17,41,42,43,49,51,55,57,58,60,65,75,78,79
3/19/08,02,07,08,10,20,21,25,26,32,34,35,36,37,40,41,51,53,54,60,76
3/18/08,02,03,07,12,13,14,15,17,18,24,34,38,42,45,48,51,54,61,62,69
3/17/08,01,02,04,12,16,30,32,36,37,42,45,52,59,61,65,71,73,76,77,80
3/16/08,09,10,13,18,19,23,24,30,32,34,37,41,44,56,61,67,70,72,76,77
3/15/08,05,08,09,15,27,30,31,32,46,47,49,53,56,61,63,66,70,75,77,80
3/14/08,01,05,16,18,20,21,23,29,30,33,36,39,40,41,49,50,59,74,76,79
3/13/08,05,07,08,09,11,17,18,21,23,44,47,51,55,60,61,69,71,72,74,79
3/12/08,02,03,05,06,08,10,11,15,21,24,27,31,38,52,58,59,61,63,68,74
3/11/08,11,12,18,20,30,32,33,34,35,38,41,42,48,52,53,54,58,61,62,71
3/10/08,02,05,09,10,13,17,20,27,30,31,34,40,49,54,58,63,68,71,73,79
3/9/08,02,09,16,20,26,27,28,29,32,37,41,47,55,59,61,62,66,69,71,79
3/8/08,05,07,09,19,20,21,23,25,26,30,34,40,42,53,54,57,58,64,70,75
3/7/08,06,09,13,15,17,25,29,30,31,40,41,44,46,48,53,54,57,60,74,77
3/6/08,03,06,23,28,32,36,37,38,39,44,46,53,54,55,58,62,68,72,78,80
3/5/08,01,02,07,13,18,21,25,26,29,31,32,35,45,52,55,58,60,65,68,71
3/4/08,04,05,06,09,15,17,22,29,30,31,42,44,46,49,53,57,59,64,70,75
3/3/08,01,07,09,10,19,20,25,26,29,31,41,44,53,57,58,60,63,68,70,76
3/2/08,15,22,24,29,30,33,34,36,40,41,56,57,58,61,66,68,74,76,78,79
3/1/08,05,07,11,17,23,25,34,36,44,49,50,54,60,61,62,63,72,73,76,79
2/29/08,08,10,14,17,22,25,28,33,38,42,47,53,54,57,61,67,69,72,78,79
2/28/08,05,10,14,15,16,19,20,26,34,38,39,43,44,53,56,58,61,65,69,71
2/27/08,01,08,10,18,25,26,31,44,49,51,56,57,58,59,61,63,64,68,77,78
2/26/08,13,24,27,28,30,40,42,43,44,50,51,52,56,63,64,66,67,72,76,78
2/25/08,13,14,19,21,23,26,30,37,44,45,49,50,51,57,58,61,64,74,75,80
2/24/08,03,07,09,10,12,13,16,22,39,40,52,59,60,61,62,66,69,72,74,75
2/23/08,02,15,16,17,19,20,28,30,39,44,46,49,52,53,59,61,64,66,73,80
2/22/08,02,05,11,15,16,18,19,25,29,31,37,39,44,48,49,54,58,59,68,70
2/21/08,10,15,17,18,24,28,29,37,39,40,47,48,49,51,60,63,64,65,70,74
2/20/08,02,10,26,28,30,31,33,34,40,45,49,51,57,61,63,70,72,73,75,79
2/19/08,01,04,07,08,10,11,19,39,48,49,51,54,56,60,61,63,65,66,75,78
2/18/08,02,05,14,22,27,28,29,31,32,43,44,45,47,48,53,55,57,70,72,76
2/17/08,04,05,06,07,08,15,16,18,20,30,36,46,48,56,59,64,71,72,75,76
2/16/08,03,05,07,10,21,22,25,29,30,33,36,37,40,44,45,54,59,66,70,74
2/15/08,07,12,22,25,27,29,30,33,35,37,38,41,43,45,48,55,60,73,79,80
2/14/08,01,05,06,08,10,12,18,22,25,35,36,39,41,43,47,69,73,77,78,80
2/13/08,02,04,05,07,08,09,18,19,21,25,35,39,41,45,51,58,64,70,71,78
2/12/08,16,21,22,27,29,31,34,35,47,53,54,58,62,65,68,69,71,72,75,77
2/11/08,01,02,04,17,18,19,24,33,37,39,44,51,53,63,69,70,71,77,78,79
2/10/08,01,02,06,08,12,16,22,27,28,32,33,38,42,45,46,58,59,71,72,74
2/9/08,08,12,14,27,28,29,31,34,39,42,43,49,50,52,56,65,67,71,75,77
2/8/08,06,07,09,17,18,22,25,28,29,31,45,49,51,54,57,62,63,67,71,78
2/7/08,06,07,15,17,18,20,23,25,26,28,45,46,49,50,54,57,58,69,74,75
2/6/08,04,05,09,13,16,18,21,23,30,36,39,40,42,45,51,53,59,62,74,79
2/5/08,01,07,10,11,14,17,27,31,32,33,35,36,46,50,55,57,63,66,72,75
2/4/08,01,04,05,09,23,25,26,30,33,40,48,49,50,56,60,66,67,70,75,76
2/3/08,05,08,11,12,13,17,19,22,31,42,47,48,59,63,65,66,69,71,72,80
2/2/08,02,10,16,18,20,22,23,27,31,35,36,43,56,62,66,70,73,77,78,80
2/1/08,08,09,13,23,32,34,35,39,46,47,48,50,52,59,60,63,66,70,77,80
1/31/08,03,05,15,17,18,21,25,30,31,39,42,46,48,51,52,64,66,67,75,78
1/30/08,04,12,13,15,20,24,33,35,37,45,53,55,58,61,64,65,74,75,78,79
1/29/08,02,03,04,05,11,20,27,30,39,40,41,42,48,51,54,57,65,74,77,78
1/28/08,02,11,13,15,16,23,30,33,40,43,47,48,49,50,52,61,71,73,76,78
1/27/08,08,18,34,36,37,38,41,43,47,52,53,56,59,65,66,69,72,75,76,77
1/26/08,03,04,06,16,25,31,34,36,41,47,48,51,54,60,66,67,68,70,71,74
1/25/08,02,06,14,18,21,30,35,39,40,41,44,48,53,56,60,67,71,72,74,78
1/24/08,04,07,09,10,17,19,22,30,36,46,47,48,56,64,66,70,72,74,77,79
1/23/08,02,04,13,21,24,26,27,29,30,32,42,46,51,53,56,57,64,65,66,69
1/22/08,01,02,04,06,09,10,17,23,32,33,40,42,54,56,58,62,66,72,74,75
1/21/08,10,28,31,32,33,35,36,40,41,43,44,46,47,55,59,64,74,75,78,80
1/20/08,03,04,06,16,19,21,44,46,52,53,60,61,62,65,66,70,73,75,76,78
1/19/08,04,05,06,09,14,17,18,22,32,33,36,41,42,43,56,60,70,74,76,77
1/18/08,01,06,07,14,17,21,27,30,33,45,50,53,57,60,65,69,71,74,76,80
1/17/08,04,06,11,12,15,28,34,35,37,38,42,44,46,49,52,55,62,67,73,79
1/16/08,06,07,09,10,11,14,16,17,20,36,43,46,47,65,67,69,72,78,79,80
1/15/08,02,07,08,12,18,20,21,22,27,34,35,39,47,51,52,57,64,67,72,74
1/14/08,02,13,14,19,28,30,32,36,39,41,42,56,58,61,64,68,71,77,79,80
1/13/08,02,03,13,22,29,32,33,38,42,48,50,51,54,57,59,60,62,68,72,78
1/12/08,03,19,24,26,30,32,33,35,36,43,47,49,53,56,59,64,70,74,75,78
1/11/08,01,04,10,11,14,16,18,19,26,27,43,47,55,57,59,63,74,75,78,79
1/10/08,11,16,22,23,27,28,33,34,36,46,50,54,55,59,60,62,66,69,72,73
1/9/08,04,07,13,25,31,32,39,41,44,46,48,49,64,66,67,69,72,73,76,80
1/8/08,02,04,11,13,14,27,31,32,34,37,46,55,56,58,59,63,73,75,76,79
1/7/08,02,03,04,18,19,23,40,42,44,48,52,56,61,66,71,74,76,78,79,80
1/6/08,06,07,08,21,28,31,32,38,41,53,57,61,63,64,66,68,69,70,71,72
1/5/08,10,12,17,21,23,30,32,35,37,39,41,56,58,61,65,72,73,74,77,80
1/4/08,01,05,07,21,23,25,26,38,39,46,49,51,52,54,57,64,65,69,72,73
1/3/08,06,08,12,13,14,21,22,30,33,35,39,49,52,55,63,64,66,70,78,80
1/2/08,09,13,17,20,21,22,25,33,38,42,48,49,50,61,68,70,72,73,74,77
1/1/08,02,07,08,10,11,21,22,32,39,52,53,55,56,63,64,66,68,69,71,80
12/31/07,02,04,12,13,16,19,21,27,28,31,40,42,54,55,56,62,70,71,72,77
12/30/07,07,14,18,19,29,30,32,33,35,41,43,45,46,53,55,67,72,75,76,77
12/29/07,07,08,20,21,23,25,31,43,45,54,56,57,58,61,63,65,68,69,78,79
12/28/07,06,09,13,14,15,21,23,27,30,31,33,41,42,46,48,51,60,64,73,74
12/27/07,06,08,11,19,25,26,28,31,36,43,48,50,52,56,61,63,70,74,75,80
12/26/07,03,06,10,12,16,19,20,23,27,38,40,54,61,63,65,68,71,77,78,80
12/24/07,02,03,05,08,20,26,27,39,40,41,52,54,57,59,64,67,69,73,76,79
12/23/07,10,22,25,26,31,32,33,35,36,43,48,51,54,57,59,62,65,68,71,78
12/22/07,02,04,05,09,14,21,25,27,30,35,38,41,47,54,57,63,65,67,70,72
12/21/07,05,07,16,21,25,27,39,41,43,45,46,47,53,55,64,72,74,75,76,78
12/20/07,05,06,07,11,12,14,20,21,27,50,53,56,60,61,65,68,70,76,77,80
12/19/07,10,18,20,26,34,38,40,46,48,50,51,55,59,65,66,67,69,72,73,78
12/18/07,02,03,04,05,08,11,13,14,15,20,25,42,47,51,52,58,60,66,67,74
12/17/07,01,04,06,08,11,12,16,19,21,23,24,29,34,38,42,44,45,49,64,74
12/16/07,02,13,15,18,24,25,27,33,40,43,46,47,48,53,54,61,62,65,72,76
12/15/07,03,07,11,15,23,28,32,33,36,41,50,52,56,58,59,62,67,68,70,75
12/14/07,02,10,15,21,23,24,29,34,35,37,42,50,56,59,60,61,65,68,73,79
12/13/07,03,06,09,10,16,21,26,39,40,45,46,47,52,53,56,63,67,75,76,79
12/12/07,02,04,07,11,12,17,27,28,31,39,40,46,49,52,54,63,65,68,74,80
12/11/07,02,03,09,14,18,34,38,40,43,44,49,52,53,55,56,64,70,72,75,77
12/10/07,04,06,08,09,12,17,18,21,24,26,31,47,48,59,61,64,68,69,74,78
12/9/07,01,02,03,07,11,13,17,22,24,27,31,37,47,49,53,55,58,64,71,79
12/8/07,06,09,11,12,13,15,21,24,26,27,34,39,46,48,51,54,58,61,70,74
12/7/07,06,07,16,19,20,21,22,27,48,49,55,57,59,62,63,65,70,75,76,77
12/6/07,01,10,12,15,17,18,19,24,27,31,40,45,46,47,49,57,58,62,66,71
12/5/07,01,04,13,19,23,32,36,42,48,49,53,61,64,68,70,71,73,75,78,79
12/4/07,02,06,07,09,12,16,19,24,26,29,31,32,43,44,46,50,51,58,66,75
12/3/07,02,14,22,23,32,33,41,47,48,52,56,59,65,70,72,74,75,77,78,79
12/2/07,02,06,09,10,11,14,30,34,45,46,47,50,51,55,56,60,63,65,67,77
12/1/07,01,14,16,18,21,25,27,29,30,31,33,37,38,39,40,55,64,68,75,79
11/30/07,01,12,19,27,29,30,33,37,39,41,42,43,46,49,50,53,57,62,71,79
11/29/07,01,02,05,07,09,13,18,22,23,28,39,40,42,49,58,61,65,68,75,78
11/28/07,02,07,08,20,25,27,32,36,38,39,40,42,43,52,63,64,66,68,74,76
11/27/07,07,13,15,18,24,32,34,35,40,42,47,48,49,50,51,62,70,76,79,80
11/26/07,01,03,04,11,12,14,16,18,24,27,36,37,45,46,48,49,58,67,71,72
11/25/07,02,03,10,15,21,22,24,27,30,31,41,44,45,47,54,55,59,63,66,75
11/24/07,11,12,17,20,28,31,33,34,35,36,37,43,44,58,61,65,67,70,72,73
11/23/07,03,12,14,17,19,25,26,29,32,34,38,40,45,50,53,63,67,68,75,77
11/22/07,02,03,05,09,10,11,15,16,19,20,22,28,33,35,45,48,52,58,74,78
11/21/07,07,14,16,24,25,26,27,32,35,40,46,47,52,53,54,56,60,62,73,80
11/20/07,11,13,14,28,29,33,35,42,47,48,55,58,60,62,64,65,67,69,71,78
11/19/07,06,07,11,14,19,32,33,41,42,46,52,57,58,62,64,66,70,72,74,80
11/18/07,04,06,21,23,26,35,36,38,42,48,50,54,61,63,68,70,71,74,77,79
11/17/07,03,07,11,12,13,15,17,18,23,33,37,42,45,56,60,67,69,76,79,80
11/16/07,01,14,15,20,22,29,31,36,44,46,49,50,51,52,53,60,62,65,79,80
11/15/07,04,18,23,32,34,39,42,44,45,49,51,55,60,61,66,67,73,75,77,80
11/14/07,02,09,13,14,16,17,18,19,24,31,34,49,51,52,58,63,68,70,73,74
11/13/07,06,09,14,20,28,29,32,35,37,40,46,47,49,65,68,69,70,72,76,78
11/12/07,01,02,09,13,15,18,21,26,28,29,36,40,49,53,56,64,65,67,69,72
11/11/07,06,14,16,17,22,27,29,40,42,43,46,49,52,55,57,58,63,66,70,71
11/10/07,01,02,04,07,08,16,22,23,25,28,29,33,42,53,57,64,70,74,77,78
11/9/07,03,13,16,21,22,26,31,37,38,41,42,43,53,55,57,67,68,73,74,77
11/8/07,04,07,09,11,16,19,21,29,30,32,46,48,50,56,59,60,67,68,74,75
11/7/07,02,04,12,13,14,19,20,27,32,43,44,48,51,54,57,58,60,71,74,79
11/6/07,08,11,12,13,15,21,23,25,29,36,47,51,53,55,56,57,63,64,69,74
11/5/07,02,06,14,17,23,24,35,39,41,44,47,57,58,63,66,67,70,71,77,80
11/4/07,02,04,07,23,25,29,36,48,51,56,57,67,68,69,73,75,76,77,78,79
11/3/07,04,09,14,24,25,27,28,29,30,37,38,42,59,62,63,64,68,75,76,77
11/2/07,02,13,18,31,37,38,40,41,43,44,45,47,48,51,52,57,61,65,70,72
11/1/07,08,10,11,14,25,31,36,46,47,49,52,54,58,59,60,62,65,70,71,76
10/31/07,02,03,04,14,15,16,20,22,23,24,26,29,35,44,45,52,55,59,72,79
10/30/07,04,07,09,12,13,16,19,33,35,37,45,55,57,60,61,65,66,67,70,77
10/29/07,05,07,15,24,27,28,34,38,41,42,44,49,52,54,59,64,66,69,74,76
10/28/07,04,05,08,09,15,18,20,25,27,28,30,31,36,47,49,55,63,64,68,77
10/27/07,03,10,13,14,19,22,23,25,29,43,45,48,52,57,60,62,63,70,75,79
10/26/07,01,03,05,06,09,24,25,26,33,36,41,44,48,55,57,67,69,72,73,79
10/25/07,02,07,08,13,23,28,32,35,36,42,44,45,49,55,57,63,66,71,76,80
10/24/07,02,03,04,07,09,14,18,22,36,41,46,55,56,58,60,71,72,73,74,77
10/23/07,03,04,10,16,18,19,20,22,26,32,41,43,49,51,57,58,69,75,76,79
10/22/07,04,09,12,20,21,23,35,38,39,48,49,54,55,56,59,60,62,73,76,79
10/21/07,03,14,15,20,22,24,25,30,31,34,37,38,46,57,62,67,68,72,75,80
10/20/07,04,05,06,17,18,22,25,29,30,42,45,46,52,55,58,61,62,66,69,73
10/19/07,01,05,06,19,30,34,36,39,42,54,55,57,60,62,63,67,69,74,77,79
10/18/07,02,05,06,10,24,33,35,39,42,46,55,56,58,68,69,72,75,76,78,80
10/17/07,01,04,05,13,14,26,27,29,30,42,45,47,49,50,51,52,61,65,70,75
10/16/07,03,05,07,15,16,18,19,27,31,32,36,37,43,50,55,60,70,71,73,79
10/15/07,06,10,22,24,25,32,36,37,39,40,48,51,56,57,61,68,69,70,78,79
10/14/07,06,13,14,21,22,24,29,37,41,43,50,51,54,55,56,57,67,72,77,79
10/13/07,03,04,15,18,20,21,27,28,30,32,40,46,49,55,59,62,66,69,74,76
10/12/07,06,13,14,21,22,27,31,41,43,54,55,59,60,63,67,73,74,76,77,78
10/11/07,02,07,15,18,25,27,30,31,33,38,45,56,62,63,64,70,74,76,78,79
10/10/07,04,11,13,14,15,19,22,23,25,35,37,45,47,51,57,60,70,71,75,79
10/9/07,05,09,12,13,14,21,25,27,28,30,31,50,51,53,56,57,69,71,72,75
10/8/07,01,10,11,12,18,20,27,38,41,45,46,47,48,51,52,58,61,63,68,76
10/7/07,03,05,16,20,25,38,42,44,45,59,60,61,62,64,65,71,73,76,77,78
10/6/07,05,11,15,19,20,27,33,39,43,44,45,52,53,55,60,61,64,70,74,75
10/5/07,03,04,05,10,15,25,26,27,37,39,40,45,49,51,52,54,55,65,68,77
10/4/07,01,09,15,18,21,22,26,27,28,35,42,45,50,51,60,63,72,77,78,79
10/3/07,01,05,08,18,21,27,28,30,32,35,45,55,60,64,66,67,71,73,77,80
10/2/07,07,08,19,21,24,25,29,30,32,33,36,41,45,47,48,54,56,60,63,70
10/1/07,07,10,17,18,22,30,31,36,37,42,43,48,52,58,62,63,65,70,73,78
9/30/07,04,12,13,14,19,20,23,38,43,48,51,53,60,66,69,70,71,74,78,79
9/29/07,03,09,13,14,15,18,23,27,33,34,38,39,41,42,50,53,65,73,74,75
9/28/07,01,04,05,10,11,13,21,22,26,28,33,53,54,56,57,59,69,72,76,77
9/27/07,06,14,16,19,20,26,35,39,43,44,45,49,50,55,57,58,64,67,70,71
9/26/07,10,11,13,17,19,21,24,30,35,44,47,54,57,61,62,65,66,69,70,76
9/25/07,04,05,10,12,22,24,25,35,36,38,46,47,50,51,53,64,66,69,70,80
9/24/07,06,07,20,25,28,32,33,34,35,36,37,40,45,46,47,49,56,61,73,74
9/23/07,03,09,14,17,18,22,24,25,29,31,36,38,49,52,60,67,69,73,78,80
9/22/07,07,09,10,11,19,22,24,34,39,45,48,54,61,62,66,67,72,75,77,78
9/21/07,03,06,08,16,18,21,22,24,25,38,40,42,48,51,53,54,63,65,69,80
9/20/07,03,07,11,12,13,14,15,16,19,20,34,35,38,46,63,69,71,73,79,80
9/19/07,04,05,07,11,13,23,24,30,37,39,43,45,51,54,65,69,75,78,79,80
9/18/07,04,12,13,14,17,18,22,30,32,36,42,44,51,52,53,59,67,69,72,75
9/17/07,03,06,11,12,15,22,28,36,38,40,43,53,56,62,67,71,73,74,75,80
9/16/07,01,12,13,14,22,24,28,31,36,37,40,46,47,48,56,62,71,73,78,80
9/15/07,01,02,04,06,20,23,28,29,35,36,37,39,40,50,62,63,67,73,76,77
9/14/07,07,09,15,16,23,30,33,35,38,40,44,50,56,60,61,64,65,73,74,79
9/13/07,02,05,06,10,14,23,30,33,37,38,50,51,52,55,59,67,69,74,76,78
9/12/07,03,06,07,09,10,11,14,18,25,35,37,41,48,60,61,62,66,69,78,80
9/11/07,04,05,09,13,18,24,26,27,30,36,40,45,50,51,53,54,55,59,63,65
9/10/07,01,07,17,18,20,22,26,27,29,30,34,45,53,54,60,63,64,67,69,71
9/9/07,01,03,08,11,12,17,22,23,27,28,32,36,43,50,56,58,64,69,73,76
9/8/07,04,05,06,09,10,24,25,26,28,29,31,34,36,39,47,56,67,69,73,79
9/7/07,03,05,12,23,28,33,36,46,47,53,55,56,61,63,66,67,68,72,78,79
9/6/07,01,02,05,11,15,16,18,25,27,28,29,31,37,40,41,55,72,74,76,78
9/5/07,04,05,07,16,17,21,26,32,33,39,41,42,47,57,58,60,61,64,73,76
9/4/07,04,13,15,17,19,26,28,31,34,36,37,38,39,41,47,59,64,67,71,76
9/3/07,02,10,11,15,23,25,30,31,34,44,45,47,48,52,58,60,69,78,79,80
9/2/07,03,04,05,06,12,15,18,20,28,30,35,47,55,57,61,62,64,65,76,78
9/1/07,01,06,09,10,11,12,14,15,18,19,34,35,36,38,41,45,46,65,75,76
8/31/07,01,09,16,17,20,22,29,30,31,32,33,37,40,41,55,57,65,67,79,80
8/30/07,02,13,18,25,29,30,31,32,36,42,55,56,57,62,63,66,70,71,72,74
8/29/07,01,02,05,10,11,12,14,23,25,26,28,31,33,41,45,50,57,59,70,72
8/28/07,04,05,06,08,09,18,20,22,23,30,33,38,51,52,53,54,62,64,67,78
8/27/07,03,06,07,11,13,15,19,23,32,37,42,44,54,61,69,73,74,76,77,80
8/26/07,04,11,13,24,33,37,39,42,45,46,48,53,56,58,59,63,64,70,71,78
8/25/07,02,03,05,06,08,17,18,20,23,24,25,28,30,33,34,36,45,68,70,77
8/24/07,02,08,09,17,18,21,24,25,33,35,37,38,53,58,60,66,67,68,77,79
8/23/07,01,05,10,13,16,21,25,26,27,28,30,36,48,49,56,60,64,65,71,76
8/22/07,05,06,09,11,13,15,23,35,36,37,39,45,47,48,50,51,54,66,67,68
8/21/07,04,10,12,13,21,27,28,29,32,34,36,37,39,45,52,56,59,62,70,78
8/20/07,01,02,08,13,17,30,34,36,42,44,46,49,51,52,56,62,63,71,75,79
8/19/07,04,07,11,12,14,16,21,24,26,41,42,54,59,60,67,69,70,73,75,77
8/18/07,10,11,12,15,19,21,32,35,37,40,46,50,51,52,56,62,67,71,74,80
8/17/07,01,20,21,22,23,25,26,31,33,34,38,47,48,51,57,59,63,73,74,78
8/16/07,06,08,09,11,18,19,20,25,27,29,31,32,51,59,63,67,68,70,78,79
8/15/07,02,03,06,19,20,22,24,27,30,33,34,38,44,50,55,57,59,67,77,79
8/14/07,02,05,07,10,11,12,13,15,18,19,30,36,46,61,70,72,73,74,78,80
8/13/07,08,12,16,20,21,28,41,56,58,60,62,66,67,68,71,72,74,76,78,80
8/12/07,06,17,21,22,23,30,32,34,36,41,44,50,53,56,58,59,62,64,66,76
8/11/07,03,07,08,11,14,20,21,26,31,38,42,43,46,48,57,60,66,67,74,76
8/10/07,01,07,13,16,18,23,26,27,28,29,35,37,38,42,48,49,50,67,73,79
8/9/07,08,14,15,20,23,24,25,27,28,29,31,36,43,45,49,55,59,60,71,74
8/8/07,01,03,08,16,20,30,31,32,34,44,49,52,55,56,61,64,66,68,69,76
8/7/07,09,18,19,28,29,30,31,32,36,46,50,56,57,59,63,64,67,68,70,80
8/6/07,02,03,15,16,19,20,21,32,38,43,51,52,54,62,63,65,68,76,77,80
8/5/07,03,07,08,14,17,20,22,26,30,40,45,46,50,51,52,54,55,60,67,79
8/4/07,01,04,06,07,12,14,15,17,18,19,23,24,32,35,36,37,60,61,73,78
8/3/07,03,07,08,14,16,19,27,29,33,34,40,53,57,59,63,69,70,71,78,79
8/2/07,01,05,07,14,18,19,23,28,29,33,34,38,39,51,52,57,60,65,66,68
8/1/07,05,10,16,18,19,20,23,24,26,35,47,48,55,61,63,65,66,69,74,75
7/31/07,02,03,04,19,27,31,32,38,40,42,43,46,48,50,53,56,60,64,68,69
7/30/07,06,07,08,10,14,21,28,29,31,36,41,44,45,52,61,66,68,71,73,77
7/29/07,13,17,20,23,24,29,36,40,41,44,46,51,56,59,62,70,72,78,79,80
7/28/07,10,12,13,14,18,23,30,31,34,42,50,53,59,62,63,65,68,70,73,74
7/27/07,04,12,13,16,17,22,25,26,29,31,33,41,43,54,55,56,59,60,73,75
7/26/07,05,07,12,18,19,22,27,29,31,33,41,43,44,45,46,56,57,62,63,75
7/25/07,03,12,15,16,21,24,26,39,41,45,48,57,58,59,60,65,69,70,72,76
7/24/07,06,10,16,25,27,30,33,37,39,45,53,54,55,56,59,60,65,67,70,75
7/23/07,01,05,09,11,13,15,17,18,20,24,34,37,46,47,50,64,68,74,77,78
7/22/07,01,02,04,07,10,20,22,25,28,35,40,42,45,47,48,54,57,61,74,79
7/21/07,01,04,05,06,12,15,16,22,24,27,28,34,42,45,51,58,61,69,75,77
7/20/07,03,04,11,12,15,23,32,34,35,37,42,48,51,52,54,60,64,69,76,78
7/19/07,09,15,20,28,30,35,42,51,54,55,57,59,60,65,67,73,74,75,76,77
7/18/07,02,05,08,12,13,15,16,17,40,42,43,48,50,51,52,53,73,75,76,79
7/17/07,07,08,13,14,15,26,29,33,34,38,39,40,42,43,46,51,63,68,69,73
7/16/07,01,02,03,04,08,16,19,24,32,40,41,44,48,55,66,70,71,77,78,79
7/15/07,01,04,14,20,25,27,31,44,45,47,51,59,61,66,69,70,72,74,78,79
7/14/07,02,08,13,15,16,17,28,29,36,37,42,43,49,56,62,64,65,67,68,78
7/13/07,03,05,07,17,20,27,28,32,35,37,40,44,45,49,53,55,56,64,66,72
7/12/07,01,04,06,08,10,17,18,37,43,44,48,52,53,58,63,69,70,72,73,76
7/11/07,03,05,07,10,11,18,24,28,35,37,39,42,43,45,46,53,57,59,67,72
7/10/07,04,07,13,15,17,20,24,25,26,30,37,50,53,54,61,63,64,65,77,80
7/9/07,01,03,07,14,17,18,26,27,36,38,43,46,48,49,56,57,63,66,69,72
7/8/07,12,13,15,23,24,27,29,31,36,40,42,46,47,50,51,61,69,70,76,79
7/7/07,06,10,17,18,22,24,31,34,40,42,44,50,54,55,56,58,62,64,73,75
7/6/07,07,09,11,13,20,21,22,24,26,28,33,58,60,62,66,71,73,75,76,79
7/5/07,02,04,20,33,34,36,39,40,41,48,50,51,55,56,58,66,69,73,75,78
7/4/07,05,09,11,13,16,23,26,28,37,41,49,54,56,59,61,63,64,72,73,74
7/3/07,01,03,05,07,08,12,21,27,30,31,38,46,47,57,60,63,64,75,77,80
7/2/07,01,04,11,13,14,20,25,26,31,34,35,48,51,52,54,60,61,63,66,72
7/1/07,04,05,11,13,18,20,21,24,28,29,30,33,45,49,53,54,67,73,75,79
6/30/07,01,02,07,09,10,11,13,17,24,30,37,39,45,46,56,61,63,66,71,76
6/29/07,02,04,06,11,12,14,15,19,20,24,31,38,41,42,46,54,63,64,65,78
6/28/07,06,10,14,20,26,29,44,47,50,51,52,53,54,55,61,62,63,68,76,78
6/27/07,02,03,06,09,12,13,15,18,19,20,24,30,35,41,44,47,51,74,79,80
6/26/07,02,17,23,25,38,39,41,44,46,47,48,54,56,57,64,69,71,74,76,79
6/25/07,04,06,11,12,13,19,21,26,27,28,33,35,43,46,54,57,60,64,65,69
6/24/07,04,09,14,15,17,25,27,31,33,36,44,48,57,58,64,68,71,72,73,76
6/23/07,06,07,10,12,17,20,23,33,35,37,40,41,56,58,62,64,66,71,76,80
6/22/07,05,16,17,18,20,21,25,30,32,38,39,52,55,60,67,70,73,74,75,79
6/21/07,05,06,07,12,36,39,47,48,53,55,56,57,58,60,65,69,73,76,78,79
6/20/07,13,15,21,27,29,33,35,36,40,46,48,51,52,54,55,57,60,67,69,76
6/19/07,01,02,03,05,08,09,10,14,18,22,28,30,41,50,52,55,59,61,63,66
6/18/07,01,05,18,21,25,26,31,34,36,43,44,46,49,54,56,63,65,69,75,80
6/17/07,02,08,09,13,15,21,31,32,39,40,45,49,51,54,59,63,69,72,79,80
6/16/07,03,07,09,10,11,17,24,30,38,40,42,44,46,54,57,63,66,70,78,79
6/15/07,08,11,12,22,33,34,35,42,46,47,49,53,59,61,64,68,72,73,74,79
6/14/07,01,07,10,21,26,28,36,39,41,42,46,49,52,53,59,64,65,76,78,79
6/13/07,01,02,05,06,08,11,13,19,24,34,45,49,53,54,64,66,68,71,72,76
6/12/07,04,07,08,18,22,23,27,29,30,36,38,49,51,53,56,60,69,71,72,79
6/11/07,01,09,11,13,17,22,33,39,42,44,45,47,50,53,55,56,65,68,69,77
6/10/07,05,12,14,18,22,27,28,40,45,49,50,52,54,55,64,73,75,77,78,80
6/9/07,06,09,14,18,20,23,24,25,27,29,37,45,48,49,59,70,73,74,75,80
6/8/07,01,02,16,22,26,27,30,46,52,53,56,59,61,62,64,67,69,74,78,79
6/7/07,07,11,14,21,28,30,33,35,36,44,46,50,58,59,61,63,68,70,71,79
6/6/07,01,03,05,13,16,23,32,42,43,47,49,52,57,58,60,70,72,76,77,80
6/5/07,01,06,11,12,13,15,19,21,22,25,33,45,51,52,58,61,64,69,70,77
6/4/07,01,02,04,08,14,20,24,27,31,33,36,39,40,43,45,47,63,69,71,74
6/3/07,02,05,06,13,16,19,29,30,32,34,35,38,44,46,57,58,60,65,66,74
6/2/07,01,02,06,07,08,10,17,18,22,27,31,39,40,41,50,58,59,64,71,80
6/1/07,03,20,22,23,25,30,31,39,44,46,51,58,61,63,66,69,70,73,77,78
5/31/07,03,07,10,16,24,26,27,32,33,39,45,48,49,51,53,57,73,74,79,80
5/30/07,01,08,19,21,23,27,33,34,41,43,49,53,54,56,60,62,69,71,72,74
5/29/07,05,06,11,12,15,24,27,34,35,36,41,43,52,55,58,66,70,71,75,80
5/28/07,01,09,10,15,17,19,21,23,24,35,47,48,49,50,52,55,64,74,77,79
5/27/07,03,05,08,13,19,23,26,31,34,37,38,42,44,47,50,56,66,67,69,80
5/26/07,04,06,07,10,21,26,30,37,46,55,58,59,61,62,65,72,73,74,75,76
5/25/07,06,08,12,16,17,21,24,26,27,33,34,41,42,43,47,50,61,63,64,72
5/24/07,05,10,12,17,19,28,29,31,34,37,39,41,43,47,50,51,59,62,64,68
5/23/07,10,12,14,17,22,26,31,33,37,45,48,55,59,60,66,67,69,75,76,80
5/22/07,08,11,14,15,19,21,22,24,32,35,39,41,48,53,58,70,72,73,79,80
5/21/07,02,08,10,12,18,20,25,26,31,34,35,36,41,54,55,64,66,67,68,78
5/20/07,01,02,09,19,23,24,27,31,37,38,39,42,52,54,59,66,68,75,77,78
5/19/07,02,13,14,19,23,34,35,37,42,45,47,49,50,51,52,54,60,72,74,80
5/18/07,02,03,06,07,10,21,23,25,26,31,34,40,41,42,51,55,72,73,77,79
5/17/07,02,03,04,16,17,19,26,27,28,33,37,46,49,50,51,57,59,67,68,79
5/16/07,11,13,18,20,22,26,27,29,33,38,42,44,54,56,59,62,70,72,75,79
5/15/07,01,08,14,17,19,20,22,24,32,35,36,43,45,46,54,57,60,69,70,75
5/14/07,01,03,06,07,11,15,24,31,38,39,46,47,49,52,53,55,63,64,71,78
5/13/07,01,05,09,11,19,20,22,35,45,48,55,61,64,65,68,70,72,78,79,80
5/12/07,01,07,11,13,14,17,31,38,43,44,45,48,51,58,64,69,70,75,76,77
5/11/07,05,08,09,13,18,26,34,44,46,47,55,64,67,69,71,73,74,76,79,80
5/10/07,02,06,14,15,24,26,32,35,37,44,49,51,52,59,61,62,66,69,72,75
5/9/07,02,03,04,09,11,13,26,28,32,35,38,41,48,51,57,61,62,64,70,75
5/8/07,11,16,20,24,25,36,40,42,44,46,48,50,52,57,61,71,72,73,79,80
5/7/07,01,10,14,17,24,27,29,35,37,44,47,53,54,57,58,60,63,69,73,78
5/6/07,02,05,06,20,22,29,31,37,45,46,52,57,62,65,67,69,70,72,76,79
5/5/07,03,07,09,13,15,18,21,22,23,28,31,34,37,48,57,60,71,73,77,79
5/4/07,02,08,10,14,21,31,37,38,40,52,61,62,64,68,72,73,74,75,77,79
5/3/07,02,03,05,10,17,23,34,36,38,39,42,46,59,60,61,69,70,71,73,80
5/2/07,05,08,09,13,21,31,35,49,50,51,53,55,65,66,67,68,69,72,77,80
5/1/07,04,09,13,15,21,22,27,37,40,41,46,47,50,56,58,60,68,74,77,79
4/30/07,03,05,06,13,21,26,32,35,37,43,45,47,49,50,51,54,56,57,69,77
4/29/07,08,11,20,24,25,27,32,48,51,52,53,60,62,64,73,74,75,76,77,78
4/28/07,02,04,09,11,12,13,20,26,32,34,45,46,47,48,49,59,62,67,71,72
4/27/07,02,08,15,16,19,20,24,28,31,34,35,42,44,45,49,50,51,58,62,69
4/26/07,09,14,16,18,22,23,24,26,29,33,35,39,50,52,53,69,70,71,73,75
4/25/07,11,14,15,17,21,23,26,28,32,37,41,48,49,50,56,66,68,69,71,76
4/24/07,04,10,14,17,21,26,27,33,36,38,41,45,56,57,61,62,65,70,71,79
4/23/07,05,07,09,11,12,16,20,25,31,34,35,40,49,54,59,60,67,68,75,76
4/22/07,02,06,07,09,15,17,20,32,42,43,45,48,51,64,66,68,69,71,76,78
4/21/07,02,03,09,19,21,31,42,46,48,51,58,59,60,61,62,66,69,75,76,77
4/20/07,01,03,04,06,10,12,17,25,26,28,29,30,33,35,36,38,57,59,68,79
4/19/07,01,04,06,08,09,10,13,16,18,31,33,38,39,42,46,51,60,67,68,71
4/18/07,03,04,05,07,10,13,14,21,30,35,36,38,51,61,66,67,69,70,76,80
4/17/07,09,10,11,16,21,23,28,30,34,37,40,42,43,44,47,54,63,65,69,78
4/16/07,06,09,11,12,13,20,27,35,36,40,41,42,51,54,55,57,66,71,72,76
4/15/07,02,04,06,07,13,22,30,32,38,39,44,51,53,54,62,65,68,71,72,75
4/14/07,16,17,19,22,26,27,31,32,37,41,42,45,50,52,53,55,58,68,69,78
4/13/07,04,05,10,11,16,17,22,24,26,29,34,40,41,42,46,48,53,54,64,70
4/12/07,05,11,13,14,15,20,23,27,30,34,35,41,43,51,61,69,72,74,77,80
4/11/07,01,06,08,21,22,23,24,25,26,34,38,39,43,44,51,68,75,77,78,79
4/10/07,09,10,13,14,20,21,22,32,33,36,43,47,52,59,60,70,72,74,75,77
4/9/07,02,03,07,11,14,19,20,22,26,27,34,35,39,41,42,45,57,61,68,76
4/8/07,03,12,14,16,23,27,32,33,37,38,40,43,44,46,48,55,58,61,69,73
4/7/07,11,16,20,21,22,26,29,30,36,39,42,51,54,55,65,66,68,77,79,80
4/6/07,06,07,10,13,15,26,27,28,34,38,40,48,49,52,56,62,63,71,75,80
4/5/07,08,09,19,24,26,30,34,35,38,40,42,48,50,56,58,61,70,71,72,75
4/4/07,02,03,08,12,16,19,20,26,29,33,35,39,53,54,56,59,62,64,65,78
4/3/07,10,13,15,16,21,23,24,27,28,32,34,35,36,39,48,63,68,73,74,77
4/2/07,06,08,13,16,20,25,29,31,32,35,39,40,44,54,55,56,57,62,65,80
4/1/07,01,05,07,15,20,25,27,38,39,42,43,53,59,63,67,68,71,72,75,76
3/31/07,04,10,11,20,22,24,25,45,46,49,51,52,57,61,63,67,68,69,71,76
3/30/07,02,04,11,20,22,25,31,38,43,45,46,48,50,61,62,64,69,70,72,73
3/29/07,05,10,12,14,24,27,39,44,46,47,51,54,55,61,62,63,69,70,79,80
3/28/07,01,04,05,06,12,23,25,30,32,40,42,44,48,50,52,57,61,70,71,72
3/27/07,03,07,08,10,11,13,22,24,36,38,42,44,52,53,54,57,62,67,70,71
3/26/07,07,11,18,20,22,23,34,36,47,48,49,50,52,58,60,65,66,73,76,78
3/25/07,03,05,06,07,10,11,12,18,21,25,26,35,38,40,42,45,49,70,75,79
3/24/07,03,13,20,22,23,33,39,40,42,43,46,49,50,53,65,68,70,71,72,79
3/23/07,01,02,04,08,09,16,17,22,31,33,35,41,43,46,51,52,54,55,65,74
3/22/07,01,02,03,10,12,18,21,27,38,42,45,53,56,66,69,72,73,75,76,80
3/21/07,01,07,09,13,15,22,25,27,32,33,39,41,43,44,49,50,52,55,57,80
3/20/07,05,08,11,12,16,19,23,25,31,35,36,40,52,53,57,63,67,71,79,80
3/19/07,03,05,06,10,12,15,19,32,40,49,53,57,58,60,61,70,71,72,73,78
3/18/07,01,04,05,18,19,22,23,27,30,35,40,49,50,51,66,68,73,75,76,77
3/17/07,03,04,07,11,18,19,20,22,37,38,39,47,58,61,65,66,70,71,72,80
3/16/07,05,08,09,18,21,29,30,32,36,38,44,45,47,51,58,61,65,68,77,80
3/15/07,01,04,05,11,15,17,20,21,24,26,33,35,39,48,49,52,55,56,65,73
3/14/07,03,04,09,13,15,16,20,21,23,34,39,48,49,53,54,56,63,68,78,80
3/13/07,02,03,06,18,19,22,27,30,36,53,55,56,57,61,63,66,69,70,73,77
3/12/07,08,10,12,16,19,23,24,25,26,29,35,46,52,54,58,59,70,72,75,76
3/11/07,02,03,04,12,13,18,30,33,37,38,39,42,43,46,49,54,56,60,62,78
3/10/07,04,06,11,13,14,20,22,28,30,33,42,45,46,57,63,64,66,67,75,79
3/9/07,01,05,10,17,19,21,22,34,36,37,38,42,43,49,56,62,67,68,71,76
3/8/07,08,15,18,23,26,30,32,33,35,40,43,50,54,55,56,60,65,70,73,79
3/7/07,01,07,14,15,22,25,28,29,34,39,41,45,47,48,59,66,70,73,78,79
3/6/07,02,08,15,21,22,28,40,41,45,48,50,57,61,62,66,68,71,72,74,80
3/5/07,01,07,08,12,15,17,18,21,32,33,37,38,40,49,51,52,53,59,60,69
3/4/07,05,06,07,16,29,30,31,35,38,43,47,49,54,59,60,63,69,70,72,77
3/3/07,11,19,20,21,22,26,29,32,36,40,42,46,51,57,60,64,65,71,79,80
3/2/07,01,05,10,12,13,19,20,24,26,27,30,32,38,42,47,54,66,74,75,78
3/1/07,02,03,05,09,14,17,20,22,33,37,39,44,45,48,51,54,55,58,70,76
2/28/07,04,07,17,21,24,27,31,34,35,38,40,41,44,50,55,69,70,73,75,77
2/27/07,03,06,09,20,21,34,42,45,46,49,50,52,53,56,59,68,72,77,79,80
2/26/07,01,02,05,06,08,10,26,27,28,29,34,42,44,48,55,57,58,61,68,78
2/25/07,03,05,09,12,14,15,16,17,36,39,40,43,44,46,52,63,64,65,78,79
2/24/07,02,03,14,16,19,38,53,54,55,56,58,61,62,64,66,70,73,74,75,76
2/23/07,03,04,07,09,10,11,13,16,17,30,32,33,36,40,42,59,66,67,71,74
2/22/07,03,08,09,10,11,14,23,24,39,47,53,54,58,60,64,66,68,75,76,79
2/21/07,02,06,08,12,13,19,23,27,32,34,36,40,44,50,55,59,61,66,70,72
2/20/07,02,04,13,22,24,25,27,28,29,30,34,40,48,51,52,53,54,63,67,75
2/19/07,02,07,13,16,17,22,23,26,29,35,36,43,52,55,58,72,73,75,78,80
2/18/07,11,13,14,18,20,23,26,38,46,48,53,54,55,57,65,66,71,74,77,80
2/17/07,04,13,14,16,20,32,35,36,40,43,46,47,48,49,53,55,61,65,76,80
2/16/07,01,03,06,08,09,10,16,20,29,34,41,46,57,62,63,64,65,77,79,80
2/15/07,02,05,07,08,10,11,15,17,23,26,30,32,38,40,49,51,55,58,61,65
2/14/07,02,04,05,07,12,13,16,17,24,35,38,42,46,49,56,59,61,67,69,73
2/13/07,01,05,08,10,11,18,20,21,23,28,29,41,47,48,51,64,72,73,76,80
2/12/07,06,09,18,27,28,31,33,38,40,41,50,53,56,57,61,63,68,74,77,80
2/11/07,03,06,07,15,27,31,35,41,44,51,53,55,56,58,60,62,63,69,70,71
2/10/07,02,04,05,12,14,16,20,23,27,34,36,37,44,51,52,56,71,72,75,80
2/9/07,08,20,25,27,29,33,39,42,43,44,45,47,54,66,68,69,70,74,77,78
2/8/07,02,06,10,13,15,27,28,32,34,39,41,46,49,52,54,69,75,77,78,79
2/7/07,03,08,12,25,26,40,44,50,55,59,60,61,63,64,68,71,72,76,78,79
2/6/07,03,04,08,16,19,21,22,24,25,28,31,39,40,56,57,58,61,69,70,77
2/5/07,04,10,15,16,19,34,43,46,47,49,50,52,53,54,57,59,62,63,78,80
2/4/07,02,08,12,13,17,18,19,30,44,45,46,54,62,63,65,68,70,71,79,80
2/3/07,10,14,18,22,23,24,30,32,35,37,54,55,59,61,70,71,73,74,76,80
2/2/07,02,04,06,10,26,28,36,39,40,41,44,45,58,65,67,69,70,74,77,80
2/1/07,04,05,09,11,12,22,24,35,38,39,40,44,45,46,47,48,54,69,75,79
1/31/07,03,11,14,16,18,20,25,28,32,38,40,53,57,65,67,71,73,74,75,77
1/30/07,06,08,10,11,13,14,18,22,27,28,39,42,54,56,60,63,64,68,73,74
1/29/07,01,09,12,16,21,27,29,33,34,36,39,48,49,51,53,56,60,63,69,80
1/28/07,02,06,16,21,31,39,40,49,50,51,52,53,54,55,58,59,63,64,74,78
1/27/07,07,10,12,16,20,22,26,27,32,36,39,43,44,45,52,58,61,63,73,74
1/26/07,05,09,10,11,14,18,19,20,21,34,35,41,44,62,64,66,67,68,72,76
1/25/07,15,22,28,31,40,42,44,45,46,58,59,62,63,65,67,69,70,71,75,79
1/24/07,01,06,09,13,14,17,19,21,24,28,30,35,36,38,42,44,54,65,71,80
1/23/07,01,05,07,13,15,19,26,31,32,33,37,41,43,47,51,65,67,72,76,77
1/22/07,14,16,20,22,29,30,31,40,42,43,52,53,55,56,58,62,64,68,76,78
1/21/07,01,10,16,19,22,23,24,27,29,30,35,36,41,42,43,53,62,66,67,76
1/20/07,08,10,12,24,25,27,30,32,37,44,47,48,49,51,58,60,61,64,66,80
1/19/07,01,11,12,17,19,35,40,41,47,53,56,58,59,60,65,67,71,74,76,78
1/18/07,04,08,14,30,31,33,37,48,53,55,56,61,62,64,65,67,69,74,78,80
1/17/07,02,04,05,08,16,22,23,26,34,43,52,59,65,66,68,71,76,77,79,80
1/16/07,08,09,14,16,18,21,22,23,35,37,38,43,47,49,60,61,65,66,68,79
1/15/07,01,07,12,21,24,26,38,41,45,46,51,54,60,61,64,67,70,74,76,78
1/14/07,06,10,20,25,27,33,34,36,37,38,40,41,43,49,51,53,55,71,74,76
1/13/07,05,06,13,20,26,28,30,32,36,39,40,48,49,55,59,60,61,71,73,80
1/12/07,01,03,11,13,16,20,21,22,24,35,36,41,46,58,59,62,64,67,75,80
1/11/07,04,19,22,24,29,30,33,36,39,43,45,47,48,54,55,56,58,59,70,74
1/10/07,06,09,20,24,25,28,29,41,42,45,46,49,51,53,55,67,69,70,77,78
1/9/07,06,07,08,15,18,20,23,25,33,39,50,56,59,63,64,65,67,68,78,80
1/8/07,03,08,09,14,17,20,21,27,41,42,44,50,51,53,54,55,65,75,77,78
1/7/07,01,02,03,08,09,11,13,16,17,21,26,30,33,34,41,44,51,60,63,72
1/6/07,02,07,08,10,11,12,17,22,23,24,27,33,39,46,49,53,61,67,70,73
1/5/07,07,13,14,22,25,26,28,31,32,33,38,43,54,58,69,72,74,75,77,79
1/4/07,04,05,07,08,10,11,15,19,22,24,29,46,48,49,57,63,68,73,74,75
1/3/07,02,10,11,12,13,15,22,23,24,26,27,34,37,48,49,62,65,67,74,80
1/2/07,03,10,12,15,16,19,23,24,28,31,50,52,56,57,58,62,67,70,75,76
1/1/07,02,05,07,15,16,20,21,26,32,37,42,52,53,58,59,60,71,74,77,78
12/31/06,01,02,03,05,09,20,22,24,29,32,40,47,48,52,55,60,62,67,74,80
12/30/06,03,04,08,09,10,11,13,18,25,28,30,35,37,42,46,53,54,60,67,74
12/29/06,02,08,10,12,17,18,21,31,37,38,46,48,56,58,65,66,72,77,78,79
12/28/06,01,02,07,13,15,16,22,23,30,32,36,53,57,58,63,68,69,70,74,80
12/27/06,14,17,19,26,27,29,30,32,33,36,37,41,44,45,53,54,56,62,67,69
12/26/06,07,09,13,18,23,27,38,42,54,55,60,61,62,67,68,69,70,73,77,79
12/24/06,05,08,10,11,18,22,23,25,28,29,31,33,37,45,47,51,59,67,68,74
12/23/06,03,07,09,11,12,13,17,22,23,28,30,38,44,45,46,53,54,59,73,80
12/22/06,05,10,13,15,17,20,25,27,31,36,40,48,50,56,57,60,62,68,71,80
12/21/06,03,06,07,08,27,28,29,30,32,38,45,54,56,62,64,71,72,73,74,79
12/20/06,06,09,10,11,16,17,18,21,29,32,35,37,40,41,51,53,54,56,57,66
12/19/06,01,03,11,13,15,20,25,28,31,38,45,47,49,50,55,56,58,68,71,79
12/18/06,03,09,14,15,21,22,23,25,27,32,40,43,45,46,51,52,67,69,71,74
12/17/06,01,02,04,06,08,16,17,22,29,30,39,40,44,48,53,56,59,60,71,80
12/16/06,02,03,05,06,15,18,27,32,34,37,38,39,41,43,48,50,58,65,67,70
12/15/06,02,07,16,18,19,22,26,29,31,34,37,41,43,49,52,62,69,70,77,80
12/14/06,01,04,10,11,28,29,35,38,40,49,51,54,56,59,64,65,69,76,77,78
12/13/06,04,06,10,12,14,16,25,35,38,46,47,48,50,51,55,60,68,71,72,73
12/12/06,02,05,09,18,23,24,33,35,37,44,45,49,50,58,66,68,69,71,74,80
12/11/06,03,04,13,15,21,31,39,40,43,44,45,48,50,56,59,61,63,66,67,80
12/10/06,01,02,04,05,06,19,21,22,31,37,38,39,43,45,51,55,62,68,74,80
12/9/06,02,03,05,06,11,16,18,25,28,31,36,39,46,52,65,66,68,69,72,80
12/8/06,11,12,18,19,21,23,25,28,30,31,41,44,47,52,54,55,58,60,61,71
12/7/06,01,03,11,12,20,21,22,33,34,36,47,48,49,52,58,70,71,72,73,75
12/6/06,01,11,17,19,22,26,27,29,30,32,36,43,55,57,61,62,65,72,73,78
12/5/06,03,04,08,09,19,23,24,29,31,32,33,45,46,54,57,64,66,72,75,80
12/4/06,03,10,15,19,20,24,26,27,28,40,43,46,50,57,61,66,68,70,72,75
12/3/06,05,09,12,17,20,25,28,31,37,43,44,48,54,56,61,65,67,68,70,73
12/2/06,04,15,23,24,25,31,37,40,44,49,50,51,56,57,60,61,64,71,74,78
12/1/06,02,05,07,14,15,22,23,29,30,38,42,44,53,58,61,65,68,69,70,77
11/30/06,11,12,14,19,21,24,25,28,38,41,42,44,47,50,52,57,63,67,71,72
11/29/06,05,06,08,09,10,11,12,25,26,29,31,40,41,46,47,56,63,68,72,76
11/28/06,05,06,10,12,13,26,29,31,33,40,55,56,57,58,62,68,71,76,78,79
11/27/06,08,09,12,14,19,20,23,24,36,38,40,47,48,49,53,55,58,65,71,74
11/26/06,01,12,17,19,20,25,32,39,40,45,52,59,62,63,68,69,72,73,79,80
11/25/06,05,07,09,16,20,22,29,35,45,48,49,54,58,64,67,69,71,73,74,75
11/24/06,02,12,13,14,19,20,32,33,36,40,41,44,46,47,48,49,50,56,63,69
11/23/06,05,07,09,12,13,18,20,21,25,32,35,36,41,42,55,60,63,73,77,80
11/22/06,02,03,05,06,21,32,39,48,49,51,52,54,59,62,63,64,66,70,76,77
11/21/06,06,10,15,17,21,30,36,40,41,46,50,55,60,62,63,64,67,68,69,76
11/20/06,10,11,14,15,16,24,28,30,35,36,41,45,53,55,56,57,63,71,73,75
11/19/06,06,12,14,16,19,22,28,30,37,41,42,50,52,57,61,67,73,74,75,79
11/18/06,04,05,09,13,20,24,25,29,38,41,49,52,62,63,65,67,71,74,76,80
11/17/06,04,05,09,12,13,19,21,24,27,31,33,40,43,54,62,68,71,74,77,78
11/16/06,01,02,04,05,10,18,20,21,28,31,34,44,47,50,52,56,60,67,78,79
11/15/06,02,06,09,20,32,34,45,47,55,56,58,63,64,65,67,70,77,78,79,80
11/14/06,05,10,16,17,21,23,25,30,33,40,43,47,50,52,58,62,65,67,70,76
11/13/06,01,02,06,17,22,27,28,31,34,35,40,42,52,55,56,58,62,65,66,79
11/12/06,02,03,05,07,23,31,34,39,44,45,48,52,55,57,58,61,68,73,74,77
11/11/06,01,08,13,17,26,33,34,35,41,42,43,44,46,54,59,61,67,68,73,77
11/10/06,02,03,17,18,21,28,29,32,33,34,41,60,62,68,72,73,74,76,77,78
11/9/06,01,02,04,07,16,32,35,36,38,39,42,47,49,50,51,54,62,75,76,80
11/8/06,01,04,07,08,09,10,11,14,20,33,52,53,56,57,61,63,65,77,78,80
11/7/06,03,09,23,26,33,36,37,44,47,50,53,56,57,61,62,69,73,74,75,78
11/6/06,01,06,07,19,29,31,36,38,40,42,46,50,60,61,63,66,69,71,77,80
11/5/06,01,02,05,07,09,10,13,25,34,35,36,37,40,48,50,52,61,65,74,79
11/4/06,06,10,12,13,14,15,23,24,27,28,29,37,43,44,46,52,64,68,74,77
11/3/06,05,09,15,20,26,31,32,34,41,46,47,50,51,52,53,56,62,72,79,80
11/2/06,04,10,13,16,18,19,23,31,32,39,51,55,56,60,61,62,64,73,78,80
11/1/06,01,05,14,16,17,19,23,25,28,33,38,44,48,50,58,60,64,66,77,78
10/31/06,04,11,16,18,22,23,24,25,31,35,37,40,43,45,46,49,51,61,65,68
10/30/06,01,02,04,13,17,18,21,24,29,38,39,40,46,47,48,51,58,62,68,79
10/29/06,02,04,05,06,08,09,12,27,32,38,39,40,41,46,55,56,64,65,67,76
10/28/06,06,09,12,13,15,20,23,26,42,43,47,48,54,58,61,63,68,70,73,75
10/27/06,04,05,07,08,09,12,20,23,27,30,31,41,50,60,63,70,74,76,77,78
10/26/06,07,10,13,16,17,22,24,26,35,37,49,51,61,63,65,66,67,74,78,79
10/25/06,10,13,15,17,20,23,27,28,30,35,39,40,41,47,49,57,62,65,69,78
10/24/06,01,03,10,21,24,26,27,31,40,44,47,48,49,55,56,57,64,66,67,77
10/23/06,07,13,17,18,22,24,26,33,35,36,38,42,48,49,50,63,67,70,71,76
10/22/06,01,04,05,06,11,17,20,24,27,29,34,36,41,56,58,60,66,70,73,77
10/21/06,01,03,08,14,22,23,28,32,38,41,42,43,48,63,65,67,68,71,76,78
10/20/06,02,11,14,18,21,29,30,38,46,49,51,52,53,55,60,62,64,67,70,71
10/19/06,06,07,12,16,18,21,25,30,34,36,48,55,58,60,61,63,66,69,78,80
10/18/06,01,05,09,12,16,24,26,28,32,40,48,53,56,59,61,63,68,70,73,76
10/17/06,08,14,16,17,18,31,35,36,38,44,46,47,48,49,50,57,61,63,66,73
10/16/06,03,05,06,18,21,29,35,37,44,48,51,52,57,64,67,68,71,72,73,79
10/15/06,03,04,05,17,20,27,31,32,34,36,43,44,46,47,48,51,53,57,64,80
10/14/06,09,11,12,16,23,24,26,30,33,37,38,39,46,48,50,55,63,66,69,76
10/13/06,01,06,11,12,17,23,24,27,32,33,34,35,40,49,63,64,65,66,75,77
10/12/06,03,04,09,11,17,20,24,25,26,34,41,43,47,51,60,65,70,71,72,76
10/11/06,03,04,06,09,13,16,20,24,25,34,40,50,51,52,56,63,69,71,72,73
10/10/06,05,06,07,12,18,24,26,32,35,36,47,48,52,58,60,66,69,70,73,76
10/9/06,02,20,21,22,23,28,38,46,48,49,50,52,54,55,58,60,64,78,79,80
10/8/06,03,07,21,22,29,30,31,35,38,44,48,56,57,58,60,67,68,70,72,78
10/7/06,03,06,07,08,09,12,19,22,27,36,48,51,52,53,56,57,76,77,78,80
10/6/06,02,03,07,17,18,23,29,30,31,32,36,40,49,53,55,56,57,59,60,66
10/5/06,01,03,06,08,16,17,19,22,30,36,37,39,44,53,62,63,67,68,77,78
10/4/06,04,13,18,23,24,30,37,40,43,45,51,52,58,60,62,63,65,67,68,76
10/3/06,04,09,16,18,20,21,23,27,30,37,39,41,43,47,51,61,72,73,75,77
10/2/06,02,04,07,08,09,10,14,19,30,36,37,39,50,51,55,61,68,73,74,80
10/1/06,01,03,09,14,18,28,31,33,36,37,41,48,51,54,56,58,63,67,75,78
9/30/06,09,16,21,23,25,27,28,29,33,34,36,37,39,56,59,63,70,72,73,76
9/29/06,03,07,10,12,16,32,34,45,51,52,55,56,58,64,66,70,74,77,78,79
9/28/06,01,11,18,24,29,31,34,38,39,41,42,48,49,52,54,56,62,64,68,70
9/27/06,10,11,12,15,18,23,25,27,31,38,41,44,45,53,59,63,65,70,73,79
9/26/06,03,11,15,16,19,23,25,26,33,37,40,44,52,55,57,59,65,67,71,77
9/25/06,01,03,04,06,08,11,16,23,37,39,42,44,48,64,65,67,68,70,72,80
9/24/06,04,07,10,13,17,21,23,25,30,32,38,40,44,51,55,70,73,77,78,80
9/23/06,01,04,06,07,10,12,15,20,22,27,28,30,41,46,49,57,60,61,63,66
9/22/06,08,12,13,15,18,29,32,33,35,37,43,44,45,46,53,66,67,71,72,76
9/21/06,06,13,14,17,19,28,30,40,41,47,49,54,55,61,65,68,76,77,79,80
9/20/06,02,03,04,09,17,22,28,30,31,33,42,46,52,56,63,67,73,76,79,80
9/19/06,02,08,11,12,17,19,22,23,26,39,42,45,46,49,50,55,66,68,70,78
9/18/06,02,03,08,09,16,23,25,27,31,32,33,35,36,47,65,67,68,73,74,78
9/17/06,04,08,10,14,22,33,35,44,48,51,52,53,60,63,65,67,68,69,73,74
9/16/06,04,08,10,13,15,25,28,35,37,41,43,47,53,54,57,58,60,61,66,74
9/15/06,08,10,12,15,22,25,27,28,32,33,34,46,47,58,64,65,68,75,76,78
9/14/06,06,11,16,18,21,32,36,37,38,41,45,57,59,63,71,72,73,74,75,80
9/13/06,01,11,13,20,23,24,28,31,32,36,44,45,52,61,63,65,67,74,77,79
9/12/06,07,09,10,13,14,18,19,20,30,32,35,38,46,48,59,62,64,65,71,77
9/11/06,01,03,08,21,22,24,25,32,33,34,35,40,41,44,46,51,60,61,65,71
9/10/06,08,13,15,17,18,21,29,33,38,39,40,45,47,64,68,70,72,75,78,80
9/9/06,03,04,09,18,20,22,26,29,31,33,37,38,39,42,44,49,63,68,76,78
9/8/06,01,02,03,04,09,12,13,17,21,26,28,29,37,47,48,59,65,67,68,73
9/7/06,05,12,13,14,15,20,30,31,34,35,41,51,55,57,66,69,72,73,75,79
9/6/06,03,04,05,08,13,19,30,32,33,43,45,51,54,59,60,68,69,71,77,79
9/5/06,09,12,13,15,23,27,30,31,32,35,36,37,47,49,52,56,58,64,65,68
9/4/06,02,04,06,08,10,14,18,20,30,32,35,42,45,49,54,63,67,70,72,79
9/3/06,06,08,11,14,18,25,26,29,32,33,34,35,44,48,49,54,57,68,70,77
9/2/06,02,05,06,10,11,12,14,18,37,42,48,49,55,56,57,64,67,72,77,80
9/1/06,05,07,10,12,13,15,27,29,32,35,37,38,48,52,56,57,60,65,68,76
8/31/06,03,07,09,17,19,24,33,39,43,47,50,54,58,59,60,64,70,71,72,74
8/30/06,02,03,05,11,13,19,20,21,34,36,42,47,50,52,55,56,57,63,64,75
8/29/06,01,02,04,09,10,12,18,22,25,26,28,30,31,33,52,57,59,68,76,78
8/28/06,03,04,09,13,14,17,22,25,28,31,37,39,52,57,62,67,68,71,72,78
8/27/06,10,14,17,20,22,26,27,28,30,31,33,48,50,51,55,58,59,60,72,76
8/26/06,03,06,12,14,17,22,26,31,32,38,40,41,44,45,52,59,60,63,64,72
8/25/06,03,04,11,22,23,30,33,35,40,41,44,45,49,50,62,63,65,67,69,74
8/24/06,02,10,13,14,18,19,20,24,25,33,34,35,36,41,44,49,50,59,74,75
8/23/06,08,09,10,18,19,22,25,32,38,40,43,47,48,52,54,58,60,66,67,75
8/22/06,02,03,07,10,12,15,18,23,25,27,28,29,47,49,50,51,56,65,70,73
8/21/06,04,12,14,15,16,31,33,36,37,39,40,43,44,46,53,58,63,66,75,77
8/20/06,08,19,20,21,22,25,29,34,36,37,41,43,44,63,69,70,73,74,76,78
8/19/06,03,05,08,21,23,26,27,31,34,35,36,37,41,49,52,55,60,62,65,79
8/18/06,04,07,09,11,13,14,15,22,23,31,33,35,40,50,61,65,67,69,71,77
8/17/06,04,06,15,19,21,23,29,39,44,46,51,56,62,65,68,70,72,73,75,79
8/16/06,03,04,08,15,20,23,27,35,42,45,51,52,59,64,66,68,73,74,76,79
8/15/06,01,03,04,06,13,14,22,25,26,27,35,37,46,49,54,60,68,71,72,73
8/14/06,05,13,16,23,24,25,36,37,39,41,42,43,45,49,57,61,68,69,71,79
8/13/06,02,07,09,14,16,17,21,22,23,28,29,35,36,38,45,53,58,65,73,78
8/12/06,01,04,14,23,30,35,37,40,48,51,54,61,62,64,65,70,73,75,79,80
8/11/06,04,16,17,21,28,29,34,36,38,42,43,44,47,48,51,54,61,66,71,80
8/10/06,07,19,22,23,36,38,42,44,45,48,52,54,55,59,60,61,62,68,72,76
8/9/06,01,05,08,10,13,19,27,28,36,37,38,39,42,43,51,58,65,72,78,80
8/8/06,05,06,09,17,21,22,23,25,26,31,34,35,39,46,50,56,64,65,69,71
8/7/06,02,08,12,17,19,32,35,38,41,46,49,53,61,63,66,68,69,70,75,77
8/6/06,01,10,12,13,18,22,23,26,28,29,37,38,41,47,49,55,56,58,61,73
8/5/06,08,09,15,17,19,25,27,29,30,33,36,48,49,53,58,68,73,77,78,79
8/4/06,13,16,20,23,24,27,30,34,37,47,53,55,62,63,67,69,72,78,79,80
8/3/06,03,05,07,08,15,17,27,40,45,46,47,50,53,54,56,58,61,63,67,74
8/2/06,02,04,06,08,14,17,22,26,27,31,40,41,42,44,48,49,66,76,77,80
8/1/06,04,16,19,22,26,28,30,36,37,40,44,46,52,54,57,59,62,64,71,74
7/31/06,04,07,11,12,13,14,18,21,24,25,33,35,36,38,44,50,56,62,71,77
7/30/06,07,09,10,12,14,15,16,34,35,36,38,40,41,44,51,55,57,58,66,78
7/29/06,01,10,14,16,28,40,44,48,51,53,54,63,64,65,68,71,74,77,78,79
7/28/06,03,08,11,13,17,18,21,24,25,30,36,56,57,59,63,69,72,75,77,79
7/27/06,05,11,19,21,26,27,32,36,37,42,44,48,52,60,66,67,68,72,73,75
7/26/06,03,11,14,18,22,24,27,28,30,36,46,47,48,55,57,59,65,68,69,74
7/25/06,01,07,10,24,28,29,45,48,52,54,55,56,60,62,63,65,66,71,72,80
7/24/06,11,13,14,16,21,22,25,31,38,39,48,49,51,53,56,59,64,70,71,77
7/23/06,05,07,08,14,17,21,24,28,29,30,33,39,42,43,52,53,54,62,66,78
7/22/06,04,06,07,11,19,22,25,27,32,35,40,45,49,52,53,61,63,71,73,77
7/21/06,04,11,17,22,25,26,28,34,35,36,47,53,55,56,57,58,60,68,77,79
7/20/06,02,05,12,27,28,35,43,44,46,47,48,49,53,54,59,64,65,71,73,77
7/19/06,03,04,06,08,14,15,22,28,39,41,42,47,48,51,54,59,63,68,73,76
7/18/06,01,05,10,19,22,23,30,32,33,34,37,38,45,47,56,62,72,74,75,78
7/17/06,05,07,10,11,14,19,30,33,35,38,46,49,54,56,60,62,66,69,75,79
7/16/06,01,03,06,10,15,16,20,21,22,28,32,34,53,60,66,68,69,73,78,80
7/15/06,10,11,14,18,21,23,24,28,30,34,38,39,42,44,46,48,59,70,71,74
7/14/06,08,12,18,21,23,37,38,42,46,47,48,51,53,57,58,61,65,70,71,77
7/13/06,01,05,10,16,19,29,31,36,40,44,49,50,51,57,61,64,68,70,73,75
7/12/06,03,04,06,07,08,18,24,33,34,41,48,49,52,56,59,62,65,66,67,78
7/11/06,03,10,14,15,22,28,33,39,42,43,44,48,50,52,53,55,64,74,75,76
7/10/06,04,09,10,22,23,26,29,31,38,41,43,50,52,53,58,61,65,73,75,80
7/9/06,01,03,06,11,13,33,41,42,43,44,51,52,58,61,62,66,68,70,76,78
7/8/06,02,09,12,16,23,26,27,30,33,38,40,46,49,52,60,67,71,73,78,80
7/7/06,02,06,12,14,23,27,28,31,33,41,53,54,55,63,64,65,67,70,75,77
7/6/06,01,11,13,14,17,20,24,26,27,31,32,37,41,42,44,48,52,54,60,66
7/5/06,07,09,10,15,17,21,22,26,32,48,53,59,63,64,66,68,69,72,73,79
7/4/06,03,05,11,12,15,24,28,31,38,39,41,45,55,60,63,68,69,75,78,79
7/3/06,02,03,05,08,13,15,17,18,27,32,33,43,47,61,68,69,71,74,76,79
7/2/06,10,11,14,16,20,21,22,33,35,36,39,55,57,58,59,66,67,70,71,75
7/1/06,05,08,22,26,29,32,38,40,47,51,52,57,61,62,67,70,71,77,78,79
6/30/06,02,08,09,10,16,18,22,24,25,45,52,53,55,65,67,70,71,72,76,78
6/29/06,05,15,16,21,22,31,33,35,36,40,55,60,62,64,67,69,73,74,77,78
6/28/06,04,09,13,14,15,16,21,26,31,33,38,39,48,55,57,59,67,69,73,76
6/27/06,01,06,07,20,22,26,38,39,40,41,42,52,58,61,64,69,72,74,77,80
6/26/06,02,03,05,07,09,10,24,30,33,37,40,41,42,44,48,49,57,61,64,68
6/25/06,01,02,05,09,22,26,28,29,31,41,43,44,52,53,56,59,60,66,74,78
6/24/06,06,10,15,17,18,22,33,34,37,38,47,50,66,67,68,69,72,73,74,80
6/23/06,07,13,17,22,26,27,29,34,35,36,39,41,45,46,47,53,55,59,71,80
6/22/06,03,16,17,21,22,27,32,37,41,43,50,58,60,61,64,72,73,77,78,80
6/21/06,09,11,12,16,20,26,33,39,43,47,49,50,54,57,58,61,66,68,69,71
6/20/06,10,11,17,21,22,25,34,44,46,48,53,55,56,57,61,62,67,68,77,80
6/19/06,08,10,11,13,14,20,26,27,33,39,41,43,47,53,54,58,62,66,70,71
6/18/06,02,04,05,09,10,12,15,17,23,27,28,29,36,40,45,64,68,72,73,77
6/17/06,05,06,12,19,23,25,32,33,41,56,58,61,62,66,68,70,73,74,76,77
6/16/06,16,19,20,21,22,27,28,29,33,35,41,50,52,57,59,60,64,67,71,72
6/15/06,01,03,05,17,19,23,27,29,32,42,44,45,53,56,58,59,63,70,76,78
6/14/06,03,09,15,16,18,19,20,37,38,39,43,47,51,60,61,63,66,67,71,79
6/13/06,01,09,10,16,17,18,19,23,26,30,42,54,55,69,70,72,74,75,77,80
6/12/06,02,20,23,29,31,35,37,40,43,51,52,54,58,59,61,65,67,70,73,74
6/11/06,02,04,05,09,13,14,16,24,29,33,37,39,48,49,55,63,66,69,71,78
6/10/06,04,06,07,08,12,14,15,17,19,23,24,27,28,35,38,41,48,53,73,80
6/9/06,05,11,15,16,23,24,26,27,28,31,33,38,47,59,64,65,71,74,77,80
6/8/06,01,04,05,09,10,14,18,27,31,38,40,41,42,45,47,52,54,65,68,73
6/7/06,01,03,07,09,19,20,30,34,35,36,39,42,44,45,46,61,72,75,76,77
6/6/06,06,10,12,14,18,21,22,31,32,33,36,47,54,60,65,66,68,70,71,80
6/5/06,02,05,21,25,31,35,36,38,43,47,49,53,55,57,58,63,70,72,79,80
6/4/06,01,17,20,26,29,31,37,41,43,49,51,55,56,58,60,66,69,74,77,80
6/3/06,13,14,16,17,24,25,26,28,30,34,35,39,49,50,56,62,65,66,68,71
6/2/06,02,08,12,14,15,16,17,22,26,29,31,33,43,50,54,61,65,72,76,78
6/1/06,03,10,13,17,19,21,23,28,29,30,36,40,47,51,52,55,59,61,67,69
5/31/06,04,05,09,11,14,25,26,27,30,31,32,33,38,41,42,58,61,62,65,79
5/30/06,03,06,09,13,14,20,27,34,35,37,38,42,43,46,52,57,64,67,70,74
5/29/06,05,11,13,17,23,27,28,31,34,38,43,44,63,66,67,70,71,74,77,78
5/28/06,01,10,13,16,23,25,30,32,33,35,38,43,46,49,51,60,68,74,75,78
5/27/06,05,10,11,21,26,29,34,35,38,40,44,46,50,51,53,55,57,60,74,77
5/26/06,01,03,11,16,17,19,22,24,25,28,29,37,46,47,53,54,65,75,77,78
5/25/06,02,03,07,14,15,23,29,32,34,35,38,40,42,44,63,65,69,72,74,75
5/24/06,02,04,06,12,16,23,32,34,36,37,45,50,54,58,66,69,70,72,77,78
5/23/06,06,10,11,14,18,19,26,29,31,32,34,35,38,54,57,58,63,64,69,80
5/22/06,04,06,08,12,14,19,21,23,31,32,35,37,38,43,47,57,58,64,74,77
5/21/06,03,08,11,12,13,15,18,21,23,25,26,33,49,50,53,57,59,73,75,76
5/20/06,03,05,07,09,10,11,13,15,17,20,29,40,48,49,50,60,63,67,71,78
5/19/06,03,07,09,13,14,19,27,35,40,42,46,47,57,59,62,71,73,74,75,80
5/18/06,01,11,14,15,18,22,23,28,29,30,31,32,33,37,38,45,52,66,67,79
5/17/06,09,10,11,15,23,28,29,30,34,47,49,50,55,59,63,66,68,69,74,75
5/16/06,01,13,16,23,31,43,50,51,52,53,61,65,66,67,72,73,75,76,77,78
5/15/06,01,04,09,10,13,15,18,21,24,30,33,41,42,44,55,57,64,65,77,79
5/14/06,09,11,14,22,23,24,29,31,38,39,41,42,43,44,46,50,51,53,64,69
5/13/06,02,04,07,10,22,32,34,36,40,42,49,50,56,57,59,61,66,67,77,79
5/12/06,10,13,17,21,25,26,27,29,32,34,36,37,51,54,62,66,69,70,73,74
5/11/06,02,10,14,15,16,19,26,30,32,36,38,41,43,47,54,64,65,72,73,78
5/10/06,03,07,08,19,20,22,26,30,41,42,45,46,53,56,59,60,63,65,67,73
5/9/06,02,05,08,10,16,18,19,30,31,33,38,40,50,51,57,58,65,69,73,74
5/8/06,01,03,05,07,18,23,25,30,40,41,43,44,48,49,51,59,64,65,66,72
5/7/06,13,15,17,27,28,33,35,38,41,46,47,51,57,59,64,65,70,73,76,79
5/6/06,06,08,10,22,23,25,28,36,38,39,42,46,61,63,65,68,72,75,76,79
5/5/06,05,11,13,15,16,22,25,30,35,39,42,54,57,59,60,72,74,78,79,80
5/4/06,02,06,09,10,12,25,27,30,31,33,34,36,41,50,58,61,63,67,71,79
5/3/06,05,06,08,09,11,12,16,17,18,24,27,28,29,42,43,59,60,63,71,79
5/2/06,06,11,18,29,34,39,43,46,48,49,52,56,57,61,68,70,71,75,76,77
5/1/06,05,06,08,11,14,17,18,20,28,30,32,42,50,51,55,57,58,60,69,73
4/30/06,02,07,09,16,17,22,26,27,29,31,34,36,37,41,43,45,52,55,61,66
4/29/06,03,04,12,17,22,27,28,29,32,37,43,49,56,60,62,63,69,70,77,78
4/28/06,05,07,08,16,17,18,28,35,42,44,46,48,49,50,52,53,56,69,71,74
4/27/06,02,03,11,17,22,27,33,35,39,41,42,45,52,57,60,63,66,73,74,78
4/26/06,02,03,06,07,13,14,17,19,29,42,44,46,49,52,60,65,66,67,69,80
4/25/06,01,03,04,07,08,09,16,25,28,32,37,39,44,47,55,57,64,78,79,80
4/24/06,01,03,08,09,10,14,15,19,21,25,32,44,50,52,61,62,72,74,75,76
4/23/06,08,13,15,16,21,26,27,39,42,45,46,48,50,54,57,58,59,67,76,78
4/22/06,12,19,22,29,33,35,39,42,49,50,53,57,61,63,67,68,72,73,78,79
4/21/06,02,03,08,11,19,20,21,35,37,41,42,44,53,57,61,67,72,74,75,78
4/20/06,01,05,17,19,24,26,28,29,31,35,37,40,47,50,52,57,61,62,65,76
4/19/06,04,05,13,20,22,25,28,29,30,37,41,43,44,46,51,53,66,67,68,79
4/18/06,10,19,20,23,24,28,35,41,47,52,55,57,59,61,63,69,74,76,77,79
4/17/06,01,04,13,14,15,17,18,22,26,31,37,38,39,40,51,66,67,73,76,80
4/16/06,05,07,08,11,14,32,34,39,48,50,52,53,54,55,61,63,64,66,68,71
4/15/06,04,05,06,07,09,11,14,26,27,32,37,47,53,56,63,65,67,74,78,79
4/14/06,08,10,12,14,19,24,33,40,41,43,44,48,55,63,64,65,70,71,73,79
4/13/06,01,02,08,11,12,15,16,17,22,23,32,42,47,49,51,55,58,64,74,78
4/12/06,01,09,13,14,18,20,23,26,30,38,41,44,45,48,51,56,58,63,69,77
4/11/06,04,05,07,09,13,17,30,31,32,36,44,46,50,51,54,56,60,63,67,79
4/10/06,02,05,13,23,24,25,28,31,32,33,38,39,46,47,49,52,66,72,74,78
4/9/06,07,10,14,20,24,33,34,35,40,43,44,48,51,52,57,60,62,66,67,69
4/8/06,04,13,17,19,21,36,37,38,41,42,43,47,51,58,67,68,70,72,77,80
4/7/06,02,04,13,16,19,27,33,40,41,46,47,48,50,55,57,63,65,66,67,72
4/6/06,06,07,08,12,17,18,31,37,39,41,53,62,63,65,66,67,70,73,74,76
4/5/06,11,12,18,22,27,29,30,35,37,39,40,41,45,48,51,56,57,59,72,80
4/4/06,05,07,12,13,15,19,25,29,31,32,33,35,36,49,54,56,59,63,76,77
4/3/06,06,09,15,16,17,21,33,35,38,39,40,44,47,49,51,56,57,58,72,74
4/2/06,03,07,09,12,16,17,18,26,27,30,35,39,47,49,61,64,66,67,72,76
4/1/06,02,05,10,12,13,14,21,31,40,41,45,50,51,60,62,65,66,68,74,76
3/31/06,01,06,11,16,19,22,26,32,36,40,41,42,44,48,51,57,67,71,72,79
3/30/06,04,06,09,13,16,19,22,37,42,46,47,48,49,50,55,58,66,72,77,80
3/29/06,05,09,12,15,23,28,29,32,35,37,41,42,50,55,57,66,68,71,73,78
3/28/06,01,04,13,18,19,29,31,32,34,35,36,38,42,48,52,56,60,61,66,76
3/27/06,05,06,08,14,16,22,27,32,36,44,45,50,51,62,69,70,74,76,77,79
3/26/06,04,12,16,17,21,32,33,37,38,43,46,47,56,58,59,60,67,74,76,79
3/25/06,07,12,16,19,23,25,26,29,31,32,39,43,46,50,53,61,64,71,73,75
3/24/06,06,07,08,13,17,22,25,26,27,36,46,57,58,59,63,67,72,74,79,80
3/23/06,01,06,11,12,18,25,28,32,34,35,37,38,41,44,45,48,51,57,73,78
3/22/06,08,11,13,15,16,22,28,30,31,32,38,41,44,47,50,51,59,61,63,65
3/21/06,01,11,15,31,36,37,40,41,42,51,53,55,58,62,65,66,68,69,72,76
3/20/06,07,11,15,16,19,28,30,31,37,39,46,50,64,65,67,70,72,75,76,77
3/19/06,05,07,08,09,17,18,25,29,30,42,46,47,49,55,58,71,77,78,79,80
3/18/06,01,04,05,07,11,15,17,20,28,31,32,37,47,54,55,56,60,61,75,80
3/17/06,03,07,08,12,17,18,19,20,24,26,27,35,40,47,52,53,54,65,69,72
3/16/06,01,04,05,11,16,31,35,42,43,51,52,53,60,61,63,64,67,71,73,78
3/15/06,09,10,14,15,16,19,29,34,35,39,43,50,52,54,58,63,65,68,71,79
3/14/06,05,06,08,10,22,23,39,42,44,50,52,54,61,64,65,66,71,73,75,80
3/13/06,07,09,10,11,15,19,26,28,30,33,36,41,46,55,57,59,65,71,78,80
3/12/06,07,12,17,26,28,29,30,31,34,36,40,44,54,55,58,61,63,67,68,74
3/11/06,07,09,12,17,33,35,37,38,39,40,51,53,54,56,58,59,61,69,74,77
3/10/06,05,13,21,24,27,33,36,39,42,44,49,53,58,59,61,65,67,69,79,80
3/9/06,08,09,11,14,17,28,29,30,34,36,38,41,44,46,48,58,60,63,69,75
3/8/06,02,04,11,16,27,28,29,32,35,50,57,60,65,66,69,70,75,77,78,79
3/7/06,09,10,20,21,25,26,30,32,34,38,43,47,51,58,61,64,65,67,75,76
3/6/06,03,06,21,23,30,33,34,35,36,39,40,44,46,62,64,65,69,70,72,79
3/5/06,01,04,08,11,19,23,26,32,34,39,43,52,54,59,60,63,66,67,73,77
3/4/06,02,07,13,14,19,26,28,40,43,50,53,58,60,61,64,65,67,71,79,80
3/3/06,05,07,10,11,15,18,20,27,28,30,31,45,49,53,54,58,62,76,79,80
3/2/06,06,07,11,12,13,14,27,28,33,36,47,51,56,57,67,69,72,78,79,80
3/1/06,01,06,07,08,12,13,18,28,37,39,40,41,43,47,52,56,57,63,76,80
2/28/06,01,08,11,17,26,28,34,38,42,43,45,46,48,52,53,54,58,59,60,79
2/27/06,03,09,21,22,23,24,34,35,37,39,43,45,49,53,54,57,72,74,75,76
2/26/06,02,05,07,10,19,24,26,27,28,32,34,38,40,45,47,48,49,57,63,79
2/25/06,05,11,12,24,30,36,38,43,46,47,49,62,64,65,66,68,70,71,76,79
2/24/06,06,08,10,15,25,26,30,33,35,36,38,39,57,59,60,62,71,72,74,78
2/23/06,01,02,03,15,17,19,20,41,46,48,50,58,59,60,61,65,69,70,72,73
2/22/06,06,08,12,17,19,25,29,36,39,41,43,46,50,51,58,59,71,74,77,78
2/21/06,08,11,13,20,30,31,32,38,40,41,44,48,49,54,59,60,63,67,70,78
2/20/06,01,15,16,17,18,27,29,30,39,41,42,48,50,52,63,66,68,70,74,80
2/19/06,04,13,15,20,23,25,28,33,51,52,60,64,66,67,70,71,72,74,76,77
2/18/06,01,15,16,19,27,29,38,40,42,43,44,50,51,56,63,65,70,71,72,79
2/17/06,04,06,17,20,29,32,33,38,47,49,52,54,55,56,63,69,72,73,77,80
2/16/06,07,14,22,28,30,32,37,50,52,56,58,61,63,68,71,72,74,77,78,80
2/15/06,01,03,04,08,13,14,24,33,34,44,47,49,56,57,59,66,72,73,75,76
2/14/06,02,04,10,12,14,17,22,24,26,30,37,45,50,52,55,58,66,70,71,79
2/13/06,04,06,09,10,14,18,26,31,34,38,41,53,58,61,62,63,64,69,71,79
2/12/06,02,03,05,06,22,30,31,32,35,41,50,51,52,56,59,61,69,74,76,79
2/11/06,01,03,11,12,17,27,31,34,39,46,47,49,54,57,58,62,73,74,75,76
2/10/06,04,06,10,13,34,35,40,41,44,46,48,50,52,54,63,64,69,76,77,80
2/9/06,07,08,13,15,16,17,21,23,28,33,36,41,48,53,57,58,61,68,69,79
2/8/06,01,06,12,14,17,26,28,35,37,40,43,44,46,50,56,58,61,62,63,64
2/7/06,01,04,05,06,14,16,26,31,32,40,49,50,53,60,65,66,68,75,79,80
2/6/06,01,02,06,10,17,20,21,27,30,36,38,39,42,52,53,55,56,66,72,75
2/5/06,02,17,21,22,23,28,30,39,41,42,46,51,53,58,60,68,72,74,75,80
2/4/06,01,03,10,14,19,20,23,25,26,28,32,34,36,40,47,55,57,62,68,77
2/3/06,01,02,03,08,23,24,28,30,35,40,43,48,49,51,57,59,60,65,73,79
2/2/06,12,15,23,24,27,28,32,33,44,45,51,52,53,60,61,62,69,74,78,80
2/1/06,03,06,08,17,22,24,30,33,35,40,41,43,48,53,55,61,62,64,73,76
1/31/06,02,03,10,15,20,25,28,32,36,41,43,51,60,61,63,70,71,72,78,79
1/30/06,01,11,12,18,20,21,24,32,34,35,37,38,40,42,44,62,70,74,78,80
1/29/06,11,13,20,21,22,23,25,28,29,36,41,43,49,55,59,65,74,75,76,77
1/28/06,03,06,07,09,10,15,16,21,24,31,32,35,36,37,46,54,64,65,78,79
1/27/06,02,05,09,10,11,28,30,31,32,35,41,44,51,52,55,57,60,67,70,74
1/26/06,11,13,14,18,21,23,33,38,45,49,50,56,57,60,61,63,64,71,74,79
1/25/06,05,08,09,34,35,39,42,45,46,47,51,52,54,55,62,67,69,71,74,80
1/24/06,04,05,09,12,21,23,25,29,42,43,44,47,51,53,54,56,58,59,67,74
1/23/06,05,06,08,13,17,18,20,27,30,31,35,39,42,51,58,61,62,68,76,79
1/22/06,01,03,10,16,17,18,24,25,27,39,40,54,57,60,61,62,64,71,75,79
1/21/06,01,03,04,05,19,21,28,29,40,41,47,53,54,56,57,63,64,71,74,78
1/20/06,01,02,07,11,12,13,16,17,23,27,30,32,34,38,41,42,67,73,75,76
1/19/06,01,02,05,11,15,18,20,21,25,32,33,39,43,46,49,50,52,54,63,69
1/18/06,02,03,11,21,27,31,32,35,39,42,43,45,47,55,67,73,74,75,76,77
1/17/06,03,04,08,09,10,11,18,22,33,41,50,51,54,56,59,61,65,67,71,77
1/16/06,04,06,22,25,28,30,34,37,38,47,48,49,51,52,58,70,72,73,76,80
1/15/06,02,06,07,09,11,12,15,20,23,26,40,41,42,50,55,56,64,65,69,77
1/14/06,03,08,10,12,14,19,25,26,28,29,35,36,48,52,53,61,66,69,75,78
1/13/06,01,05,10,26,32,34,35,38,40,41,47,48,54,56,60,61,64,69,70,77
1/12/06,14,15,18,19,22,23,24,27,30,38,44,53,55,60,64,70,74,77,78,79
1/11/06,01,03,06,07,14,17,18,19,26,31,32,46,52,56,57,58,67,68,69,75
1/10/06,02,05,08,11,13,29,30,37,39,40,46,52,57,62,67,68,71,73,75,76
1/9/06,05,07,13,19,25,29,31,34,38,39,40,44,48,49,55,64,69,70,75,79
1/8/06,04,09,10,13,21,25,26,32,38,39,44,47,49,54,57,63,72,77,78,79
1/7/06,07,08,10,21,22,24,27,29,30,31,43,44,46,54,57,59,62,74,75,76
1/6/06,05,09,14,18,25,35,38,40,43,45,49,53,55,57,68,71,73,74,75,79
1/5/06,07,09,13,16,24,31,32,38,39,43,44,45,47,50,52,60,64,73,75,77
1/4/06,03,05,11,16,27,29,31,32,40,43,44,49,50,51,53,57,59,60,63,77
1/3/06,02,04,07,09,13,25,26,27,30,32,39,40,44,46,60,65,68,69,72,74
1/2/06,03,04,16,17,18,24,28,29,33,36,37,38,40,44,49,62,68,74,76,78
1/1/06,01,07,09,10,13,22,23,30,40,44,49,50,52,53,54,55,58,63,65,68
12/31/05,02,03,07,15,19,22,42,44,48,49,51,55,57,58,60,61,65,66,71,73
12/30/05,08,13,14,19,21,22,24,25,28,38,44,45,55,57,60,63,67,72,74,77
12/29/05,02,06,10,13,21,24,25,26,27,28,29,38,48,51,58,60,64,67,73,80
12/28/05,01,02,06,07,12,24,28,30,36,39,42,47,56,59,67,69,70,71,72,79
12/27/05,03,08,12,15,18,20,21,23,24,32,37,39,41,43,44,47,72,74,75,76
12/26/05,11,12,19,21,22,23,25,26,33,36,39,40,42,51,55,56,60,61,62,71
12/24/05,08,11,17,19,20,24,25,26,30,33,39,48,49,58,62,65,69,75,79,80
12/23/05,11,14,21,26,32,33,34,35,36,39,49,50,51,53,55,59,66,72,73,80
12/22/05,04,05,18,25,27,31,33,35,36,43,51,53,58,59,62,72,74,77,78,80
12/21/05,09,18,26,28,29,31,34,36,37,39,44,49,52,53,62,63,64,65,77,80
12/20/05,05,08,10,11,19,22,28,30,32,40,45,47,50,51,53,59,61,64,72,80
12/19/05,02,03,15,18,20,21,28,29,39,42,43,50,51,61,63,68,74,75,78,80
12/18/05,04,05,09,20,22,29,32,33,34,41,43,45,49,57,61,62,72,74,76,78
12/17/05,02,04,06,12,14,16,17,19,21,25,26,27,37,38,52,53,54,56,73,75
12/16/05,03,07,11,12,14,17,18,21,23,24,29,31,38,42,45,56,57,63,70,73
12/15/05,01,09,10,15,20,24,26,27,30,39,43,47,55,57,60,62,64,65,67,69
12/14/05,03,19,20,23,31,32,34,38,41,43,46,47,56,60,62,64,71,72,74,77
12/13/05,04,11,14,22,24,30,40,41,42,45,46,48,60,61,62,65,70,71,73,78
12/12/05,04,07,14,15,17,21,23,30,33,37,46,53,54,57,60,62,66,68,74,80
12/11/05,02,05,07,10,17,28,37,39,42,44,46,57,58,61,62,64,68,69,77,80
12/10/05,06,08,20,22,28,30,37,40,44,45,46,47,52,54,56,57,58,67,71,75
12/9/05,02,05,06,08,13,15,23,25,29,33,50,52,54,58,60,61,66,68,70,73
12/8/05,01,04,05,11,17,18,34,37,38,39,45,48,57,58,62,65,69,75,76,77
12/7/05,04,06,17,20,21,24,28,31,32,34,38,40,41,42,51,55,57,73,74,80
12/6/05,03,19,20,22,28,29,30,45,48,50,51,52,56,59,61,68,72,74,77,79
12/5/05,04,05,10,12,13,14,15,17,23,27,31,35,41,53,57,59,62,63,69,80
12/4/05,08,10,25,32,39,42,57,58,60,65,66,67,68,69,73,74,75,77,78,79
12/3/05,06,07,08,10,14,18,23,24,30,39,45,49,50,51,58,62,66,69,76,79
12/2/05,03,09,17,18,22,24,31,34,36,42,44,49,53,56,58,66,68,69,71,78
12/1/05,04,09,14,18,21,24,28,32,33,44,46,48,49,51,58,60,61,67,73,78
11/30/05,02,15,23,24,25,28,30,34,37,43,46,49,53,55,60,63,67,72,73,79
11/29/05,02,04,08,16,21,22,24,26,31,34,35,36,37,44,46,47,53,61,77,78
11/28/05,05,09,14,17,19,29,32,33,37,39,51,54,56,58,64,65,70,71,72,80
11/27/05,06,08,11,16,24,26,28,30,32,43,44,45,47,49,56,57,60,68,74,78
11/26/05,01,05,06,08,13,22,26,31,35,43,44,47,50,62,63,68,69,75,77,80
11/25/05,07,15,18,21,26,27,28,33,43,46,47,51,52,53,59,62,66,69,73,77
11/24/05,04,06,08,20,27,30,32,33,40,41,42,44,56,58,60,70,72,73,75,78
11/23/05,05,09,23,24,25,29,32,35,40,42,46,49,53,56,58,60,66,76,78,79
11/22/05,04,11,18,21,24,29,33,35,38,41,44,50,54,55,56,60,61,70,71,76
11/21/05,05,14,16,19,21,23,24,28,32,34,42,47,48,50,62,64,66,67,72,78
11/20/05,01,02,06,12,20,23,33,35,36,39,40,42,45,49,51,57,64,69,73,78
11/19/05,01,08,10,17,18,19,21,22,25,26,27,29,48,51,60,64,66,70,76,77
11/18/05,01,07,08,18,20,21,23,26,29,30,42,43,52,54,55,56,59,68,71,73
11/17/05,08,12,16,18,21,32,33,35,36,37,41,43,46,56,59,64,65,68,73,74
11/16/05,02,05,06,07,15,17,19,22,27,28,29,33,35,38,39,51,57,65,66,74
11/15/05,06,11,14,20,22,25,28,32,34,35,38,45,46,55,56,61,65,67,73,74
11/14/05,01,02,05,06,07,08,13,40,51,52,59,60,61,62,63,65,72,73,76,80
11/13/05,09,10,18,22,32,33,37,38,40,44,46,47,49,50,52,58,59,68,76,77
11/12/05,10,19,35,36,41,44,45,46,50,51,54,55,57,59,60,61,65,67,72,80
11/11/05,01,05,09,14,15,21,26,28,30,31,41,46,48,51,56,59,64,68,69,78
11/10/05,09,16,25,26,29,36,37,41,43,44,46,48,49,51,63,65,68,69,71,77
11/9/05,02,04,07,11,15,16,24,27,34,35,41,49,52,57,58,60,66,68,70,71
11/8/05,08,10,13,15,19,20,21,23,27,33,37,42,50,55,56,71,73,76,77,78
11/7/05,03,08,12,13,16,17,21,27,28,31,43,44,47,55,57,59,63,64,67,78
11/6/05,07,09,10,20,24,41,43,45,47,49,53,54,57,64,67,69,70,77,79,80
11/5/05,02,03,05,12,16,24,29,36,40,43,46,47,50,57,61,62,70,76,79,80
11/4/05,01,02,10,17,20,23,26,27,33,39,40,42,58,59,62,66,68,74,77,80
11/3/05,01,03,04,22,24,28,33,37,42,45,48,49,51,52,57,65,67,73,77,78
11/2/05,04,05,14,20,25,26,27,30,32,34,35,39,42,43,56,60,61,67,70,72
11/1/05,09,17,18,27,31,32,35,37,38,43,46,49,52,58,59,62,66,71,74,78
10/31/05,02,08,16,18,26,31,32,42,49,51,54,57,61,63,69,70,73,74,76,80
10/30/05,16,18,19,21,22,24,30,37,43,51,54,57,63,65,68,70,71,74,77,80
10/29/05,07,12,13,14,16,18,21,24,35,36,40,49,52,58,59,70,71,73,75,78
10/28/05,04,12,15,26,34,41,43,45,47,53,55,62,65,68,70,71,74,75,78,79
10/27/05,04,08,09,10,12,14,19,31,33,36,40,45,47,59,68,69,70,77,78,80
10/26/05,04,11,13,21,22,23,24,25,26,29,38,45,48,53,55,61,69,75,77,80
10/25/05,01,07,11,16,22,26,31,35,37,46,48,50,56,60,62,64,65,72,77,79
10/24/05,03,04,11,12,17,26,28,29,35,40,42,46,48,53,60,62,63,68,73,76
10/23/05,04,05,10,11,13,16,17,18,20,26,43,46,49,52,59,64,65,72,77,78
10/22/05,01,06,07,12,19,28,31,32,33,36,39,41,46,49,52,60,67,76,77,78
10/21/05,01,02,05,07,09,11,12,19,22,25,27,33,37,39,40,49,51,52,65,66
10/20/05,01,08,11,13,15,18,19,31,35,44,49,55,56,58,67,69,70,71,77,79
10/19/05,02,03,06,07,14,16,23,24,25,26,33,42,50,51,53,57,63,68,79,80
10/18/05,04,05,07,11,14,18,20,25,34,38,39,44,49,51,62,65,66,69,70,77
10/17/05,06,12,14,18,20,23,26,37,41,42,46,48,57,64,66,68,70,72,73,78
10/16/05,04,07,08,12,14,17,20,24,28,29,30,31,33,37,38,50,56,58,73,80
10/15/05,08,11,19,26,29,30,31,34,36,45,48,60,66,69,73,74,75,76,77,79
10/14/05,01,02,07,12,20,26,32,33,36,39,41,45,52,55,56,63,67,73,76,78
10/13/05,01,08,12,19,21,23,25,26,28,36,37,39,56,57,60,61,62,73,74,76
10/12/05,02,18,21,24,27,29,34,37,38,39,52,54,62,65,66,72,76,77,79,80
10/11/05,05,06,08,11,22,24,28,30,31,34,40,41,53,61,62,66,68,73,75,80
10/10/05,05,18,20,21,33,36,37,45,48,50,54,60,63,64,66,67,69,74,76,79
10/9/05,02,12,14,18,26,32,34,42,43,45,48,51,53,61,62,67,70,74,75,77
10/8/05,03,05,06,07,13,14,19,20,22,34,39,41,54,58,62,64,68,69,74,79
10/7/05,01,11,20,23,24,27,29,30,34,43,50,51,52,54,55,58,59,61,62,77
10/6/05,03,05,06,08,13,20,25,35,43,48,58,61,65,66,68,70,73,75,79,80
10/5/05,01,02,04,06,11,12,16,17,30,38,46,49,50,54,59,64,67,70,75,80
10/4/05,05,06,11,13,19,20,21,33,37,38,39,49,50,51,54,57,59,61,70,78
10/3/05,08,09,10,12,13,14,17,18,32,34,37,47,49,55,56,60,61,66,72,77
10/2/05,01,05,10,14,18,19,25,27,30,39,43,49,52,58,59,62,63,67,69,76
10/1/05,02,09,10,12,20,24,27,32,36,37,41,44,49,53,56,67,68,70,76,80
9/30/05,06,10,12,14,20,23,28,30,33,34,39,40,48,49,54,60,63,64,77,80
9/29/05,09,11,14,22,26,30,34,37,42,45,51,56,59,61,62,63,66,75,79,80
9/28/05,05,12,15,17,27,29,30,34,43,44,46,52,54,57,58,62,63,68,74,76
9/27/05,07,11,17,20,23,26,27,28,31,37,38,43,49,50,51,53,57,63,67,79
9/26/05,02,05,08,09,13,16,20,30,33,35,43,44,47,49,51,58,64,71,73,75
9/25/05,02,07,09,10,26,27,33,35,37,38,40,43,45,48,53,54,62,70,73,79
9/24/05,03,08,10,11,12,19,26,30,36,37,44,49,52,53,58,61,65,69,70,77
9/23/05,04,08,14,17,18,25,26,27,32,39,40,41,50,51,52,56,58,59,64,68
9/22/05,04,19,30,33,36,40,41,43,46,47,50,51,53,58,63,64,65,71,75,80
9/21/05,04,05,08,10,11,16,21,24,35,41,44,46,50,55,64,67,68,73,74,78
9/20/05,02,04,07,09,13,27,29,36,37,39,40,44,48,55,58,61,65,69,71,74
9/19/05,02,10,12,18,19,21,22,25,34,35,40,41,42,44,48,52,54,56,62,63
9/18/05,02,19,24,26,27,29,30,33,38,45,47,52,62,64,67,72,74,75,79,80
9/17/05,04,05,06,07,10,12,14,19,30,34,35,39,41,47,48,51,60,66,67,78
9/16/05,04,05,13,16,24,32,33,34,35,41,43,53,54,61,62,63,64,66,71,79
9/15/05,01,03,14,19,26,28,29,34,37,40,44,50,57,58,64,68,73,75,76,79
9/14/05,01,06,11,14,18,22,26,29,32,36,37,42,44,46,56,58,61,63,67,79
9/13/05,10,13,16,20,22,29,30,33,34,36,38,39,43,44,52,58,59,62,64,65
9/12/05,02,04,09,10,15,20,22,26,29,33,41,42,45,48,55,58,62,63,68,79
9/11/05,09,11,13,19,20,23,28,34,42,43,45,49,50,51,52,55,58,69,76,77
9/10/05,04,05,06,08,10,15,20,22,23,26,36,40,41,43,44,45,49,53,64,76
9/9/05,09,16,21,23,26,37,38,39,41,46,47,57,58,60,62,67,68,69,75,76
9/8/05,07,15,17,18,21,25,30,39,47,50,51,52,53,54,55,60,62,68,70,72
9/7/05,03,04,12,16,17,21,24,30,46,52,54,55,57,60,65,68,70,75,78,80
9/6/05,02,04,12,16,18,21,22,26,33,34,36,42,53,57,59,62,63,64,71,72
9/5/05,03,11,13,24,29,30,33,35,40,56,57,62,63,66,72,74,75,77,78,79
9/4/05,05,09,12,13,16,17,22,25,30,31,32,33,36,37,38,41,47,72,77,79
9/3/05,02,03,04,05,09,10,12,21,22,24,28,36,40,43,47,50,58,59,62,70
9/2/05,07,10,17,18,20,22,25,28,30,31,33,38,46,47,49,51,67,72,73,75
9/1/05,04,06,07,09,12,13,14,19,26,28,33,44,46,48,50,52,53,55,62,66
8/31/05,09,15,20,21,27,28,31,32,38,41,49,52,56,60,61,63,67,69,75,79
8/30/05,07,08,12,23,30,37,38,45,47,48,51,52,54,62,64,67,68,69,74,80
8/29/05,02,03,12,13,20,23,25,30,32,45,46,48,55,56,62,64,65,72,73,76
8/28/05,03,12,14,22,23,25,27,28,30,32,35,43,45,58,59,68,69,70,76,79
8/27/05,06,13,22,23,24,25,26,28,29,41,42,46,51,53,57,58,65,66,70,79
8/26/05,08,10,16,17,21,25,31,34,37,38,41,43,45,47,49,51,55,61,76,80
8/25/05,03,07,10,19,20,33,35,37,38,46,55,57,62,63,64,65,67,70,71,77
8/24/05,01,10,14,18,22,32,34,37,38,41,42,43,47,54,58,66,68,72,74,77
8/23/05,04,05,06,10,12,16,35,37,45,46,49,51,52,55,57,59,61,74,76,80
8/22/05,01,04,12,19,22,23,24,27,29,30,32,33,38,39,40,41,51,59,64,76
8/21/05,07,10,19,23,24,28,36,37,47,59,60,62,63,64,65,68,70,71,74,80
8/20/05,02,04,07,08,14,15,16,17,27,30,34,47,54,55,58,62,68,77,78,80
8/19/05,15,21,24,27,28,29,30,31,33,37,40,41,42,44,47,50,57,68,77,78
8/18/05,03,04,16,19,21,22,24,30,34,38,43,45,48,53,64,68,69,72,75,77
8/17/05,09,20,23,28,30,31,34,37,39,41,42,45,47,50,51,54,69,71,72,79
8/16/05,11,13,18,21,26,28,29,32,39,42,48,49,50,55,65,66,67,76,78,80
8/15/05,03,04,07,11,17,24,25,30,32,38,42,44,51,58,61,68,72,77,78,79
8/14/05,04,08,09,14,15,18,23,26,29,33,38,44,45,50,52,53,56,63,70,71
8/13/05,01,04,09,14,18,24,30,31,32,41,46,53,54,56,57,60,62,63,68,71
8/12/05,03,04,05,10,15,20,22,26,29,33,40,44,47,49,52,53,61,69,71,77
8/11/05,02,04,05,11,13,14,16,17,18,26,32,34,41,43,57,61,66,73,74,76
8/10/05,01,02,05,19,22,32,33,35,39,44,50,58,59,60,64,67,68,70,75,80
8/9/05,05,08,11,13,14,15,21,23,27,33,36,42,43,44,50,56,58,69,73,79
8/8/05,08,15,16,18,19,20,30,35,38,45,47,52,55,56,58,65,69,73,77,80
8/7/05,01,02,10,14,19,26,27,34,39,42,43,50,51,56,60,67,74,75,78,80
8/6/05,03,08,09,12,14,15,19,22,25,28,34,35,56,57,63,70,71,74,75,77
8/5/05,05,09,18,19,20,24,28,29,31,33,40,52,57,60,66,68,72,77,78,79
8/4/05,02,04,08,14,15,17,18,25,27,28,29,30,36,46,51,54,59,64,68,73
8/3/05,09,11,14,15,19,22,26,36,40,49,51,54,57,60,63,65,69,73,77,80
8/2/05,05,07,12,20,24,28,35,39,41,42,43,45,47,56,65,70,71,72,75,76
8/1/05,02,16,18,21,22,23,31,32,36,37,38,48,51,53,57,58,67,70,77,78
7/31/05,01,02,06,08,10,16,18,22,26,34,35,38,39,40,56,62,66,74,78,80
7/30/05,01,06,08,10,13,17,19,31,33,35,38,44,45,48,52,59,61,68,69,80
7/29/05,02,04,09,11,13,16,20,25,33,34,43,45,48,50,51,52,54,58,73,79
7/28/05,01,02,04,08,09,36,39,40,43,48,49,52,53,56,58,63,68,69,75,78
7/27/05,02,06,08,10,12,20,21,27,28,37,39,40,48,50,58,64,66,67,75,78
7/26/05,04,06,09,20,22,27,29,31,32,34,38,54,59,61,63,65,69,72,76,80
7/25/05,01,04,05,08,12,16,20,28,37,47,49,50,55,59,61,64,68,74,78,80
7/24/05,01,03,06,07,17,18,23,28,33,34,37,41,50,54,55,56,73,76,78,80
7/23/05,01,05,06,14,15,19,21,24,27,30,35,44,45,46,52,59,74,76,78,79
7/22/05,05,07,10,11,13,19,21,29,35,51,62,65,66,67,68,70,71,76,77,78
7/21/05,01,02,05,08,16,17,20,31,33,34,42,46,55,59,60,68,71,74,75,79
7/20/05,08,09,12,14,20,23,25,28,30,31,34,48,53,56,57,59,63,66,74,77
7/19/05,05,07,10,12,16,19,25,30,40,42,55,58,59,60,62,63,64,73,78,80
7/18/05,03,05,06,09,10,11,17,18,27,29,41,50,53,56,57,66,69,70,72,79
7/17/05,01,02,04,09,14,15,27,30,43,46,48,56,58,62,64,71,72,74,75,79
7/16/05,01,02,10,23,30,35,38,41,46,48,53,59,60,62,66,67,70,76,78,79
7/15/05,02,04,05,10,13,15,16,20,22,27,29,32,34,38,39,55,61,63,73,76
7/14/05,13,15,18,23,27,36,38,43,46,47,53,55,60,61,65,68,69,74,75,80
7/13/05,04,06,08,13,25,26,27,29,34,35,41,46,54,55,63,70,73,76,78,79
7/12/05,02,06,07,16,24,27,29,32,37,38,41,44,46,53,63,65,67,68,75,77
7/11/05,11,15,19,25,29,30,31,32,35,40,41,43,44,46,51,55,60,74,76,80
7/10/05,03,11,12,19,23,24,30,31,33,37,42,43,44,55,56,60,61,67,71,76
7/9/05,08,09,18,21,32,33,34,39,44,45,48,52,63,65,67,71,72,73,74,75
7/8/05,14,15,17,20,25,27,30,31,32,33,39,47,53,57,67,70,72,73,76,80
7/7/05,01,05,10,12,16,17,18,20,21,24,32,35,39,44,49,59,60,64,68,70
7/6/05,04,06,24,26,30,32,33,35,39,43,49,51,58,62,67,72,74,77,78,79
7/5/05,05,06,07,10,27,29,32,34,37,39,40,44,56,57,58,60,63,64,70,73
7/4/05,02,10,12,13,23,24,26,27,30,38,44,53,55,56,58,60,65,69,70,76
7/3/05,05,09,10,13,16,18,32,34,35,37,41,52,58,64,66,69,70,71,74,76
7/2/05,04,06,07,09,23,30,35,40,45,47,49,51,52,59,62,67,70,74,77,78
7/1/05,02,04,07,09,17,18,27,29,32,33,34,42,52,63,65,72,76,78,79,80
6/30/05,13,17,21,24,32,38,40,43,44,52,53,57,59,60,64,69,70,71,72,75
6/29/05,04,12,14,18,19,20,23,24,27,30,37,38,48,52,55,65,73,74,75,79
6/28/05,01,02,06,07,13,19,23,25,26,31,34,37,40,43,45,47,63,69,71,77
6/27/05,05,07,13,29,30,31,33,34,39,46,51,54,55,57,59,60,66,68,69,72
6/26/05,05,09,13,17,19,20,22,27,33,37,43,46,51,61,63,64,65,68,74,78
6/25/05,01,02,19,32,33,34,35,39,43,49,50,53,54,58,59,68,71,74,75,80
6/24/05,01,09,10,12,18,19,20,21,25,26,38,43,45,52,53,56,61,63,75,80
6/23/05,02,10,11,12,19,26,29,34,36,38,46,52,63,65,69,70,72,74,75,80
6/22/05,01,03,08,16,17,21,22,32,34,35,41,45,52,55,60,64,72,74,75,79
6/21/05,05,10,12,17,20,21,23,31,33,42,43,48,52,57,58,63,67,69,77,78
6/20/05,02,04,06,08,14,25,35,39,50,54,58,60,61,63,67,70,71,73,77,80
6/19/05,04,07,08,10,12,13,16,17,20,24,27,37,38,40,50,58,61,69,76,79
6/18/05,02,03,06,07,16,23,26,27,34,36,40,42,49,50,51,59,60,68,78,79
6/17/05,08,09,12,15,24,25,26,29,30,32,37,39,43,56,57,61,65,67,72,80
6/16/05,03,05,07,08,09,16,18,21,26,27,28,36,39,40,49,60,63,72,77,78
6/15/05,04,12,14,18,21,23,30,32,34,36,38,43,44,45,47,48,49,68,73,74
6/14/05,07,08,12,15,16,19,27,32,34,46,50,52,54,58,59,61,62,63,70,75
6/13/05,04,07,08,14,15,17,21,23,24,27,34,36,39,42,55,56,57,66,75,78
6/12/05,08,19,21,27,28,30,31,34,39,42,49,52,61,62,65,72,73,74,75,76
6/11/05,02,04,12,13,14,15,16,17,18,22,28,32,35,51,58,63,69,70,74,77
6/10/05,01,06,09,12,13,16,17,19,29,32,34,49,55,58,60,64,69,70,73,80
6/9/05,03,06,11,13,30,32,34,43,45,48,51,52,56,66,67,70,75,76,77,80
6/8/05,09,11,20,21,24,26,29,33,39,41,57,58,59,61,65,72,73,74,76,77
6/7/05,02,05,12,16,19,21,32,36,39,42,44,46,48,52,54,57,59,67,68,78
6/6/05,01,12,13,15,16,25,29,35,38,41,42,44,53,57,63,66,69,71,73,79
6/5/05,02,05,09,17,21,22,35,36,37,38,41,49,53,55,59,70,73,75,77,79
6/4/05,04,16,17,19,20,21,26,34,40,42,43,44,45,47,59,60,64,70,71,75
6/3/05,04,09,10,11,15,16,21,32,35,36,42,46,48,58,61,63,65,74,75,79
6/2/05,03,08,09,13,16,17,20,28,35,40,42,43,48,52,59,63,64,68,70,74
6/1/05,02,11,15,20,29,33,35,45,46,48,49,50,58,62,64,65,66,69,70,74
5/31/05,01,02,08,12,17,30,37,41,42,45,46,51,58,61,64,65,67,74,75,78
5/30/05,14,15,17,20,21,22,33,40,43,44,45,48,56,57,64,67,69,73,76,80
5/29/05,02,04,05,07,14,15,20,29,30,33,40,41,43,54,59,69,72,74,78,80
5/28/05,07,09,10,13,18,19,21,26,32,42,47,48,54,60,62,64,70,72,75,80
5/27/05,03,04,05,09,10,11,14,15,20,21,29,35,36,42,53,56,69,77,78,79
5/26/05,06,10,13,22,23,26,34,39,42,44,48,54,57,60,64,66,73,75,78,80
5/25/05,01,02,03,06,08,25,27,29,30,36,37,54,63,65,68,69,71,72,77,79
5/24/05,01,02,06,15,18,23,27,28,31,37,38,43,50,57,58,64,66,68,74,79
5/23/05,01,02,03,07,10,17,25,26,31,32,33,38,39,43,47,54,58,72,75,80
5/22/05,04,08,11,13,14,24,26,31,34,35,37,42,50,51,53,63,69,70,73,79
5/21/05,03,20,22,23,25,28,29,34,48,50,55,58,61,65,66,67,69,70,71,73
5/20/05,05,06,07,12,13,15,22,23,34,38,40,45,47,49,50,54,55,62,64,69
5/19/05,06,08,11,18,23,31,34,39,40,50,51,52,54,56,58,59,70,75,76,79
5/18/05,04,05,06,09,11,16,23,25,34,35,39,42,52,55,64,67,75,77,78,79
5/17/05,13,15,18,23,26,28,29,30,31,36,37,39,49,51,61,62,65,71,72,74
5/16/05,04,07,08,22,25,28,30,31,39,50,51,53,59,61,64,67,68,70,73,80
5/15/05,08,09,11,17,19,21,25,28,44,45,46,51,52,58,62,65,72,73,77,80
5/14/05,02,04,11,12,17,21,27,31,32,33,36,39,50,52,53,55,61,65,68,69
5/13/05,01,04,06,09,12,14,23,37,43,45,49,56,57,68,69,70,71,72,73,78
5/12/05,06,08,09,10,15,19,28,29,33,40,43,44,50,58,63,68,71,72,75,79
5/11/05,01,02,14,17,24,26,27,28,29,31,32,36,37,38,43,56,58,59,61,70
5/10/05,03,04,05,09,10,14,15,28,31,35,39,46,52,55,58,66,76,78,79,80
5/9/05,04,06,09,11,12,15,19,23,24,25,27,29,37,50,53,59,65,71,72,79
5/8/05,09,15,18,19,23,25,30,37,43,46,50,57,59,64,65,70,71,75,76,78
5/7/05,01,02,09,20,22,23,28,30,34,35,38,41,47,48,49,50,63,68,69,78
5/6/05,05,06,20,28,29,32,33,37,38,48,54,55,58,60,61,62,65,69,78,80
5/5/05,01,02,16,24,28,31,36,37,39,43,47,51,62,64,69,70,72,73,76,78
5/4/05,02,05,08,18,23,26,28,30,34,36,38,39,42,44,51,53,60,64,68,77
5/3/05,12,13,14,18,19,20,22,23,29,41,45,49,55,57,59,64,66,74,77,79
5/2/05,05,07,08,14,16,18,20,24,28,31,32,38,39,48,54,55,57,75,76,80
5/1/05,09,20,22,26,31,32,35,47,48,51,52,56,58,60,61,63,68,69,72,73
4/30/05,01,06,07,09,10,12,15,18,19,20,23,24,31,39,43,49,53,65,66,67
4/29/05,06,12,14,18,24,27,28,30,37,40,42,48,49,58,66,70,71,75,76,78
4/28/05,03,05,08,14,18,27,34,35,43,54,57,61,62,63,67,70,72,73,75,78
4/27/05,01,08,13,14,15,16,22,26,29,32,38,42,51,52,54,55,72,73,76,79
4/26/05,01,02,05,10,11,12,18,24,25,30,32,39,46,52,54,55,60,62,70,76
4/25/05,07,13,18,29,41,43,49,50,51,60,63,64,65,66,67,71,74,76,77,78
4/24/05,02,03,09,11,12,14,16,29,31,36,40,42,57,58,59,62,64,70,73,76
4/23/05,08,14,15,20,29,31,35,36,39,40,49,54,55,57,59,61,62,69,71,75
4/22/05,05,06,08,09,17,19,20,22,29,35,39,47,50,51,52,57,66,71,73,74
4/21/05,01,04,13,15,19,29,33,34,37,38,39,44,48,63,65,66,71,75,77,80
4/20/05,08,09,11,15,20,23,24,27,30,34,36,44,51,54,60,65,68,69,78,80
4/19/05,02,03,11,15,19,22,24,31,34,38,39,40,45,47,61,64,65,67,69,74
4/18/05,02,11,20,25,29,33,34,37,38,49,52,60,64,66,67,70,73,76,77,78
4/17/05,06,12,13,17,19,20,22,34,40,45,47,49,50,52,54,59,67,75,78,79
4/16/05,02,09,10,15,20,26,28,29,34,36,40,47,51,58,63,66,69,71,72,74
4/15/05,02,16,20,22,25,30,31,32,33,40,43,47,51,56,63,66,75,76,78,79
4/14/05,02,03,04,07,08,23,28,36,37,48,51,53,56,62,63,64,68,69,72,78
4/13/05,06,07,11,13,15,16,21,24,28,34,35,36,44,49,53,56,58,59,62,69
4/12/05,05,09,12,14,23,26,29,30,34,36,39,40,46,47,49,64,65,70,77,78
4/11/05,01,02,04,09,13,15,23,25,30,44,46,47,48,50,60,67,68,69,71,80
4/10/05,01,16,21,25,26,34,39,40,42,49,50,53,55,56,58,60,63,69,78,79
4/9/05,06,09,12,13,14,15,16,18,26,27,33,39,43,45,48,61,70,71,79,80
4/8/05,03,04,06,08,11,20,21,26,32,34,36,41,42,46,49,54,64,70,77,80
4/7/05,02,03,05,06,20,29,33,36,47,51,57,58,60,64,68,73,74,76,77,80
4/6/05,02,07,09,10,13,21,24,28,29,30,36,44,48,54,56,62,63,72,75,78
4/5/05,03,09,15,20,21,24,31,32,47,49,51,54,58,60,63,64,69,72,75,77
4/4/05,02,03,12,13,14,18,24,35,37,39,40,45,56,57,65,68,69,73,75,79
4/3/05,05,07,09,10,11,12,15,25,28,33,35,44,45,47,52,54,58,61,73,77
4/2/05,02,08,09,14,15,17,19,23,24,27,35,39,43,52,55,64,66,74,76,80
4/1/05,06,09,11,12,13,14,23,25,31,41,45,53,57,58,63,67,69,74,78,79
3/31/05,04,06,09,10,13,25,28,35,40,48,51,52,54,56,60,65,68,69,71,78
3/30/05,03,05,06,11,15,18,27,32,45,50,53,55,57,59,60,62,68,69,74,79
3/29/05,05,07,12,18,28,31,33,38,42,43,48,51,53,54,57,66,68,72,75,76
3/28/05,01,02,11,12,17,18,21,27,35,37,39,44,57,61,62,64,65,66,68,79
3/27/05,01,07,09,11,13,14,26,27,33,38,39,40,46,47,52,62,65,68,72,79
3/26/05,05,12,14,15,16,26,27,30,31,32,34,35,36,39,48,54,58,64,73,77
3/25/05,01,02,24,25,31,32,33,36,41,47,48,49,53,58,60,61,63,69,75,77
3/24/05,01,02,04,05,08,12,20,23,25,33,35,37,40,52,55,59,68,70,73,79
3/23/05,09,11,14,21,23,27,32,35,39,42,50,51,52,58,60,63,64,65,71,79
3/22/05,05,13,23,28,30,32,41,42,49,51,52,54,56,58,61,64,68,73,76,78
3/21/05,03,05,07,09,10,14,21,22,31,32,39,43,45,48,55,62,75,76,77,80
3/20/05,02,04,09,11,18,22,25,28,32,35,38,40,44,45,47,59,60,62,70,79
3/19/05,07,09,10,11,12,14,25,27,37,38,41,44,45,54,55,57,58,70,78,80
3/18/05,09,11,13,15,16,17,20,27,32,35,37,43,51,52,57,59,63,75,77,78
3/17/05,03,05,08,12,17,18,22,23,25,26,27,35,41,44,46,56,65,72,76,77
3/16/05,03,05,06,16,17,23,33,37,43,45,52,56,61,64,65,68,69,70,75,79
3/15/05,03,11,13,18,23,27,30,35,36,40,44,50,54,56,60,62,66,67,70,78
3/14/05,04,06,18,19,30,32,33,39,41,45,50,51,52,53,56,61,62,65,76,77
3/13/05,04,07,10,13,16,17,19,22,23,28,41,43,49,51,57,60,62,65,68,79
3/12/05,01,07,12,21,25,31,34,37,41,42,58,59,61,62,65,67,71,72,74,76
3/11/05,01,02,03,07,12,14,18,26,30,36,42,45,51,53,55,68,69,71,78,80
3/10/05,01,02,12,13,18,25,30,39,41,42,47,51,55,56,57,59,63,66,69,72
3/9/05,02,03,05,13,20,23,28,29,30,33,39,40,44,46,47,59,65,69,70,79
3/8/05,02,07,11,13,14,16,18,25,26,27,42,46,47,50,52,55,57,59,64,80
3/7/05,04,05,08,10,16,17,21,23,25,29,40,41,43,44,46,51,55,65,75,76
3/6/05,04,09,12,14,22,24,26,29,32,34,38,39,41,42,46,56,67,68,75,80
3/5/05,09,11,14,18,21,26,37,38,40,41,42,45,48,55,56,64,66,73,74,76
3/4/05,03,04,08,23,26,28,33,36,37,39,44,49,51,53,58,61,65,71,78,80
3/3/05,01,02,03,06,10,16,19,25,29,43,47,55,56,58,68,69,70,71,75,80
3/2/05,02,11,12,14,18,19,28,38,45,46,50,51,54,55,56,58,63,67,68,75
3/1/05,02,04,05,06,13,18,22,23,26,29,33,38,44,45,48,54,60,72,75,78
2/28/05,01,03,09,14,19,25,30,34,43,44,45,47,50,51,52,57,59,66,68,74
2/27/05,02,09,30,31,32,33,35,36,37,38,39,41,42,44,45,46,49,51,53,72
2/26/05,03,04,10,12,22,23,24,27,35,40,41,43,51,58,60,64,72,75,76,79
2/25/05,04,07,12,17,19,21,26,27,28,29,34,39,46,48,53,54,55,60,72,76
2/24/05,08,15,21,22,25,26,31,32,39,41,42,44,46,49,51,59,61,62,64,66
2/23/05,02,03,05,06,07,14,22,28,29,30,33,34,39,46,60,61,68,71,73,77
2/22/05,01,06,09,11,19,22,27,28,34,39,47,50,53,56,65,68,69,70,74,78
2/21/05,02,04,08,17,22,27,29,32,33,34,41,43,46,52,58,59,62,68,72,74
2/20/05,07,08,14,17,23,24,30,37,39,41,44,48,52,57,63,65,70,71,76,77
2/19/05,01,03,04,05,08,23,26,27,28,29,35,36,38,43,53,56,60,62,74,76
2/18/05,01,03,16,17,18,19,24,26,28,30,32,34,44,46,48,50,65,74,75,76
2/17/05,01,03,06,07,12,21,22,24,25,27,29,30,32,33,34,41,56,62,79,80
2/16/05,02,08,15,24,25,32,34,35,38,43,46,52,55,56,60,61,68,70,72,79
2/15/05,01,11,14,15,23,26,30,31,37,40,44,47,52,53,55,56,60,62,65,67
2/14/05,01,02,10,11,12,16,23,24,27,41,47,48,51,53,60,63,64,70,71,75
2/13/05,02,04,06,08,16,19,21,24,25,28,43,45,51,52,61,62,65,76,77,78
2/12/05,05,08,10,15,20,21,24,27,28,35,42,43,51,53,54,57,58,60,62,70
2/11/05,11,13,22,23,26,33,36,39,40,41,43,48,54,55,60,69,73,78,79,80
2/10/05,01,08,12,14,16,17,21,28,37,52,56,59,61,63,66,67,68,72,73,78
2/9/05,07,09,12,13,17,22,27,33,36,44,49,50,52,53,54,63,70,77,78,79
2/8/05,02,06,09,16,25,26,31,35,36,37,39,42,46,48,54,63,66,74,75,79
2/7/05,02,07,10,11,12,15,30,31,41,42,56,59,63,65,68,69,76,78,79,80
2/6/05,04,13,19,24,30,32,33,39,41,51,53,55,58,59,60,63,70,73,75,76
2/5/05,01,05,07,12,19,22,33,36,39,41,42,47,53,57,59,66,71,73,77,79
2/4/05,04,08,09,13,14,18,25,31,32,33,35,41,46,47,58,59,64,65,74,77
2/3/05,04,06,07,15,18,20,23,28,31,33,34,35,46,50,60,70,72,75,77,78
2/2/05,11,16,17,30,31,32,43,49,51,57,59,60,64,65,67,69,72,75,76,80
2/1/05,05,08,13,14,20,30,33,34,35,37,40,55,59,60,62,66,68,69,74,80
1/31/05,04,08,15,19,22,25,30,31,37,40,41,42,48,51,61,63,65,72,74,79
1/30/05,02,03,04,07,08,16,21,26,31,41,42,46,50,54,57,61,65,66,69,72
1/29/05,01,02,03,04,14,15,21,33,35,39,44,50,52,54,56,61,62,63,79,80
1/28/05,05,11,16,17,18,25,26,28,30,32,36,38,41,46,56,58,61,63,77,78
1/27/05,04,07,16,20,24,27,30,31,42,47,49,52,56,57,58,60,65,66,71,73
1/26/05,05,12,14,16,19,21,29,31,33,37,40,45,50,60,63,73,74,77,79,80
1/25/05,04,09,10,11,13,26,38,43,44,46,48,54,56,57,62,65,68,69,77,80
1/24/05,04,12,13,24,25,27,28,30,36,41,42,50,57,59,63,68,76,77,78,80
1/23/05,01,06,10,19,24,33,35,42,46,47,50,51,53,56,58,59,68,69,72,78
1/22/05,03,04,09,10,20,24,25,27,35,39,42,51,52,54,57,58,62,64,76,80
1/21/05,02,15,17,31,32,33,39,41,44,45,46,54,57,63,64,69,70,75,76,80
1/20/05,06,14,16,18,22,29,31,32,34,40,41,46,50,57,64,65,66,70,71,74
1/19/05,03,04,05,08,10,12,15,19,24,35,37,43,44,52,64,65,70,75,77,78
1/18/05,06,21,22,24,25,36,38,39,40,46,47,48,51,58,60,64,67,70,75,76
1/17/05,02,05,16,17,24,27,33,34,35,37,44,45,52,54,63,67,70,73,74,80
1/16/05,04,05,06,09,11,13,16,18,19,23,26,34,45,50,56,64,68,69,75,78
1/15/05,06,08,13,21,22,25,27,30,35,44,47,48,51,53,54,56,61,69,70,72
1/14/05,06,11,19,20,27,29,35,41,43,47,49,53,59,61,62,63,64,66,77,78
1/13/05,06,16,18,21,25,26,28,32,33,35,36,45,51,52,60,62,66,72,75,77
1/12/05,01,05,09,18,24,27,37,38,40,42,46,48,49,53,54,56,61,62,63,75
1/11/05,01,03,07,14,16,23,29,30,36,42,43,49,51,52,58,59,61,63,72,78
1/10/05,03,08,13,20,22,36,48,50,54,57,59,60,61,62,65,72,74,76,77,79
1/9/05,02,04,05,06,14,21,23,26,39,53,54,57,58,64,65,67,68,72,76,79
1/8/05,01,06,08,15,20,26,28,32,35,42,43,45,46,47,57,58,61,62,77,79
1/7/05,01,03,04,10,19,25,30,35,37,38,42,51,52,53,59,62,67,69,75,80
1/6/05,06,08,12,19,21,23,28,31,37,51,53,56,58,60,63,65,70,71,73,79
1/5/05,04,09,11,16,21,25,28,30,35,39,44,45,54,60,61,63,72,73,78,80
1/4/05,04,06,07,11,14,15,18,22,26,29,37,38,52,55,60,62,64,66,68,80
1/3/05,07,10,11,12,21,22,23,24,42,44,49,51,52,56,57,61,63,64,65,74
1/2/05,02,16,22,25,30,40,43,44,45,46,50,54,56,59,72,73,74,76,79,80
1/1/05,11,13,17,20,21,23,24,25,26,28,30,33,40,46,47,50,52,56,58,72
12/31/04,01,08,15,16,19,20,21,24,32,37,46,53,55,59,60,63,69,74,76,79
12/30/04,04,07,11,16,18,19,21,24,29,37,38,40,41,49,50,51,66,69,72,78
12/29/04,03,08,12,16,19,22,25,27,32,41,42,44,45,56,60,61,66,67,73,76
12/28/04,01,03,05,09,13,19,27,28,35,42,43,47,49,53,58,63,64,66,67,73
12/27/04,04,07,11,16,23,24,29,30,39,41,42,49,57,61,62,64,66,74,78,79
12/26/04,02,05,06,07,16,17,25,36,37,43,45,46,47,54,55,67,68,69,72,75
12/24/04,10,13,14,15,18,21,23,24,32,34,39,40,45,46,53,57,60,63,70,80
12/23/04,07,10,12,14,15,16,23,26,34,43,45,47,52,55,57,58,70,71,74,78
12/22/04,02,04,05,11,16,17,18,19,22,23,26,28,29,35,47,48,57,58,72,76
12/21/04,07,09,13,15,16,18,20,25,30,34,35,38,42,44,51,57,61,67,74,76
12/20/04,01,02,08,13,14,15,24,29,32,33,39,43,44,45,57,60,61,64,69,78
12/19/04,02,03,06,10,16,18,20,24,25,31,36,43,45,49,50,53,58,71,72,76
12/18/04,01,02,07,09,18,20,26,29,36,40,44,51,52,55,58,61,63,65,68,77
12/17/04,03,06,12,19,20,22,33,36,43,44,45,47,49,50,55,57,58,65,68,78
12/16/04,04,09,12,13,14,18,20,21,24,29,36,40,43,45,47,50,52,60,62,65
12/15/04,04,06,09,12,14,22,24,26,32,40,47,52,54,55,57,62,63,67,68,70
12/14/04,02,03,06,07,09,17,24,30,31,34,36,37,42,51,52,53,68,73,76,79
12/13/04,01,03,14,15,16,18,21,35,42,43,49,50,58,60,61,65,68,74,75,78
12/12/04,02,03,12,17,24,26,28,31,34,38,43,44,46,48,51,55,70,73,74,78
12/11/04,05,12,14,16,21,23,26,41,43,48,49,50,55,60,61,65,67,68,73,78
12/10/04,01,02,04,08,17,21,27,28,29,31,35,36,39,42,48,66,74,76,77,80
12/9/04,01,02,03,04,14,15,18,26,29,33,37,38,39,41,47,48,54,67,74,75
12/8/04,05,12,16,17,18,22,33,35,36,37,40,42,45,46,54,57,59,60,66,76
12/7/04,02,04,07,22,25,30,31,33,34,35,36,42,48,57,62,64,65,70,73,80
12/6/04,01,02,07,09,11,13,21,23,24,31,34,37,43,45,46,61,63,64,71,76
12/5/04,08,09,12,16,20,21,30,32,34,37,41,42,44,49,51,52,62,69,70,77
12/4/04,03,07,21,26,30,32,37,38,44,47,53,55,57,62,63,67,70,73,74,79
12/3/04,03,04,10,13,18,24,30,34,35,42,46,51,52,54,63,65,66,69,72,80
12/2/04,02,08,11,17,18,40,41,42,45,47,48,49,57,60,61,65,66,73,75,79
12/1/04,03,10,14,16,21,23,26,28,31,36,42,47,50,55,56,57,61,70,71,77
11/30/04,01,03,06,09,12,18,21,28,30,32,37,40,47,48,50,55,58,63,73,79
11/29/04,04,08,17,18,20,21,25,29,31,44,46,49,50,51,58,62,70,73,74,79
11/28/04,01,03,09,14,20,23,25,26,31,32,41,47,52,53,54,66,68,71,72,73
11/27/04,10,16,17,18,20,27,32,34,40,42,43,47,48,51,53,54,60,61,65,67
11/26/04,01,06,10,24,28,29,32,33,36,39,42,47,53,54,56,60,64,65,68,72
11/25/04,02,03,06,10,15,20,21,29,48,50,54,55,56,57,59,61,62,65,71,74
11/24/04,01,02,11,14,15,18,21,23,33,35,37,38,42,61,63,65,66,69,74,76
11/23/04,12,13,18,21,25,40,41,43,46,47,50,51,52,53,54,59,62,69,70,79
11/22/04,06,11,13,16,23,25,28,34,38,39,42,43,46,50,57,64,69,71,72,78
11/21/04,03,09,11,12,16,17,23,27,30,37,43,47,49,50,62,66,67,68,70,73
11/20/04,01,05,08,09,11,19,29,30,32,34,38,47,48,49,50,51,52,75,77,79
11/19/04,01,06,07,12,22,34,38,41,42,44,45,46,48,55,56,62,64,68,72,76
11/18/04,06,11,12,13,15,17,21,29,32,35,36,50,56,57,62,63,65,69,74,79
11/17/04,04,14,15,17,20,24,27,30,31,33,34,37,50,51,54,56,66,67,72,79
11/16/04,01,05,08,11,19,28,31,33,36,45,46,53,54,57,61,64,71,74,76,78
11/15/04,03,04,05,13,18,22,23,27,29,37,41,43,46,61,66,68,74,77,79,80
11/14/04,06,09,13,14,18,20,38,42,44,45,50,53,59,62,64,66,67,68,73,78
11/13/04,02,04,07,10,12,14,15,44,45,48,50,51,53,56,63,68,70,71,74,78
11/12/04,06,07,10,13,20,25,29,30,31,34,35,40,41,45,49,53,59,72,74,80
11/11/04,02,07,10,11,14,18,26,45,49,50,53,54,56,57,61,64,70,71,74,77
11/10/04,07,10,16,17,20,30,38,42,46,48,49,52,53,54,55,62,64,71,75,78
11/9/04,02,06,12,16,18,19,30,37,38,41,42,43,44,58,65,67,72,73,75,78
11/8/04,02,05,06,07,13,20,36,42,44,45,49,51,55,56,57,65,67,71,73,75
11/7/04,02,03,04,06,08,24,26,29,30,37,39,41,46,48,59,63,67,70,71,76
11/6/04,02,09,10,12,15,20,24,25,41,42,47,51,58,59,60,63,68,70,73,74
11/5/04,12,15,19,20,21,22,24,32,34,37,43,50,51,54,55,59,67,72,74,78
11/4/04,04,06,07,10,18,19,20,21,24,25,28,31,33,39,47,48,54,61,67,72
11/3/04,01,02,08,10,12,13,16,19,21,38,40,42,46,47,48,61,64,66,70,72
11/2/04,07,12,14,15,17,22,23,25,33,34,39,44,48,50,58,63,65,75,78,80
11/1/04,02,05,11,16,18,27,28,31,33,40,45,46,49,52,56,64,66,71,75,79
10/31/04,08,13,15,17,21,23,24,32,36,40,51,54,58,59,64,67,68,69,77,78
10/30/04,04,05,16,17,24,25,26,34,36,39,44,46,50,63,65,68,69,74,75,78
10/29/04,07,09,18,27,28,30,33,36,52,57,58,61,63,67,68,69,71,75,76,77
10/28/04,03,05,06,09,10,11,12,37,39,43,49,50,59,60,62,65,73,78,79,80
10/27/04,02,04,13,18,20,21,25,28,34,35,36,47,50,54,56,61,65,70,77,80
10/26/04,03,09,10,11,13,17,25,27,34,44,52,60,62,65,71,73,74,76,77,78
10/25/04,04,05,09,13,22,23,28,33,34,37,38,45,49,51,53,60,64,70,78,80
10/24/04,07,09,11,15,18,28,32,37,39,40,50,51,53,54,56,58,68,70,75,76
10/23/04,06,16,17,18,22,25,26,30,34,39,40,42,50,53,60,62,71,73,79,80
10/22/04,05,07,08,10,16,17,22,33,37,39,47,59,60,61,64,65,66,67,70,79
10/21/04,16,19,20,33,37,40,43,44,46,47,49,52,53,64,67,69,72,75,78,80
10/20/04,07,10,15,18,21,23,24,27,29,31,33,43,44,53,56,57,69,72,77,80
10/19/04,05,08,11,28,33,35,38,42,43,45,48,52,58,60,61,62,66,70,71,72
10/18/04,03,30,31,32,38,39,44,46,47,49,52,53,57,60,62,63,66,73,76,77
10/17/04,03,10,14,20,21,22,23,36,37,40,42,44,45,55,56,57,62,65,66,72
10/16/04,01,07,09,13,17,22,34,35,43,44,45,48,49,59,61,68,71,73,74,76
10/15/04,05,09,13,15,16,22,24,25,27,34,35,36,40,41,46,62,66,71,73,74
10/14/04,01,03,05,07,16,17,18,21,31,32,35,39,42,52,57,58,60,65,70,75
10/13/04,03,08,14,20,21,25,33,34,35,40,43,46,51,52,55,57,63,64,67,77
10/12/04,03,07,13,22,23,37,39,40,46,47,50,54,57,61,66,67,69,74,78,79
10/11/04,02,06,08,15,18,20,25,26,27,29,34,38,48,54,56,57,66,67,73,79
10/10/04,02,04,05,06,14,19,27,32,38,40,42,43,52,53,58,63,64,73,74,78
10/9/04,05,09,11,12,16,18,21,25,29,35,44,45,49,53,54,61,63,67,69,76
10/8/04,01,03,04,12,15,20,27,29,33,34,39,40,44,49,63,64,67,68,70,78
10/7/04,05,10,15,16,17,21,28,29,30,31,34,37,40,42,45,46,63,64,75,80
10/6/04,01,03,08,10,16,18,24,25,32,35,36,44,55,60,65,66,73,75,78,79
10/5/04,10,14,16,19,24,27,34,35,38,39,44,46,47,49,50,65,68,74,77,80
10/4/04,14,15,16,17,18,21,30,33,35,39,45,54,65,69,72,73,75,77,78,79
10/3/04,01,09,13,14,20,21,28,29,32,36,37,44,45,50,60,62,63,70,74,76
10/2/04,04,05,11,21,22,25,29,30,31,32,42,44,48,49,52,57,60,68,69,72
10/1/04,01,08,10,11,18,23,29,35,37,38,39,43,46,57,59,60,70,72,76,79
9/30/04,03,04,08,12,14,20,22,25,26,28,29,34,36,38,47,50,57,66,67,74
9/29/04,09,12,15,18,19,20,23,26,35,37,38,42,43,51,55,57,61,65,72,78
9/28/04,02,03,09,13,19,23,27,32,36,37,42,45,47,49,51,53,56,59,65,71
9/27/04,05,08,11,13,17,22,25,27,33,36,37,44,46,49,50,54,63,69,70,73
9/26/04,01,02,17,18,22,27,32,35,41,45,47,48,49,53,56,61,64,66,72,76
9/25/04,01,04,09,12,21,24,25,28,30,31,32,33,38,39,46,52,61,63,64,73
9/24/04,03,15,16,21,24,28,29,30,32,37,39,44,45,46,48,50,58,60,68,77
9/23/04,03,04,05,06,10,15,17,25,29,31,32,40,41,48,52,60,61,66,67,79
9/22/04,01,07,15,16,19,20,23,27,28,32,33,41,47,48,52,54,59,63,65,69
9/21/04,01,06,10,11,14,17,20,29,34,38,39,44,51,54,59,62,68,74,78,80
9/20/04,04,05,17,18,19,20,25,32,35,39,58,60,63,65,70,74,75,78,79,80
9/19/04,09,15,24,28,31,38,41,46,47,50,54,55,57,58,64,65,71,72,74,80
9/18/04,03,08,10,14,16,17,21,23,25,36,41,42,49,52,57,59,62,63,64,72
9/17/04,06,07,11,15,17,30,37,40,41,42,46,48,54,55,65,68,70,72,73,76
9/16/04,04,06,14,20,22,24,26,34,39,40,42,43,44,52,53,55,71,73,74,78
9/15/04,04,25,30,31,36,37,39,42,45,48,49,54,55,58,62,63,64,69,79,80
9/14/04,01,05,06,07,08,21,28,29,33,36,37,39,41,52,53,64,70,73,75,77
9/13/04,04,07,08,12,14,15,16,20,49,51,55,56,61,62,64,66,68,70,71,72
9/12/04,05,09,12,19,23,27,28,29,30,45,49,51,52,55,61,72,75,76,77,79
9/11/04,08,09,10,15,24,33,36,40,48,58,60,61,62,63,68,70,74,77,78,80
9/10/04,13,18,20,22,28,29,42,46,51,53,54,56,61,62,64,67,69,70,75,76
9/9/04,02,09,11,15,16,18,22,31,33,42,46,50,51,54,55,57,63,70,75,78
9/8/04,03,06,12,21,24,26,31,33,36,39,46,49,50,60,61,68,74,75,76,77
9/7/04,02,11,12,15,17,19,20,25,28,31,36,40,50,52,58,61,66,68,71,73
9/6/04,02,04,06,07,08,12,17,25,31,36,40,56,57,59,61,63,65,66,74,80
9/5/04,02,04,07,10,15,18,19,27,34,51,58,60,61,63,64,68,70,71,76,80
9/4/04,11,16,17,20,25,27,36,41,42,44,50,54,55,57,61,62,64,66,69,77
9/3/04,02,05,06,08,17,22,25,31,36,42,43,44,48,52,60,64,69,76,79,80
9/2/04,11,18,20,25,29,30,34,36,44,46,48,49,55,62,68,73,74,75,77,79
9/1/04,02,08,12,15,20,24,25,28,30,31,32,40,41,43,46,64,72,75,77,78
8/31/04,01,03,04,11,12,20,21,24,26,32,36,39,40,45,56,63,65,71,79,80
8/30/04,01,12,17,23,24,25,26,28,29,33,41,47,51,52,57,61,62,73,74,78
8/29/04,01,04,08,09,11,17,21,23,24,37,42,49,53,56,57,59,63,66,74,76
8/28/04,01,05,09,11,12,16,18,22,23,25,30,37,39,49,54,56,68,77,78,80
8/27/04,02,07,09,11,12,19,22,25,26,27,37,45,48,49,53,57,62,65,72,74
8/26/04,06,08,12,13,14,21,27,31,33,43,44,49,65,66,67,71,74,75,76,79
8/25/04,01,08,11,15,22,23,27,28,33,37,38,45,47,51,55,67,68,71,74,75
8/24/04,02,05,07,09,13,14,16,17,23,24,26,31,33,40,43,52,61,64,66,80
8/23/04,04,06,12,13,19,20,21,25,28,29,31,39,40,45,47,53,60,68,75,78
8/22/04,03,08,11,23,26,27,37,41,44,45,48,50,52,55,62,63,64,66,69,71
8/21/04,01,08,11,13,14,27,29,30,40,46,47,50,53,56,58,61,69,70,74,76
8/20/04,01,02,13,18,28,30,33,34,36,42,50,52,59,62,64,65,66,68,69,77
8/19/04,02,12,15,16,21,30,33,35,38,40,45,50,53,55,59,61,64,67,69,76
8/18/04,03,04,13,17,23,28,38,45,47,53,57,58,61,62,65,68,69,70,75,80
8/17/04,03,08,10,15,17,19,23,27,34,37,43,46,50,54,56,64,72,78,79,80
8/16/04,02,05,09,17,21,27,31,32,34,44,50,52,56,58,67,70,73,76,77,80
8/15/04,02,04,05,06,07,13,15,17,19,20,28,29,35,36,47,49,54,68,70,77
8/14/04,08,09,12,16,24,30,31,34,48,49,50,54,55,59,62,65,66,70,72,77
8/13/04,03,05,09,23,24,25,28,29,30,32,34,40,43,48,51,61,68,69,77,79
8/12/04,02,06,07,08,12,13,24,26,27,28,29,45,46,50,52,60,61,63,66,77
8/11/04,02,07,13,15,21,23,30,32,35,37,40,45,52,59,64,65,66,72,73,78
8/10/04,04,05,06,07,27,30,32,39,40,41,43,44,46,51,54,62,64,65,67,73
8/9/04,06,09,12,17,22,23,27,29,36,39,41,43,46,47,50,56,62,67,69,80
8/8/04,10,11,12,15,16,17,21,22,25,33,34,38,44,50,57,58,64,72,76,80
8/7/04,01,03,11,24,26,29,32,33,34,37,39,44,47,48,51,60,64,69,70,72
8/6/04,02,07,14,18,22,26,27,28,29,30,31,33,35,36,45,51,57,63,65,76
8/5/04,02,10,15,16,17,21,24,25,29,40,44,47,48,49,51,53,58,68,70,78
8/4/04,03,11,12,16,19,24,26,27,33,35,39,42,47,49,52,54,58,59,65,66
8/3/04,02,05,09,10,13,16,17,22,31,36,37,42,45,50,52,53,56,62,63,74
8/2/04,04,10,13,18,25,29,38,42,45,46,56,57,58,59,71,72,73,78,79,80
8/1/04,05,10,11,21,23,24,25,27,28,30,31,37,45,61,63,72,74,76,78,79
7/31/04,03,06,08,16,19,23,28,29,36,42,43,50,53,56,66,69,71,73,74,78
7/30/04,03,05,06,16,20,28,39,45,47,48,50,52,53,56,61,66,69,72,74,79
7/29/04,02,04,09,15,18,21,27,28,39,44,50,58,61,67,69,70,71,74,76,77
7/28/04,02,05,08,18,24,27,33,34,35,39,43,46,48,54,55,58,60,63,66,73
7/27/04,02,12,13,20,22,27,29,30,33,35,44,51,53,56,58,59,60,62,67,79
7/26/04,02,04,05,08,16,18,31,38,42,48,49,50,54,56,63,68,69,70,71,76
7/25/04,02,12,16,19,21,23,30,44,47,48,52,53,55,56,57,63,67,72,74,76
7/24/04,03,06,08,10,16,18,19,22,32,48,50,52,56,57,59,61,63,65,71,79
7/23/04,04,10,11,12,18,19,29,35,36,40,41,43,44,59,62,65,67,69,71,78
7/22/04,02,03,05,09,10,11,18,20,25,30,32,35,36,39,43,53,59,65,69,79
7/21/04,02,03,08,10,13,15,18,21,23,31,38,44,47,48,58,59,62,73,75,77
7/20/04,01,08,17,19,20,24,30,32,38,41,42,43,44,49,54,56,64,65,66,69
7/19/04,13,23,28,32,33,34,36,44,46,48,51,56,57,64,65,66,69,73,75,78
7/18/04,01,02,10,11,13,16,17,20,21,24,25,36,48,49,59,65,66,72,75,76
7/17/04,05,07,09,11,21,25,28,29,31,39,43,56,58,65,69,70,72,75,77,80
7/16/04,01,06,10,13,15,16,20,22,24,34,41,42,50,54,58,60,67,71,78,79
7/15/04,03,04,09,10,12,16,27,33,37,43,49,51,52,53,55,59,68,69,71,78
7/14/04,01,09,10,12,14,21,33,34,35,37,45,49,51,53,59,61,63,68,70,71
7/13/04,01,04,06,10,11,16,26,27,30,41,43,45,46,50,52,54,57,60,62,68
7/12/04,11,12,17,18,29,35,37,38,39,46,50,52,55,64,65,67,75,77,78,80
7/11/04,03,04,13,28,29,30,31,32,34,40,45,47,48,49,51,53,65,66,74,79
7/10/04,03,07,08,09,25,28,30,31,33,35,36,40,46,51,56,64,66,70,76,80
7/9/04,09,10,13,16,22,23,25,26,27,30,40,41,47,50,51,52,57,67,68,74
7/8/04,08,12,15,17,20,22,27,30,31,33,42,43,49,64,66,71,74,76,79,80
7/7/04,04,09,12,19,29,37,39,51,52,60,62,64,65,69,71,72,73,77,78,79
7/6/04,02,08,10,11,17,25,27,30,36,38,45,48,56,60,62,64,67,70,76,80
7/5/04,08,10,11,14,15,23,24,34,36,41,49,52,54,57,58,61,63,69,72,78
7/4/04,05,08,10,13,16,19,26,27,30,31,33,34,41,50,57,66,71,73,74,79
7/3/04,04,05,07,09,18,21,22,26,29,30,31,35,36,38,43,46,54,56,61,74
7/2/04,01,04,05,09,10,12,17,18,19,26,29,34,43,45,51,54,55,56,69,73
7/1/04,02,03,06,07,12,14,17,24,25,33,41,45,54,55,58,63,66,70,76,80
6/30/04,01,05,10,15,19,25,28,40,47,51,52,54,58,59,60,63,66,71,72,76
6/29/04,06,10,14,16,22,24,30,33,38,40,45,47,48,62,65,66,70,72,78,80
6/28/04,05,06,09,15,22,24,27,30,39,43,46,48,54,55,63,68,73,76,79,80
6/27/04,01,04,06,07,15,17,22,23,26,30,41,45,52,54,63,66,67,72,75,77
6/26/04,02,06,07,11,18,22,27,29,31,33,34,36,38,44,47,53,55,57,65,71
6/25/04,01,07,09,13,17,18,19,34,38,40,45,50,53,54,63,67,72,73,77,79
6/24/04,01,07,10,20,23,28,35,37,40,43,48,50,56,60,70,71,73,74,76,78
6/23/04,08,12,20,22,28,31,32,33,40,43,48,54,55,56,62,64,67,68,74,75
6/22/04,03,11,13,14,15,18,28,31,38,43,44,47,53,55,60,63,66,67,68,77
6/21/04,03,05,08,09,10,16,20,22,26,34,35,36,38,43,46,48,61,73,74,75
6/20/04,01,03,10,14,18,27,29,31,37,38,52,55,56,62,64,65,66,72,78,80
6/19/04,03,06,09,11,15,16,19,22,23,39,40,42,46,52,53,57,59,61,67,68
6/18/04,03,04,17,18,20,21,23,25,31,36,46,49,52,58,64,65,66,74,78,79
6/17/04,03,05,07,21,30,34,37,38,44,45,49,50,51,53,59,63,64,69,75,80
6/16/04,04,06,07,14,18,21,28,34,38,43,45,47,53,57,60,61,69,70,74,78
6/15/04,01,07,08,11,14,24,26,34,40,41,49,51,52,53,54,56,64,66,71,80
6/14/04,01,03,04,10,15,20,22,23,25,34,35,36,42,44,46,48,56,61,65,71
6/13/04,03,06,11,15,17,24,25,28,32,33,34,36,37,50,57,59,61,68,70,72
6/12/04,02,03,08,09,17,27,29,33,36,37,43,46,49,50,56,60,63,70,72,78
6/11/04,01,02,05,07,12,22,25,32,39,40,44,45,50,61,62,63,67,73,75,78
6/10/04,04,11,17,18,22,23,24,25,28,30,35,38,40,43,46,58,60,64,66,71
6/9/04,07,08,09,16,21,27,28,30,36,44,48,49,51,59,61,66,69,71,72,73
6/8/04,02,10,12,13,15,17,22,23,27,29,36,37,40,42,45,59,63,68,77,79
6/7/04,01,09,25,26,27,28,32,40,51,52,53,59,66,68,69,76,77,78,79,80
6/6/04,06,07,10,14,18,21,22,36,37,42,45,49,55,56,61,65,70,74,76,77
6/5/04,03,05,09,12,16,18,26,28,37,41,44,47,52,59,61,68,69,72,76,79
6/4/04,01,03,04,13,20,21,27,31,33,36,40,41,45,55,58,68,69,71,74,75
6/3/04,01,03,05,07,08,11,13,15,20,29,31,40,53,57,60,63,65,71,73,75
6/2/04,02,19,21,31,35,39,43,46,56,58,63,64,65,67,68,73,74,75,79,80
6/1/04,04,05,06,10,12,17,24,25,31,32,34,36,39,43,49,58,64,65,69,76
5/31/04,01,04,10,12,16,28,31,33,36,39,40,58,60,62,66,67,72,74,76,79
5/30/04,06,09,11,16,17,19,20,23,27,31,35,36,44,52,53,54,63,73,75,78
5/29/04,06,11,12,17,20,22,25,33,44,50,51,57,59,63,67,68,72,74,75,76
5/28/04,01,04,05,06,12,13,15,16,35,43,45,50,51,53,55,56,57,62,68,76
5/27/04,01,02,09,12,15,22,23,24,25,32,33,39,43,49,53,56,67,69,72,76
5/26/04,02,08,12,16,28,30,34,37,38,40,45,47,59,67,69,71,72,78,79,80
5/25/04,03,04,05,10,13,22,26,30,33,34,35,40,41,45,48,52,53,54,56,63
5/24/04,17,23,25,28,30,31,32,33,34,35,37,39,40,44,47,50,63,72,73,74
5/23/04,03,11,13,19,22,23,27,32,33,34,36,51,54,58,59,66,70,72,76,79
5/22/04,02,03,10,11,14,16,17,22,24,36,37,43,44,48,49,60,61,64,70,76
5/21/04,02,05,08,10,11,18,25,28,30,33,39,46,51,55,58,62,64,68,73,79
5/20/04,03,04,06,07,12,22,25,26,30,32,45,46,49,53,55,59,62,63,64,79
5/19/04,02,07,11,12,14,18,20,25,29,31,32,37,44,46,51,60,61,64,76,79
5/18/04,05,06,18,22,30,31,35,37,39,40,49,50,56,57,67,68,69,71,75,79
5/17/04,05,09,12,13,19,28,32,37,38,40,43,44,48,51,53,54,66,67,74,78
5/16/04,01,03,04,06,15,18,20,30,31,33,35,38,40,42,46,52,54,55,59,63
5/15/04,01,03,05,06,10,11,12,17,25,27,34,38,45,46,61,63,64,68,70,77
5/14/04,03,09,17,22,29,31,34,35,38,39,42,46,51,55,60,61,63,72,76,80
5/13/04,07,16,19,23,31,34,41,45,56,60,62,65,66,67,69,70,71,73,75,78
5/12/04,01,04,05,06,08,11,21,23,26,35,37,38,39,42,44,46,60,62,72,79
5/11/04,03,07,12,13,17,20,25,31,34,38,39,48,51,53,61,69,71,73,75,80
5/10/04,07,09,10,12,16,17,22,23,33,44,49,54,55,57,58,64,65,73,78,79
5/9/04,09,15,16,17,19,24,30,43,48,51,53,54,59,66,72,73,74,75,79,80
5/8/04,01,03,04,07,10,11,12,20,22,25,30,34,37,40,57,62,63,65,66,75
5/7/04,05,09,10,11,13,27,28,36,41,42,45,47,53,60,61,62,65,68,69,76
5/6/04,12,13,26,28,31,35,41,43,47,50,52,53,55,58,60,61,62,67,71,80
5/5/04,06,10,11,13,20,23,27,29,31,35,38,44,52,54,64,67,69,76,77,78
5/4/04,03,05,12,14,18,22,38,45,48,54,59,65,66,67,68,70,71,73,75,77
5/3/04,03,17,18,19,21,26,29,35,37,43,48,49,54,58,59,60,65,67,70,79
5/2/04,01,02,09,11,13,14,16,21,27,28,46,48,52,56,57,60,61,71,73,74
5/1/04,05,07,14,16,19,21,24,27,35,43,46,51,52,57,60,61,68,76,78,79
4/30/04,02,06,08,16,24,25,27,31,41,47,54,55,58,59,64,65,70,72,73,79
4/29/04,06,12,16,17,20,24,25,33,38,44,45,46,47,48,51,54,58,59,72,74
4/28/04,07,09,10,11,17,18,21,24,28,30,35,36,41,43,49,54,56,59,71,79
4/27/04,02,20,25,27,30,32,35,37,39,51,52,55,58,66,68,69,71,72,73,74
4/26/04,01,08,13,14,19,20,25,29,33,48,51,57,58,65,67,68,69,72,75,79
4/25/04,01,04,13,17,21,24,31,32,34,39,44,46,47,49,55,62,64,72,74,77
4/24/04,01,09,10,15,18,19,21,24,30,36,42,51,58,61,63,67,70,71,78,79
4/23/04,05,06,07,08,11,25,30,34,35,38,39,40,45,50,59,64,70,71,74,76
4/22/04,02,05,06,10,13,23,25,29,32,39,55,57,58,60,62,63,72,76,78,79
4/21/04,02,08,21,22,27,29,31,32,36,37,39,40,41,46,48,56,57,62,65,71
4/20/04,01,10,13,15,20,22,34,36,42,45,59,61,62,64,67,70,75,76,77,78
4/19/04,01,05,09,10,13,15,17,20,24,32,42,45,48,50,52,53,61,72,74,77
4/18/04,06,07,08,10,11,15,23,26,27,28,29,32,33,49,50,56,62,67,76,79
4/17/04,10,20,24,28,30,35,36,38,54,57,59,61,62,63,65,68,71,72,75,77
4/16/04,02,03,06,09,11,15,19,23,27,41,42,49,50,52,53,55,57,68,69,77
4/15/04,01,13,20,25,27,28,32,42,48,59,60,65,66,67,68,70,72,76,77,80
4/14/04,07,10,11,12,13,14,19,22,23,24,29,30,32,36,49,50,52,56,71,75
4/13/04,01,03,07,08,11,19,23,26,34,43,46,47,48,49,60,62,63,64,65,72
4/12/04,13,15,16,18,25,27,30,35,36,38,46,47,54,55,58,60,69,73,75,78
4/11/04,04,06,10,11,12,20,40,42,52,54,56,60,61,62,65,66,69,71,77,79
4/10/04,09,16,21,31,34,35,38,39,41,42,45,50,53,62,64,68,70,75,78,79
4/9/04,09,10,15,17,28,29,32,36,37,39,46,51,60,63,64,67,71,75,76,80
4/8/04,01,03,09,13,23,25,32,36,37,45,46,49,50,52,53,56,64,70,71,72
4/7/04,01,02,10,17,23,29,30,42,43,45,46,50,56,57,60,65,67,69,72,76
4/6/04,03,08,09,12,20,22,29,30,31,33,34,39,42,44,49,53,56,65,69,77
4/5/04,03,08,10,11,16,18,21,33,34,39,41,46,49,68,69,70,72,74,76,80
4/4/04,05,17,18,19,20,23,27,35,36,43,45,52,55,56,64,68,71,73,77,79
4/3/04,06,12,13,17,27,29,39,40,41,42,45,49,50,54,56,57,73,75,76,79
4/2/04,06,11,15,17,21,26,27,29,30,31,32,36,44,57,62,68,69,70,77,80
4/1/04,01,02,03,05,08,09,12,21,25,26,29,35,36,40,45,56,63,65,66,78
3/31/04,16,18,21,22,24,27,29,42,44,45,47,48,49,50,53,55,59,62,65,76
3/30/04,08,09,10,17,22,24,29,37,40,43,44,45,46,52,62,67,69,70,73,78
3/29/04,04,16,19,23,25,27,31,33,34,35,40,46,47,48,53,55,58,59,71,76
3/28/04,02,04,09,10,12,27,28,34,39,44,46,48,56,60,64,65,67,69,73,76
3/27/04,01,02,03,04,20,24,30,32,35,40,42,43,47,58,63,66,67,71,73,74
3/26/04,03,05,08,10,13,15,16,17,25,39,43,45,55,56,59,65,66,67,74,77
3/25/04,05,10,11,12,15,16,19,20,23,28,38,40,41,46,57,58,63,65,70,77
3/24/04,01,02,07,08,10,16,17,21,25,26,31,35,38,39,43,45,53,56,73,80
3/23/04,03,08,10,15,18,20,27,32,36,40,46,48,51,55,58,63,66,70,71,76
3/22/04,07,08,10,12,16,24,26,31,40,45,47,50,52,53,64,67,68,71,74,77
3/21/04,01,05,06,07,10,12,19,23,27,32,33,37,41,47,62,63,67,68,77,79
3/20/04,02,06,10,11,17,23,24,25,30,33,37,45,50,51,53,58,60,65,69,79
3/19/04,01,03,08,10,17,18,22,25,27,28,29,31,32,34,36,41,46,71,76,78
3/18/04,01,02,03,06,07,09,17,19,20,22,28,41,43,44,46,47,50,55,61,67
3/17/04,01,04,09,14,15,16,21,38,39,41,49,55,56,59,65,68,72,73,74,75
3/16/04,03,05,08,12,17,19,21,23,25,29,31,32,35,38,49,59,62,65,67,70
3/15/04,03,07,09,12,13,15,21,23,24,25,27,29,42,49,51,52,63,64,66,77
3/14/04,15,17,18,19,23,30,31,32,33,34,45,46,49,56,58,65,71,73,74,75
3/13/04,02,10,11,17,19,20,23,24,29,31,49,53,57,58,66,67,69,73,75,78
3/12/04,03,05,08,13,14,15,30,33,37,38,42,43,45,50,52,64,67,73,75,78
3/11/04,04,06,08,09,11,15,18,23,25,27,33,34,41,48,55,61,67,70,73,76
3/10/04,01,02,10,15,16,22,23,25,27,29,32,34,37,53,61,64,68,69,71,79
3/9/04,07,14,15,24,25,30,36,41,42,46,47,51,53,56,58,59,64,67,76,79
3/8/04,02,06,07,09,21,22,27,29,45,46,48,51,55,58,60,61,64,67,69,74
3/7/04,01,04,05,07,10,12,17,20,21,38,39,44,50,52,53,64,65,70,78,79
3/6/04,06,10,15,16,19,20,22,25,26,28,32,45,55,59,63,65,66,72,74,80
3/5/04,01,04,07,11,16,28,29,30,33,34,35,44,45,47,48,51,57,59,70,76
3/4/04,02,06,07,19,24,25,27,29,30,41,52,54,55,64,65,67,69,70,74,78
3/3/04,09,10,11,15,18,20,24,28,31,33,37,46,50,55,58,60,65,67,75,77
3/2/04,03,06,07,19,23,26,29,31,33,40,44,47,51,52,62,67,71,73,74,79
3/1/04,04,06,11,21,22,24,25,31,34,35,36,38,48,59,62,68,72,76,78,79
2/29/04,02,14,21,24,25,26,27,31,35,36,38,39,52,56,59,60,68,69,76,79
2/28/04,02,09,15,23,24,28,31,33,38,39,48,52,54,58,59,61,62,67,68,71
2/27/04,01,03,04,05,10,15,20,22,25,27,30,32,37,40,42,49,55,67,78,80
2/26/04,02,04,15,19,20,26,28,29,31,33,34,41,46,53,55,70,71,77,78,80
2/25/04,03,04,10,11,12,15,19,20,26,28,29,31,35,39,52,59,62,72,77,79
2/24/04,04,05,08,09,13,25,27,28,33,35,37,38,41,42,52,54,63,65,69,77
2/23/04,04,06,07,08,16,17,24,34,40,48,50,54,57,58,59,63,72,73,74,77
2/22/04,02,03,04,06,13,27,30,34,39,40,42,52,59,63,64,67,68,71,73,79
2/21/04,02,04,06,08,09,18,25,26,34,37,38,40,43,44,50,52,55,57,66,78
2/20/04,05,06,07,12,13,14,24,27,28,34,37,39,45,50,58,62,65,66,77,79
2/19/04,03,07,09,12,17,24,26,28,30,34,38,40,52,60,61,62,63,73,74,75
2/18/04,04,07,15,19,22,27,38,50,52,54,60,61,62,63,67,70,77,78,79,80
2/17/04,01,02,04,11,13,16,17,28,30,39,42,44,45,48,55,58,61,62,65,69
2/16/04,04,16,18,22,25,28,31,32,35,38,40,45,54,55,56,60,67,74,76,77
2/15/04,04,05,06,12,15,16,27,34,35,36,40,41,44,48,49,50,60,63,75,76
2/14/04,01,02,07,10,17,26,27,31,32,36,38,46,48,50,60,68,71,74,76,79
2/13/04,05,11,12,14,30,36,37,40,42,44,49,50,62,66,68,69,70,71,73,80
2/12/04,02,03,07,08,09,10,16,17,31,39,40,49,52,60,61,62,63,64,65,66
2/11/04,05,09,12,15,22,23,24,31,36,40,41,43,45,53,57,62,63,67,68,77
2/10/04,02,13,17,18,21,24,25,27,28,29,32,34,38,39,42,44,55,56,58,65
2/9/04,11,12,17,25,32,42,44,47,48,51,61,62,66,67,69,71,75,78,79,80
2/8/04,02,08,09,12,13,23,25,26,27,28,29,34,40,45,49,55,57,66,67,77
2/7/04,01,05,17,18,22,25,26,29,32,33,41,45,53,55,56,57,60,63,78,79
2/6/04,04,05,09,16,19,24,25,29,34,37,38,43,44,46,47,48,60,65,68,74
2/5/04,02,04,11,14,15,23,27,30,36,37,38,44,49,50,58,60,62,64,73,74
2/4/04,12,19,23,27,40,43,44,47,48,50,52,58,59,61,62,64,65,69,72,75
2/3/04,06,07,10,11,24,26,34,39,41,42,43,48,56,65,68,70,71,77,79,80
2/2/04,04,05,11,15,17,22,26,28,31,34,39,43,55,57,59,65,66,71,77,79
2/1/04,02,05,14,19,22,30,35,37,39,43,46,48,50,51,56,59,62,73,74,78
1/31/04,04,21,22,23,27,30,31,37,42,46,50,52,55,57,58,62,68,73,75,76
1/30/04,07,09,10,16,18,23,25,26,37,38,41,43,52,54,57,61,63,64,69,77
1/29/04,01,05,06,07,11,13,14,20,23,27,28,38,44,46,47,59,60,68,74,77
1/28/04,08,16,17,21,24,29,33,44,46,47,50,51,53,54,59,64,66,69,71,72
1/27/04,02,10,20,22,25,26,28,32,37,43,44,54,55,56,59,61,64,65,69,70
1/26/04,08,11,13,22,26,30,31,32,37,38,40,47,48,53,57,59,64,67,74,78
1/25/04,04,13,14,16,17,18,23,25,34,40,43,45,46,50,56,66,67,69,72,76
1/24/04,01,04,12,15,17,25,27,34,37,39,48,51,56,59,68,69,70,73,76,78
1/23/04,03,08,09,16,19,22,24,33,35,37,38,40,47,53,55,57,61,62,79,80
1/22/04,06,11,15,19,25,31,38,43,49,50,52,53,55,58,60,64,68,69,73,76
1/21/04,03,11,12,13,15,17,21,25,29,35,36,45,51,53,63,65,69,73,76,80
1/20/04,01,03,20,22,26,27,31,32,34,35,39,40,46,47,48,58,62,64,72,80
1/19/04,05,06,09,15,21,23,27,28,30,35,39,41,44,46,49,55,57,64,73,76
1/18/04,02,03,04,07,10,11,14,21,28,29,31,34,51,53,57,58,64,71,75,76
1/17/04,05,07,14,16,17,21,25,32,35,41,45,53,55,60,65,70,74,77,79,80
1/16/04,02,03,11,19,22,25,27,31,33,43,47,56,59,60,63,64,66,69,79,80
1/15/04,01,07,10,12,17,21,23,25,27,28,37,39,43,45,47,55,57,59,62,79
1/14/04,01,15,16,18,28,35,36,40,42,44,45,46,52,54,57,59,60,69,72,75
1/13/04,04,05,06,12,13,17,25,28,37,38,44,56,57,63,68,69,70,72,73,77
1/12/04,01,02,10,12,14,16,18,19,22,27,28,30,31,36,39,48,54,58,64,74
1/11/04,09,10,11,12,15,20,21,30,31,33,39,41,52,53,56,58,66,73,75,78
1/10/04,06,10,12,18,19,24,36,41,44,45,54,56,57,58,60,61,68,70,75,78
1/9/04,01,02,04,05,09,32,35,37,42,43,46,48,49,52,54,57,58,61,72,79
1/8/04,06,07,08,13,15,16,22,29,31,32,39,42,44,47,48,51,58,71,73,80
1/7/04,01,03,09,13,21,27,29,30,32,33,37,42,50,62,63,64,72,73,79,80
1/6/04,03,08,12,14,16,19,22,23,29,40,46,48,52,53,58,59,61,66,68,76
1/5/04,03,06,12,14,15,23,26,27,33,36,42,44,48,49,54,55,56,68,70,75
1/4/04,03,04,10,12,19,21,25,28,31,36,42,50,56,57,58,62,65,67,74,77
1/3/04,07,13,14,19,25,30,37,44,45,48,50,54,59,64,66,72,75,76,78,80
1/2/04,07,29,31,32,38,40,45,46,49,50,51,53,54,55,56,58,64,68,73,78
1/1/04,06,12,15,18,20,27,28,31,33,34,36,45,48,54,57,58,60,70,72,74
12/31/03,01,02,12,22,25,26,27,31,35,44,45,47,48,52,59,62,65,66,69,80
12/30/03,03,07,14,17,25,26,27,32,33,35,36,38,40,46,48,49,53,58,70,78
12/29/03,01,07,08,21,22,23,25,26,29,33,40,45,49,51,52,55,62,67,70,77
12/28/03,03,04,05,07,15,16,20,23,25,26,36,41,49,51,54,62,66,67,72,76
12/27/03,01,07,10,15,16,17,22,24,26,34,46,47,48,51,58,59,63,68,75,80
12/26/03,06,08,09,10,15,16,18,19,21,22,30,33,38,39,41,44,45,65,73,80
12/24/03,04,05,14,17,19,20,26,28,30,35,37,38,40,46,48,58,62,64,68,69
12/23/03,01,07,10,16,17,23,29,31,37,40,41,45,47,50,59,61,69,72,73,78
12/22/03,01,02,03,06,09,10,11,13,26,30,37,60,61,62,63,72,75,76,78,80
12/21/03,01,04,11,13,21,22,32,34,37,42,47,48,59,61,64,66,68,74,77,80
12/20/03,08,10,17,20,22,23,24,26,27,41,46,51,59,60,63,66,68,69,77,79
12/19/03,01,02,03,05,17,27,28,34,38,51,55,60,62,67,70,72,73,74,77,79
12/18/03,06,08,10,13,16,21,23,31,32,38,39,41,46,54,57,58,63,64,68,73
12/17/03,05,06,18,20,23,26,27,34,38,40,49,53,55,58,59,61,66,67,75,77
12/16/03,07,08,10,19,22,24,26,29,33,34,36,41,42,48,52,53,56,60,74,76
12/15/03,02,03,05,07,12,13,17,19,24,25,27,28,29,41,47,61,69,75,77,79
12/14/03,04,05,06,10,14,18,22,26,27,33,41,42,43,58,60,62,63,74,78,80
12/13/03,06,08,13,14,15,16,18,32,35,36,43,46,47,49,54,58,68,71,74,77
12/12/03,03,06,11,15,20,23,40,42,43,44,46,48,54,58,59,65,69,70,75,80
12/11/03,02,06,09,13,16,18,24,25,26,34,36,44,51,52,53,55,57,59,75,79
12/10/03,01,03,05,15,17,22,23,24,26,31,33,39,40,41,43,44,48,54,67,71
12/9/03,04,07,09,11,13,22,24,28,34,36,37,40,41,54,57,58,59,68,71,75
12/8/03,08,13,15,24,26,27,42,48,51,52,57,60,62,63,64,69,71,72,74,77
12/7/03,08,09,10,15,18,20,21,24,28,32,33,34,44,47,50,59,60,61,67,71
12/6/03,04,08,09,14,16,18,22,26,27,33,42,44,50,61,62,64,65,70,71,72
12/5/03,02,03,05,13,17,18,24,36,39,42,44,46,48,57,66,69,70,71,73,77
12/4/03,04,05,10,11,14,15,19,20,21,22,35,38,46,51,54,63,66,74,75,79
12/3/03,07,09,11,15,20,29,33,34,36,38,40,42,46,47,49,57,58,64,69,72
12/2/03,09,12,14,16,18,21,23,26,31,35,37,54,58,63,67,69,70,71,78,79
12/1/03,01,06,08,11,13,14,17,31,33,40,50,54,55,60,64,65,71,74,76,80
11/30/03,01,09,13,22,23,24,33,35,36,38,46,48,51,59,68,69,70,75,76,78
11/29/03,04,05,10,11,16,26,29,35,37,38,40,43,44,46,51,57,58,62,67,79
11/28/03,01,02,04,10,11,18,22,27,35,36,39,44,48,50,55,61,64,66,70,78
11/27/03,16,22,24,31,35,36,41,48,50,54,55,60,61,64,66,70,72,75,76,79
11/26/03,02,06,12,13,18,24,27,28,43,44,51,58,59,60,63,64,66,67,73,80
11/25/03,03,05,08,10,15,19,22,24,27,28,37,38,43,50,53,55,60,74,79,80
11/24/03,05,06,07,08,13,31,36,38,39,43,44,45,48,55,58,59,60,63,66,78
11/23/03,02,03,04,06,20,28,29,37,40,41,43,47,52,55,58,59,61,63,64,71
11/22/03,02,03,09,20,21,22,24,33,40,42,43,54,55,56,61,62,64,67,71,80
11/21/03,07,09,13,16,17,22,23,26,30,31,34,40,44,53,60,67,70,71,73,80
11/20/03,04,08,12,13,15,17,24,25,31,38,40,49,51,52,55,57,58,62,63,73
11/19/03,07,12,14,18,36,37,38,52,53,59,60,68,70,71,73,74,75,76,78,79
11/18/03,01,04,08,10,11,17,22,24,31,32,33,38,52,54,55,64,71,75,76,78
11/17/03,03,07,08,09,15,17,23,28,37,49,50,52,56,57,58,59,70,71,72,80
11/16/03,04,06,07,12,13,14,15,16,27,31,32,34,45,46,54,57,61,68,71,73
11/15/03,05,09,19,24,25,30,37,42,43,44,46,48,49,52,61,63,65,66,73,78
11/14/03,02,15,18,21,25,27,34,37,39,41,44,50,54,60,61,71,74,76,78,80
11/13/03,03,04,07,16,18,21,25,26,37,42,43,45,52,54,56,57,58,66,69,75
11/12/03,02,03,04,08,09,10,11,14,19,20,28,33,35,47,52,55,62,68,69,78
11/11/03,02,04,14,16,32,35,38,44,47,48,55,58,62,63,67,68,73,76,77,80
11/10/03,08,10,14,15,17,26,32,36,39,43,47,49,54,57,63,64,68,78,79,80
11/9/03,01,08,11,15,18,20,21,30,38,46,47,48,50,53,66,67,70,71,73,75
11/8/03,05,16,18,20,21,29,31,35,36,40,43,44,48,49,55,56,59,63,68,75
11/7/03,09,11,15,23,25,31,37,39,44,45,46,47,53,57,60,63,65,68,75,78
11/6/03,01,09,10,11,23,24,28,30,31,32,36,37,39,41,44,54,56,57,62,80
11/5/03,05,08,15,16,17,20,22,35,36,38,41,42,45,48,63,66,74,76,77,80
11/4/03,08,13,18,22,23,24,28,30,33,35,39,41,49,50,56,63,68,76,77,80
11/3/03,03,10,11,19,24,25,28,33,35,38,42,43,47,52,53,55,58,62,69,73
11/2/03,01,02,03,08,10,17,30,32,40,47,53,54,56,59,61,67,71,74,78,80
11/1/03,12,15,21,24,25,31,32,35,37,39,41,43,45,58,60,62,68,72,77,79
10/31/03,05,11,13,14,17,19,24,31,36,41,43,48,51,53,54,58,71,73,75,79
10/30/03,07,14,17,24,26,29,31,33,35,40,43,45,48,49,50,58,61,64,68,78
10/29/03,02,03,08,14,23,31,33,39,47,48,51,52,58,59,61,63,64,67,68,69
10/28/03,02,18,21,25,27,28,30,36,38,43,44,48,49,52,55,65,71,72,73,79
10/27/03,01,02,03,05,10,13,24,27,28,30,31,35,42,46,47,49,58,60,66,72
10/26/03,10,14,19,26,28,33,36,39,45,54,57,62,63,70,74,75,76,78,79,80
10/25/03,02,03,04,05,09,11,17,18,24,25,27,34,40,48,49,51,53,60,70,72
10/24/03,03,06,11,17,19,22,26,28,32,33,36,40,41,46,62,64,66,71,72,74
10/23/03,03,10,11,15,16,18,21,28,30,31,39,48,51,55,61,70,72,77,79,80
10/22/03,04,07,11,15,16,25,34,37,38,39,41,43,49,59,61,64,69,70,71,78
10/21/03,10,11,14,15,17,25,29,32,37,38,40,47,52,55,58,59,62,64,65,72
10/20/03,03,12,13,22,26,28,33,41,47,49,51,52,54,60,63,68,71,72,77,78
10/19/03,08,12,13,16,17,26,27,38,40,41,51,52,53,58,64,65,70,72,77,79
10/18/03,08,11,13,15,16,27,33,34,38,42,46,51,52,54,58,60,65,70,73,74
10/17/03,02,05,08,12,16,19,26,29,31,35,40,45,59,63,65,68,69,74,77,78
10/16/03,12,17,18,19,20,23,26,34,39,41,42,44,45,51,53,57,59,62,70,80
10/15/03,02,04,07,08,11,15,22,25,28,34,37,45,46,58,60,65,76,77,78,79
10/14/03,08,09,19,21,24,25,31,32,34,47,50,51,53,54,56,57,60,69,75,78
10/13/03,05,06,07,09,13,19,22,30,33,35,36,37,43,48,50,61,62,65,67,80
10/12/03,04,06,09,11,13,17,22,23,29,30,31,41,48,52,63,64,68,73,75,79
10/11/03,08,15,19,21,24,32,34,35,36,41,43,46,47,51,53,58,59,62,64,75
10/10/03,03,07,08,09,17,18,25,31,39,46,47,51,55,58,59,66,67,72,73,80
10/9/03,05,06,07,13,14,15,16,22,24,25,35,38,40,51,56,60,64,67,71,72
10/8/03,01,03,04,05,07,16,20,25,28,41,44,45,49,51,52,56,58,63,75,77
10/7/03,01,05,10,14,21,30,33,38,41,43,48,49,50,63,64,66,69,72,74,78
10/6/03,01,13,21,23,27,31,38,39,41,44,46,47,50,51,56,60,63,65,76,80
10/5/03,06,10,13,15,16,19,25,31,37,43,44,47,53,55,65,67,69,71,74,78
10/4/03,03,06,14,16,20,25,29,30,34,40,46,47,50,62,67,69,70,71,76,79
10/3/03,04,13,14,15,16,17,20,24,25,31,35,48,49,57,59,62,68,69,71,77
10/2/03,02,10,13,16,22,25,31,32,35,36,45,50,56,57,60,66,68,71,72,80
10/1/03,01,05,11,12,16,22,24,28,29,34,40,41,51,53,62,64,65,67,70,77
9/30/03,02,03,08,09,13,20,22,24,30,32,35,39,41,49,55,62,66,69,75,76
9/29/03,02,15,20,25,30,34,36,37,42,50,53,57,58,59,64,65,73,77,78,79
9/28/03,01,03,04,05,07,10,12,13,23,25,30,36,40,49,55,56,61,64,65,67
9/27/03,02,12,13,15,16,17,32,33,38,40,43,47,51,57,60,61,62,68,71,80
9/26/03,07,10,15,22,25,27,33,36,38,39,40,47,53,57,59,66,69,70,78,79
9/25/03,03,06,10,13,16,17,21,25,30,45,46,49,54,59,60,68,69,75,78,79
9/24/03,04,07,09,16,18,23,31,34,35,37,41,46,47,49,52,55,56,62,78,79
9/23/03,04,07,18,19,20,21,24,27,35,40,41,46,53,57,58,66,73,74,75,77
9/22/03,10,11,17,22,26,29,30,31,33,36,45,47,51,53,58,60,61,64,67,71
9/21/03,01,07,08,09,11,18,19,22,24,25,26,32,43,47,49,55,57,62,68,69
9/20/03,01,02,07,08,10,14,17,28,30,32,36,39,43,49,65,67,69,71,76,77
9/19/03,02,05,06,12,16,18,29,36,37,42,44,45,46,51,53,55,57,61,68,75
9/18/03,01,06,07,09,10,18,24,30,32,34,40,42,44,51,68,71,73,74,77,79
9/17/03,10,12,13,22,26,29,34,36,39,44,46,48,49,50,55,59,60,61,65,66
9/16/03,09,20,23,26,30,31,34,39,40,42,44,47,54,55,56,59,61,72,76,79
9/15/03,04,05,13,16,23,27,28,29,30,44,50,54,58,64,65,68,70,74,78,80
9/14/03,04,06,13,17,20,28,32,40,43,46,48,54,55,57,61,65,68,70,72,73
9/13/03,04,07,09,10,15,19,24,29,30,31,35,36,48,49,50,51,52,60,68,70
9/12/03,02,04,06,13,15,23,24,29,30,31,35,36,40,47,50,52,65,73,77,78
9/11/03,01,04,06,07,09,14,19,23,25,26,27,33,34,36,44,47,53,57,62,65
9/10/03,04,05,07,12,14,17,18,23,30,34,37,43,45,56,59,62,68,69,74,78
9/9/03,01,02,08,13,18,21,22,23,25,27,32,39,43,44,46,47,56,59,60,74
9/8/03,04,08,14,16,18,20,25,27,31,33,37,38,43,49,53,55,58,62,63,78
9/7/03,03,04,08,09,10,13,21,34,38,40,43,48,52,53,60,62,64,68,75,80
9/6/03,05,07,08,22,24,30,32,36,37,41,46,48,50,51,53,54,56,59,77,80
9/5/03,01,02,03,15,18,19,32,35,37,38,40,45,46,47,52,63,65,67,75,80
9/4/03,04,06,13,15,19,24,28,33,35,37,38,39,44,45,53,54,67,69,74,79
9/3/03,01,09,10,18,25,26,27,30,34,36,40,43,46,47,54,60,72,73,75,77
9/2/03,01,02,03,07,09,10,13,18,20,28,31,39,42,43,49,55,58,61,75,80
9/1/03,01,06,07,12,13,14,16,17,20,31,35,40,41,47,49,50,70,75,76,78
8/31/03,03,08,11,13,16,17,21,26,32,35,38,42,48,50,54,58,62,71,75,77
8/30/03,04,09,12,18,27,30,31,32,41,43,48,50,52,56,58,66,68,71,73,79
8/29/03,07,10,16,25,26,28,32,35,45,46,50,52,54,56,58,66,67,71,72,78
8/28/03,04,08,09,11,13,18,24,27,30,31,36,41,42,51,57,61,63,64,72,77
8/27/03,01,05,24,27,31,35,38,40,43,49,54,57,60,61,62,67,71,72,75,77
8/26/03,01,03,08,15,20,25,29,31,37,38,42,43,54,55,56,57,62,69,71,80
8/25/03,03,05,09,18,23,29,33,34,40,41,44,51,53,57,58,59,60,62,65,77
8/24/03,10,12,13,16,18,24,28,30,32,33,37,46,49,51,55,58,63,64,72,75
8/23/03,06,10,11,15,16,18,19,37,42,44,48,52,53,55,65,66,70,72,76,78
8/22/03,02,04,06,07,15,16,17,19,28,30,33,36,39,44,48,49,52,55,57,68
8/21/03,02,07,13,19,22,24,26,29,31,36,45,53,58,59,61,65,71,72,73,74
8/20/03,05,09,10,16,28,30,31,33,34,39,40,41,42,45,47,56,58,60,67,68
8/19/03,01,22,24,25,31,33,37,38,44,53,57,60,62,65,66,70,71,72,73,74
8/18/03,14,22,25,32,34,40,43,44,45,46,50,51,58,62,66,69,70,71,73,75
8/17/03,04,10,14,15,17,23,26,30,36,37,41,43,50,51,52,56,60,70,71,76
8/16/03,01,04,05,06,09,11,12,15,16,25,26,49,51,53,60,62,63,65,69,75
8/15/03,08,10,21,26,27,32,35,39,42,45,47,48,56,57,61,63,66,69,77,80
8/14/03,01,05,13,14,16,22,23,27,29,30,34,37,44,47,50,63,70,72,78,80
8/13/03,05,06,08,12,14,17,19,24,30,33,38,42,44,45,46,55,60,68,77,80
8/12/03,05,06,07,10,18,20,21,24,26,28,29,42,43,44,50,51,60,61,69,80
8/11/03,13,14,23,24,25,27,36,46,50,53,54,57,58,62,63,67,73,75,77,78
8/10/03,06,12,15,18,20,26,28,29,32,33,43,45,48,52,57,58,62,64,76,77
8/9/03,01,04,05,08,10,13,23,24,27,36,37,38,42,45,57,58,60,64,70,78
8/8/03,05,09,12,13,15,19,21,22,23,34,59,62,63,65,68,69,70,72,75,76
8/7/03,01,03,04,08,09,10,16,18,21,34,41,44,53,56,59,60,68,70,72,73
8/6/03,04,05,07,11,12,19,22,23,29,31,36,42,47,49,51,56,58,59,60,65
8/5/03,01,04,13,16,20,23,29,40,46,48,49,52,54,56,62,65,70,75,76,77
8/4/03,08,09,13,18,20,21,26,29,38,43,45,50,54,55,56,57,58,60,61,80
8/3/03,02,05,07,08,15,23,27,39,47,48,49,53,54,56,58,64,68,74,77,78
8/2/03,03,05,09,16,21,24,25,31,38,43,54,56,58,60,62,63,70,73,75,80
8/1/03,03,15,16,19,20,22,27,28,31,37,46,48,51,59,62,65,68,69,77,80
7/31/03,01,03,16,19,21,24,25,27,31,34,45,46,48,50,52,59,67,76,78,80
7/30/03,01,03,05,07,13,15,17,21,27,40,43,50,54,60,64,65,68,69,74,79
7/29/03,06,10,14,17,25,28,32,33,38,40,45,47,50,51,59,62,65,67,68,70
7/28/03,06,08,10,16,17,21,23,24,25,26,38,39,43,52,62,65,66,71,72,75
7/27/03,18,20,21,22,23,24,26,29,31,40,41,46,48,54,55,60,64,72,76,78
7/26/03,02,05,10,17,19,22,23,25,26,28,31,37,39,46,55,56,58,66,69,78
7/25/03,02,03,23,25,26,31,33,42,43,44,50,51,53,54,61,64,65,66,69,74
7/24/03,08,09,16,18,30,35,37,38,43,44,47,53,55,56,59,61,72,73,78,80
7/23/03,10,12,13,14,17,21,22,26,29,30,31,32,35,39,48,50,63,66,73,75
7/22/03,01,09,10,11,19,20,21,23,24,31,38,48,55,57,61,67,69,70,73,74
7/21/03,04,13,14,15,18,20,24,29,31,37,39,46,49,50,52,63,69,70,72,73
7/20/03,01,03,11,13,20,24,26,32,33,35,40,42,46,48,53,56,62,74,76,78
7/19/03,02,08,09,12,14,15,18,21,22,23,26,33,36,37,52,55,63,67,70,77
7/18/03,01,03,06,09,24,28,29,32,35,42,48,49,53,56,64,66,70,71,77,80
7/17/03,01,02,03,11,13,15,26,33,37,40,42,45,46,58,61,62,64,73,78,80
7/16/03,03,06,10,12,16,17,19,21,24,25,27,29,32,35,36,42,43,56,67,68
7/15/03,01,02,03,08,21,23,24,32,41,45,47,49,52,57,60,63,71,72,74,80
7/14/03,06,10,13,15,18,22,27,29,34,36,45,50,53,54,60,62,69,72,75,78
7/13/03,02,07,11,19,23,24,30,45,46,48,50,52,53,56,64,66,68,73,76,77
7/12/03,02,04,05,09,10,29,33,34,35,38,41,42,47,49,50,51,54,58,66,80
7/11/03,02,03,05,06,13,15,17,25,33,34,35,45,52,54,64,65,66,72,74,76
7/10/03,02,04,06,08,09,14,15,18,26,30,35,39,53,55,57,62,63,77,79,80
7/9/03,02,04,07,08,12,14,19,27,31,32,43,46,52,61,65,73,74,75,78,79
7/8/03,10,12,22,23,26,34,35,36,39,40,41,46,49,53,64,66,67,77,79,80
7/7/03,01,09,27,33,38,39,42,46,49,50,51,52,53,56,58,62,63,65,68,71
7/6/03,06,07,09,10,13,19,22,23,27,28,32,34,36,39,45,55,57,59,65,70
7/5/03,06,07,10,17,18,28,30,31,34,36,37,44,45,46,59,63,67,68,70,76
7/4/03,01,02,04,05,10,20,21,24,26,34,35,44,48,49,59,63,64,65,68,72
7/3/03,07,11,14,17,20,30,38,39,46,47,51,52,53,54,58,63,68,72,73,78
7/2/03,01,11,17,27,30,33,35,42,45,47,51,52,53,54,55,56,61,70,72,73
7/1/03,02,05,07,12,14,17,32,44,46,49,51,52,56,61,64,66,67,72,75,76
6/30/03,01,06,10,21,24,34,39,40,49,50,52,54,60,61,62,66,71,75,76,79
6/29/03,01,05,10,13,14,32,45,46,49,51,52,54,55,62,63,71,72,73,78,79
6/28/03,17,19,20,27,33,34,38,39,40,46,47,52,53,56,59,69,71,73,76,80
6/27/03,04,09,11,13,14,24,28,29,30,37,39,47,48,53,56,57,60,64,68,69
6/26/03,12,15,16,22,23,25,29,32,35,37,39,40,42,47,48,61,66,68,69,72
6/25/03,05,10,11,17,18,22,24,25,34,37,48,51,53,60,63,64,67,70,76,77
6/24/03,01,02,06,12,20,22,26,27,43,47,53,58,59,61,64,66,68,70,76,78
6/23/03,02,04,16,20,25,29,30,33,34,37,40,42,54,58,67,68,70,71,74,75
6/22/03,03,11,12,15,21,23,27,29,36,37,39,43,52,55,56,58,67,76,77,78
6/21/03,04,10,16,22,24,25,29,30,31,35,43,50,53,56,58,60,65,67,74,76
6/20/03,02,06,11,18,19,24,39,42,48,50,52,53,55,57,59,62,66,67,77,80
6/19/03,02,10,14,21,22,26,32,33,37,39,40,46,53,57,58,59,70,72,73,80
6/18/03,01,05,12,19,20,30,39,46,47,48,53,56,62,63,65,66,67,70,73,79
6/17/03,07,10,16,18,21,33,34,39,41,42,46,48,50,61,65,66,67,68,72,78
6/16/03,04,08,17,28,31,32,35,40,41,43,45,46,47,49,55,56,59,64,73,76
6/15/03,07,13,14,16,20,21,23,24,26,29,34,42,47,50,54,55,57,58,59,60
6/14/03,01,09,17,18,21,25,36,37,38,40,44,45,51,52,61,63,64,70,72,79
6/13/03,01,06,09,11,13,17,22,24,43,48,50,52,56,59,60,61,64,72,78,80
6/12/03,01,02,03,04,11,12,20,23,28,38,40,42,45,49,60,64,65,67,69,76
6/11/03,04,07,10,11,13,16,18,21,24,32,42,50,52,57,58,59,60,62,71,75
6/10/03,01,05,07,12,15,17,18,20,21,24,27,35,39,44,66,69,70,73,74,79
6/9/03,11,13,19,21,27,28,31,33,36,44,45,47,51,55,62,64,66,69,71,79
6/8/03,03,08,15,19,21,26,33,37,38,47,50,52,59,62,63,69,71,72,76,77
6/7/03,01,03,08,09,20,29,35,39,43,46,49,50,52,53,54,62,66,70,71,72
6/6/03,07,08,20,25,29,30,34,35,40,42,47,49,52,53,59,60,61,65,71,79
6/5/03,05,06,07,21,24,28,29,30,31,32,33,38,41,42,45,53,60,67,68,74
6/4/03,01,05,09,12,19,20,28,29,32,33,37,39,41,45,48,51,56,73,78,79
6/3/03,01,04,10,17,21,29,32,34,37,38,40,45,47,48,53,58,59,60,76,80
6/2/03,03,11,12,13,16,19,22,24,27,30,35,39,45,48,51,57,62,67,68,71
6/1/03,05,07,11,16,20,22,26,29,33,42,52,54,55,62,67,69,70,74,76,77
5/31/03,03,07,13,15,16,18,19,23,26,27,28,38,39,42,43,45,53,67,74,77
5/30/03,11,15,18,22,23,27,40,45,46,49,52,53,56,58,59,60,66,67,70,77
5/29/03,04,09,10,15,21,25,29,30,31,34,40,42,48,50,58,64,65,68,70,75
5/28/03,02,04,14,19,20,21,23,27,31,34,47,52,54,61,62,69,70,72,74,77
5/27/03,01,07,09,12,16,19,27,35,41,42,43,49,50,60,62,64,74,76,77,79
5/26/03,03,05,11,15,18,20,23,31,36,41,42,43,44,46,47,49,53,65,68,72
5/25/03,05,09,15,16,21,26,36,37,41,43,45,46,48,49,50,53,54,58,67,80
5/24/03,02,06,09,11,12,16,21,23,27,44,45,46,47,51,58,65,67,71,72,74
5/23/03,01,09,13,14,16,18,20,22,23,27,31,36,52,56,63,67,69,70,74,77
5/22/03,01,04,08,19,29,32,34,40,46,50,52,54,55,56,58,59,67,73,74,76
5/21/03,02,05,06,07,08,10,13,17,20,27,30,32,45,47,58,69,71,74,78,79
5/20/03,10,14,24,26,31,32,33,34,35,37,39,40,42,43,46,54,60,61,66,68
5/19/03,03,14,16,17,21,22,24,29,32,33,39,40,41,48,52,54,58,59,60,68
5/18/03,06,08,09,13,15,20,34,38,39,40,46,51,53,54,56,58,60,69,75,80
5/17/03,02,14,15,19,20,24,26,36,39,43,46,48,50,54,58,62,64,68,70,78
5/16/03,02,03,04,10,12,18,19,22,26,29,30,36,40,50,59,61,71,75,77,80
5/15/03,07,09,16,22,23,25,26,27,30,40,49,53,58,60,65,66,69,71,72,76
5/14/03,02,03,09,15,18,27,28,37,38,39,46,48,49,55,64,68,71,77,78,79
5/13/03,02,03,05,11,14,20,24,25,36,37,38,44,46,47,51,57,61,62,70,75
5/12/03,04,13,21,27,29,30,31,34,36,38,42,45,46,48,60,63,66,71,77,80
5/11/03,06,08,12,17,19,20,24,27,33,36,38,39,42,46,61,62,67,71,79,80
5/10/03,01,04,05,09,13,16,17,19,21,28,36,43,54,58,60,64,69,70,77,78
5/9/03,03,06,07,09,11,12,18,19,23,27,33,42,46,55,67,71,72,73,77,80
5/8/03,06,10,21,22,24,28,32,36,43,48,54,55,60,61,63,68,69,72,75,79
5/7/03,04,07,09,12,16,23,27,31,32,40,43,45,50,51,53,55,62,67,75,80
5/6/03,01,04,05,07,15,16,17,18,27,34,38,42,46,56,63,64,66,67,76,80
5/5/03,10,16,17,18,21,22,29,33,36,37,39,42,46,55,58,62,65,69,72,77
5/4/03,01,08,10,17,18,19,21,29,35,38,47,54,58,59,60,69,72,73,74,79
5/3/03,04,07,17,21,24,25,27,29,31,32,35,36,38,39,47,53,54,55,61,68
5/2/03,01,03,05,06,13,14,15,20,33,35,39,43,44,52,53,55,56,57,58,64
5/1/03,01,12,20,27,29,31,33,34,41,42,43,46,50,55,59,65,66,67,69,79
4/30/03,01,04,08,13,18,21,23,24,37,51,55,56,58,59,62,64,65,69,74,79
4/29/03,04,07,15,19,20,23,24,28,31,37,38,46,47,50,54,66,68,73,79,80
4/28/03,03,05,08,13,14,18,24,27,31,34,40,43,44,45,46,47,52,63,67,71
4/27/03,07,10,11,13,15,16,20,21,29,31,37,40,42,46,50,52,65,71,72,76
4/26/03,02,13,14,15,23,25,26,27,29,32,39,43,48,54,59,60,67,70,73,79
4/25/03,03,06,09,10,12,17,18,19,25,27,32,38,40,49,53,61,62,63,67,74
4/24/03,01,03,08,12,23,24,27,30,33,34,35,41,46,49,50,55,62,67,70,77
4/23/03,01,08,11,15,23,27,30,31,32,38,40,43,52,58,63,68,70,71,77,79
4/22/03,12,19,21,23,25,27,33,37,39,40,43,50,51,53,61,62,63,70,71,73
4/21/03,01,06,11,16,19,21,22,23,25,37,38,39,43,46,51,53,56,67,71,80
4/20/03,09,10,11,14,17,19,23,27,28,30,45,49,52,54,56,58,70,73,78,79
4/19/03,01,06,09,11,18,33,40,44,49,51,52,59,61,63,65,70,71,75,78,80
4/18/03,01,04,05,07,10,15,20,22,26,31,37,38,40,44,55,60,63,67,76,79
4/17/03,06,07,08,10,12,15,16,20,24,33,38,40,43,45,55,62,66,67,71,77
4/16/03,01,02,05,06,15,16,19,20,22,24,30,34,36,44,55,69,71,72,76,78
4/15/03,07,08,09,10,13,23,27,29,38,41,46,51,52,55,56,65,68,69,74,77
4/14/03,08,12,13,19,20,21,27,30,31,41,49,60,63,65,68,70,72,76,77,78
4/13/03,01,03,05,07,08,10,13,17,27,33,34,43,46,48,50,64,72,73,76,78
4/12/03,02,03,04,05,16,18,22,23,25,29,30,32,54,55,56,57,65,72,76,79
4/11/03,04,07,17,29,32,33,35,38,40,43,47,53,56,58,61,64,69,73,78,80
4/10/03,07,12,15,17,21,22,26,27,34,35,37,40,42,48,58,60,68,73,75,79
4/9/03,01,10,15,18,23,25,30,35,38,39,42,45,47,55,56,57,61,71,74,78
4/8/03,01,03,04,12,17,22,27,29,30,44,48,54,64,66,69,70,73,74,76,78
4/7/03,03,07,15,18,29,38,42,44,45,50,57,59,62,68,69,71,73,78,79,80
4/6/03,02,04,08,14,23,26,29,30,38,43,45,47,54,60,63,65,68,72,74,78
4/5/03,05,06,14,20,26,32,33,35,44,47,48,58,59,62,65,69,71,74,75,80
4/4/03,02,07,11,17,18,26,27,29,30,38,44,46,52,60,61,62,63,64,71,76
4/3/03,01,03,08,11,17,20,22,23,24,35,42,51,53,55,59,63,65,75,78,79
4/2/03,01,03,14,16,18,21,26,29,30,35,36,39,40,42,50,63,65,72,73,76
4/1/03,10,13,14,20,23,26,29,31,34,37,38,39,40,44,48,49,56,60,62,70
3/31/03,05,06,11,16,17,24,26,32,36,37,41,47,50,56,59,63,69,72,73,79
3/30/03,04,08,09,10,13,15,22,32,33,36,37,41,42,46,53,59,64,76,77,79
3/29/03,01,03,04,08,12,14,15,16,20,24,25,28,30,34,39,49,51,59,60,65
3/28/03,06,08,11,16,22,35,36,41,50,53,59,60,64,70,71,72,74,75,76,78
3/27/03,02,03,06,07,13,15,22,23,26,31,32,36,38,40,44,47,57,59,65,68
3/26/03,12,16,18,20,21,25,27,28,30,37,41,49,55,56,58,59,68,73,74,76
3/25/03,10,13,25,27,30,32,36,38,42,43,46,50,53,55,59,65,66,67,68,80
3/24/03,18,19,24,25,26,28,29,36,40,45,48,49,52,56,64,65,67,70,73,77
3/23/03,02,05,11,15,21,27,30,32,36,40,41,46,47,49,53,60,63,68,72,80
3/22/03,03,04,05,10,15,16,20,26,28,32,33,42,46,48,50,51,52,57,65,66
3/21/03,04,05,08,09,11,15,20,29,30,32,34,35,36,43,44,63,64,68,73,74
3/20/03,05,07,10,12,13,16,18,19,24,26,29,31,48,49,57,60,61,63,64,74
3/19/03,01,07,09,10,14,19,22,28,30,37,49,50,54,61,69,72,74,75,78,79
3/18/03,03,05,09,12,15,20,23,28,32,34,35,38,45,47,53,57,60,63,67,69
3/17/03,01,05,13,14,22,26,32,39,44,45,49,55,58,63,65,69,70,72,73,77
3/16/03,09,10,11,12,15,19,21,27,29,30,34,40,42,44,52,57,61,62,70,79
3/15/03,04,06,07,08,11,19,21,28,31,36,45,58,61,64,66,68,69,73,78,79
3/14/03,06,07,10,14,21,25,28,29,33,38,47,50,55,56,61,65,67,71,75,77
3/13/03,05,10,12,16,19,21,23,24,32,33,42,44,48,52,60,62,65,67,71,75
3/12/03,01,04,05,09,16,23,29,30,39,44,49,59,60,62,65,68,72,74,75,79
3/11/03,03,04,05,15,16,17,32,38,43,44,45,51,52,54,61,63,68,70,74,78
3/10/03,12,14,18,21,32,38,41,44,45,48,49,56,58,60,62,63,65,68,69,76
3/9/03,09,12,18,21,24,26,27,28,36,39,47,52,54,56,58,64,67,69,70,78
3/8/03,03,11,20,24,25,26,27,33,34,38,42,45,47,53,58,62,65,67,68,75
3/7/03,01,03,09,16,18,27,29,33,34,48,50,57,62,64,67,68,72,73,74,79
3/6/03,01,04,06,14,16,17,34,37,38,41,48,52,53,54,56,57,62,66,68,73
3/5/03,07,15,32,33,35,37,45,47,49,50,52,55,59,63,69,73,74,75,78,80
3/4/03,01,02,06,07,11,18,29,30,34,38,39,44,47,57,61,63,67,71,75,76
3/3/03,08,10,21,34,36,39,42,44,45,46,47,57,58,63,67,69,72,73,74,80
3/2/03,03,10,11,20,21,27,28,29,36,39,45,46,58,61,62,63,65,68,69,78
3/1/03,03,11,21,22,28,29,30,31,32,36,39,44,46,50,58,64,67,68,71,76
2/28/03,02,07,10,17,22,27,31,33,34,42,49,53,54,63,64,66,67,72,75,76
2/27/03,02,09,17,21,27,32,34,39,41,43,46,50,54,55,57,60,62,64,68,74
2/26/03,01,05,11,15,16,17,25,26,30,40,51,53,54,55,59,63,70,72,76,78
2/25/03,02,06,14,16,17,20,21,23,26,29,31,36,37,45,53,56,68,70,71,79
2/24/03,09,15,16,17,26,31,40,43,46,49,52,61,62,63,66,69,71,75,76,80
2/23/03,09,10,16,18,24,26,30,36,47,48,51,52,54,62,63,64,71,75,79,80
2/22/03,03,08,09,11,12,20,23,29,30,36,44,58,59,60,62,63,70,74,75,76
2/21/03,01,06,13,15,18,19,20,21,25,38,39,40,47,49,50,53,56,60,69,73
2/20/03,03,08,14,15,21,26,27,31,35,38,39,42,53,56,57,58,59,67,77,79
2/19/03,02,03,07,08,09,17,26,27,32,33,49,53,54,57,63,64,66,69,72,80
2/18/03,02,03,07,10,13,21,22,26,29,37,43,53,57,58,61,62,65,73,74,75
2/17/03,01,07,11,14,17,20,27,35,39,43,49,51,54,56,60,61,66,67,70,71
2/16/03,06,08,09,13,24,27,29,30,32,38,40,50,52,57,61,65,68,71,72,78
2/15/03,01,06,13,20,24,28,29,39,45,46,50,52,54,55,59,60,62,63,64,73
2/14/03,02,05,10,18,19,21,24,26,38,42,43,49,55,58,63,64,66,75,79,80
2/13/03,03,08,09,13,16,18,21,28,29,38,39,44,55,57,58,59,61,66,70,78
2/12/03,01,02,04,07,19,24,27,29,37,38,46,47,52,61,63,69,71,75,76,77
2/11/03,01,03,05,09,10,12,19,34,36,42,43,47,48,63,64,69,74,76,79,80
2/10/03,06,10,12,22,26,29,34,39,41,47,49,50,52,63,68,72,75,76,77,78
2/9/03,01,03,07,09,11,14,17,22,24,28,34,37,38,40,45,46,47,50,58,66
2/8/03,04,05,10,13,15,26,27,28,41,42,43,47,52,53,61,64,66,67,70,78
2/7/03,02,05,06,10,11,13,17,23,24,34,40,43,44,46,48,54,61,65,73,76
2/6/03,11,12,13,14,15,17,28,32,35,37,43,47,50,55,58,65,66,68,75,80
2/5/03,06,09,12,15,16,29,36,44,45,48,50,53,56,58,69,71,75,76,79,80
2/4/03,01,07,08,10,15,20,21,25,33,34,36,38,41,45,53,57,60,62,68,70
2/3/03,02,05,08,11,17,20,23,26,29,30,48,54,56,59,61,68,72,73,78,80
2/2/03,08,13,15,16,26,28,29,30,35,40,42,43,44,49,50,64,65,71,72,75
2/1/03,04,12,19,26,27,29,30,31,32,38,44,49,51,55,59,62,65,66,77,78
1/31/03,05,06,12,15,16,19,23,31,36,37,46,47,48,49,54,62,66,68,72,76
1/30/03,02,04,13,14,15,17,23,25,33,39,41,43,48,53,59,61,67,75,77,79
1/29/03,06,10,16,19,26,28,29,30,31,45,46,53,60,63,66,68,70,75,77,80
1/28/03,03,09,15,19,21,22,29,32,34,41,48,52,56,58,60,61,72,74,76,78
1/27/03,01,04,09,10,11,14,15,29,31,34,35,36,47,48,49,52,54,69,73,74
1/26/03,03,09,12,18,27,29,30,33,34,43,46,47,49,51,63,69,71,72,76,80
1/25/03,16,20,26,27,28,29,30,36,39,42,46,48,50,52,57,58,60,67,72,76
1/24/03,02,06,11,14,19,23,24,25,26,28,30,33,35,38,48,53,54,69,70,80
1/23/03,10,13,14,15,20,24,26,30,31,34,42,48,51,52,53,56,57,60,61,70
1/22/03,04,12,17,21,22,23,26,34,36,43,53,60,61,63,66,67,74,76,77,80
1/21/03,03,10,11,13,15,16,19,22,24,29,35,42,51,56,57,64,65,70,74,76
1/20/03,01,02,10,14,16,18,20,22,27,30,32,48,50,59,60,63,66,67,75,78
1/19/03,01,02,03,09,15,18,20,35,36,42,43,44,48,52,56,59,60,65,71,72
1/18/03,02,03,06,17,19,23,29,36,37,42,49,51,63,65,69,70,71,72,76,77
1/17/03,01,05,09,13,14,17,18,19,20,22,29,30,31,32,43,57,58,63,69,76
1/16/03,08,15,16,18,21,30,32,38,39,43,44,45,48,55,56,58,61,71,72,78
1/15/03,06,09,13,14,15,21,31,34,40,43,45,48,49,52,53,58,62,68,73,79
1/14/03,01,03,04,05,08,09,11,16,21,23,26,31,36,50,54,57,69,71,75,78
1/13/03,10,11,12,13,17,21,22,23,26,28,38,42,45,47,50,52,59,60,61,63
1/12/03,03,04,05,13,18,20,27,29,35,37,39,44,50,51,57,64,68,73,77,80
1/11/03,05,11,14,16,20,21,23,24,31,43,44,46,54,61,63,66,68,73,78,80
1/10/03,01,05,08,14,26,33,36,41,44,46,48,51,54,55,60,66,72,75,79,80
1/9/03,02,05,09,17,18,19,20,24,25,27,33,37,38,39,41,42,45,71,72,80
1/8/03,04,06,08,13,19,20,22,24,28,29,35,42,43,44,49,50,60,62,65,76
1/7/03,04,05,06,12,15,27,30,33,34,39,41,45,53,64,65,66,67,72,73,78
1/6/03,02,03,04,09,17,18,22,25,29,35,39,40,41,46,55,57,60,64,69,79
1/5/03,12,15,16,19,22,25,26,27,30,36,39,43,44,58,59,61,67,68,73,78
1/4/03,16,20,23,28,29,31,35,39,40,52,54,57,58,60,67,69,70,74,78,79
1/3/03,06,07,08,10,12,15,18,19,21,25,32,38,40,44,47,51,53,64,75,80
1/2/03,02,09,10,11,15,20,24,27,39,44,50,52,53,56,63,66,68,69,71,76
1/1/03,01,03,15,16,17,25,28,30,33,43,46,48,55,58,60,61,67,70,75,79
12/31/02,02,12,15,19,21,22,24,42,44,45,55,56,57,58,59,61,62,68,71,74
12/30/02,01,02,08,11,16,26,28,32,34,35,38,40,45,46,55,57,60,61,64,71
12/29/02,01,02,03,04,09,10,22,29,36,41,44,45,48,49,51,66,68,69,70,73
12/28/02,04,06,07,09,11,14,15,17,19,31,32,40,44,47,52,55,60,65,70,78
12/27/02,01,08,14,18,22,34,38,39,41,46,47,51,55,57,64,65,67,70,76,77
12/26/02,03,04,17,20,21,24,25,42,49,51,52,56,62,64,65,68,72,73,75,78
12/24/02,03,09,13,16,20,22,31,32,36,47,48,52,54,55,66,71,73,76,77,80
12/23/02,03,07,10,15,17,25,34,36,38,39,42,44,58,64,66,70,73,74,77,78
12/22/02,02,04,05,11,14,22,23,28,34,36,52,53,57,61,62,67,71,72,74,75
12/21/02,03,06,07,09,18,22,27,30,32,33,38,58,64,69,70,72,75,77,79,80
12/20/02,05,06,09,11,15,19,23,26,32,36,37,45,47,51,59,61,66,70,75,77
12/19/02,08,10,14,15,16,18,19,29,31,34,35,39,50,55,59,64,65,66,74,79
12/18/02,02,03,09,12,15,17,24,25,27,28,33,36,40,42,55,58,70,71,73,76
12/17/02,02,03,04,18,22,24,26,32,41,48,49,52,58,67,70,71,73,75,77,79
12/16/02,02,05,06,11,15,18,24,32,34,35,37,40,42,50,57,59,63,68,78,79
12/15/02,04,05,06,15,16,23,32,33,42,43,44,48,51,60,64,66,69,73,74,79
12/14/02,03,11,17,19,20,24,25,36,38,39,44,45,48,51,52,64,69,70,74,78
12/13/02,03,06,07,08,09,15,18,21,23,24,26,34,38,40,49,51,60,69,70,76
12/12/02,03,07,11,21,29,31,32,33,35,37,39,47,54,57,64,65,70,75,77,78
12/11/02,01,08,14,20,24,26,28,34,35,38,40,42,45,47,60,61,66,70,73,80
12/10/02,01,03,17,19,20,22,27,34,43,47,48,52,55,56,65,69,71,72,73,74
12/9/02,07,11,12,23,28,29,35,37,42,43,45,46,53,55,58,60,64,65,71,75
12/8/02,01,04,14,15,17,19,20,30,43,47,48,53,57,61,62,64,68,75,77,79
12/7/02,03,06,15,16,19,20,23,24,25,37,41,45,52,57,58,64,69,71,75,77
12/6/02,01,02,04,05,13,16,18,24,25,29,30,39,40,45,62,65,66,69,79,80
12/5/02,10,17,18,24,27,29,31,37,40,44,47,51,52,54,55,59,63,66,71,80
12/4/02,01,03,04,07,11,23,24,28,30,33,38,40,41,54,55,56,63,64,67,68
12/3/02,02,04,06,08,13,18,21,22,36,42,44,50,53,59,60,61,64,67,68,78
12/2/02,02,06,26,28,30,31,37,39,40,45,46,48,61,62,63,66,68,69,72,78
12/1/02,12,15,16,22,26,31,33,39,42,43,45,46,47,48,52,53,64,69,71,73
11/30/02,01,02,06,19,27,29,35,36,39,42,47,50,56,58,59,63,65,70,71,79
11/29/02,06,09,17,19,20,22,23,24,32,33,40,55,62,66,70,72,73,77,78,80
11/28/02,05,08,09,11,12,13,19,20,21,31,35,45,46,51,54,63,71,74,76,79
11/27/02,03,04,10,18,20,23,24,34,37,38,41,42,44,45,47,48,51,57,63,80
11/26/02,01,04,07,11,12,14,18,31,33,34,38,43,47,52,53,56,63,65,72,75
11/25/02,01,06,12,14,17,20,21,23,30,33,34,37,44,49,55,62,67,73,74,76
11/24/02,02,03,04,07,26,28,32,33,38,39,45,46,48,50,58,59,60,61,63,70
11/23/02,02,04,06,13,14,16,20,24,27,44,46,52,56,58,59,61,62,72,76,78
11/22/02,06,12,13,14,16,20,22,28,32,37,40,42,49,53,58,64,66,68,69,77
11/21/02,01,03,05,21,22,25,33,38,40,43,44,49,56,57,63,64,68,69,77,78
11/20/02,01,08,11,15,20,21,26,28,48,54,55,57,58,62,64,66,70,72,78,79
11/19/02,05,06,08,14,15,26,27,28,36,44,45,49,53,54,59,61,69,72,79,80
11/18/02,01,03,04,06,09,10,11,20,21,24,26,35,45,53,60,62,69,71,72,73
11/17/02,05,07,09,11,12,13,14,17,22,24,26,31,47,48,54,57,67,71,76,80
11/16/02,05,06,08,09,11,13,22,29,30,41,45,50,52,54,63,65,66,69,70,74
11/15/02,08,13,14,15,21,25,26,32,33,35,36,38,39,53,59,68,70,72,76,80
11/14/02,06,13,19,20,32,33,36,38,42,46,48,50,57,60,68,69,71,77,78,79
11/13/02,04,06,08,16,18,20,32,35,36,48,49,53,54,57,60,63,64,68,71,78
11/12/02,02,03,13,24,25,26,30,35,38,45,47,50,55,59,60,66,67,70,73,76
11/11/02,02,07,08,15,17,25,26,30,37,39,40,41,53,54,60,61,68,70,74,77
11/10/02,01,05,06,08,19,20,25,26,39,42,43,53,60,61,63,68,69,72,74,80
11/9/02,01,05,06,08,12,15,16,17,19,20,21,33,38,42,48,49,51,64,71,72
11/8/02,07,09,17,22,25,30,37,43,49,52,55,57,58,60,65,67,70,71,74,78
11/7/02,01,11,12,13,15,18,21,24,25,26,29,39,42,46,49,53,55,72,75,77
11/6/02,02,07,08,14,20,21,29,33,36,37,44,45,47,48,53,61,62,64,65,71
11/5/02,08,12,18,24,25,26,32,36,43,45,51,53,58,59,60,67,72,73,76,80
11/4/02,03,05,09,14,19,24,25,28,29,30,38,39,43,53,68,72,73,75,78,79
11/3/02,05,08,13,19,35,38,39,45,46,48,51,54,57,61,65,67,76,77,78,79
11/2/02,01,03,05,20,21,29,30,31,34,36,38,46,47,49,52,54,63,64,68,77
11/1/02,14,15,23,26,30,33,38,43,44,48,58,59,62,66,69,70,72,73,74,80
10/31/02,01,02,04,10,16,17,33,36,37,38,48,49,51,53,58,61,65,68,69,78
10/30/02,01,03,04,06,07,10,13,16,18,23,37,39,41,44,45,53,58,71,76,77
10/29/02,17,20,28,30,38,42,45,50,51,54,56,57,59,62,67,69,71,73,78,79
10/28/02,01,04,08,09,18,23,26,37,43,45,48,52,53,55,65,68,72,73,75,80
10/27/02,05,07,08,09,18,24,31,35,37,39,43,44,52,57,62,63,71,75,76,79
10/26/02,02,05,11,13,17,18,19,26,27,29,33,38,46,50,53,58,60,69,72,75
10/25/02,01,04,06,09,25,30,33,35,38,40,43,52,53,59,68,71,72,73,74,77
10/24/02,06,07,08,15,16,17,18,19,22,24,26,27,28,52,57,61,68,71,76,79
10/23/02,01,07,13,14,21,24,25,36,37,38,39,42,44,55,58,59,63,64,68,80
10/22/02,02,05,12,15,17,22,32,35,43,44,47,49,51,56,58,65,68,70,72,80
10/21/02,04,09,10,11,14,17,21,27,36,39,40,42,50,52,58,62,66,67,72,73
10/20/02,02,03,09,11,18,23,24,30,37,40,41,44,46,53,55,57,59,66,68,70
10/19/02,03,08,10,21,22,24,25,30,31,32,35,37,38,44,54,61,67,73,77,78
10/18/02,06,10,12,23,31,35,36,38,39,41,47,50,55,58,60,67,68,72,75,80
10/17/02,07,09,10,11,15,17,25,29,32,37,38,40,48,50,52,55,56,66,72,78
10/16/02,09,10,13,17,18,19,21,35,38,49,57,58,59,64,65,68,71,72,79,80
10/15/02,09,12,15,21,24,26,28,29,30,36,42,50,51,53,55,61,65,70,74,75
10/14/02,03,08,09,17,23,26,27,34,36,39,42,48,56,57,60,67,68,70,74,76
10/13/02,02,03,04,19,25,29,30,36,38,39,40,43,56,57,58,65,72,74,78,79
10/12/02,02,03,07,18,20,24,27,40,41,42,44,46,47,49,54,58,66,68,73,78
10/11/02,11,12,15,29,32,33,35,38,39,41,42,46,49,57,58,60,68,70,73,76
10/10/02,01,07,09,10,13,14,16,19,23,26,30,35,44,51,64,66,72,73,74,76
10/9/02,01,07,12,14,18,21,22,25,29,32,46,51,53,55,57,60,64,65,66,74
10/8/02,07,13,16,18,23,27,31,34,35,39,41,48,50,52,57,62,68,71,77,80
10/7/02,04,05,06,15,16,17,20,21,30,43,49,53,54,57,62,64,75,76,79,80
10/6/02,03,05,07,12,22,23,28,29,30,31,33,40,45,50,52,56,65,68,77,78
10/5/02,05,07,10,11,17,21,25,29,30,38,42,45,53,54,57,58,68,72,75,79
10/4/02,03,05,14,19,25,31,40,43,52,54,56,59,62,66,67,68,69,70,74,80
10/3/02,01,08,12,15,23,24,25,31,32,34,36,37,48,57,66,68,70,73,74,76
10/2/02,02,08,10,11,17,18,22,25,34,35,41,53,54,58,59,61,62,69,70,78
10/1/02,01,03,08,09,18,24,27,29,31,36,41,42,53,55,56,59,61,68,70,72
9/30/02,02,10,15,16,20,21,26,33,36,37,39,48,49,53,55,62,63,68,70,73
9/29/02,10,12,14,16,21,22,23,24,28,31,36,51,54,58,60,61,62,68,71,80
9/28/02,02,09,15,19,22,24,31,32,38,41,43,45,47,58,59,62,70,72,76,79
9/27/02,05,10,12,16,17,20,22,24,25,28,34,37,47,54,56,57,64,66,67,79
9/26/02,03,04,12,13,15,19,23,29,30,35,45,46,51,56,57,59,65,69,73,77
9/25/02,03,07,08,09,13,26,29,32,33,34,36,41,46,50,54,60,61,67,74,75
9/24/02,03,06,07,09,24,32,33,35,36,41,43,47,53,57,58,63,64,68,71,80
9/23/02,01,06,08,09,16,17,19,20,23,26,30,31,39,41,43,45,47,55,63,64
9/22/02,01,03,10,11,15,20,24,27,31,36,37,38,41,47,49,50,59,61,62,78
9/21/02,02,04,08,14,15,16,18,25,38,40,45,47,49,55,57,59,68,74,75,77
9/20/02,01,05,06,07,09,14,18,19,25,29,34,44,52,57,60,61,62,71,73,76
9/19/02,02,03,10,11,13,16,19,22,26,31,37,41,43,45,47,64,66,67,70,75
9/18/02,01,10,12,13,19,25,29,30,34,35,40,42,44,57,58,59,71,73,74,77
9/17/02,04,15,24,26,31,32,36,37,41,50,61,63,65,68,71,72,73,77,79,80
9/16/02,02,06,13,14,18,25,26,28,29,35,39,44,45,50,51,56,59,70,74,76
9/15/02,07,12,13,15,16,19,21,22,30,31,34,37,40,47,50,59,60,63,69,78
9/14/02,03,07,09,10,11,12,13,16,17,19,22,34,36,40,45,51,52,53,66,71
9/13/02,02,13,14,17,18,19,30,31,41,42,46,47,53,57,60,63,64,65,71,75
9/12/02,04,06,07,17,20,23,25,26,36,39,41,42,45,46,53,54,67,73,76,80
9/11/02,04,06,08,14,18,20,29,31,33,35,38,51,52,53,58,59,60,62,63,69
9/10/02,01,13,20,23,25,26,38,39,40,41,43,44,46,48,49,53,55,57,69,74
9/9/02,03,09,18,20,24,35,38,39,49,51,53,55,59,61,62,65,67,73,77,78
9/8/02,05,06,07,12,15,16,20,28,31,35,43,47,49,56,64,70,72,73,74,75
9/7/02,05,08,10,14,22,24,28,30,34,35,38,46,48,57,59,65,69,71,72,73
9/6/02,02,03,10,13,16,18,24,29,30,31,37,40,52,54,56,57,58,65,78,79
9/5/02,03,04,19,20,27,31,37,43,47,51,53,56,57,58,62,68,70,71,76,80
9/4/02,02,04,07,09,11,13,17,18,29,41,47,54,58,61,62,69,70,75,78,80
9/3/02,03,07,08,13,14,15,19,20,22,29,32,36,43,47,56,63,66,70,72,73
9/2/02,05,08,10,16,18,27,31,36,38,45,46,47,51,52,55,63,64,69,71,74
9/1/02,01,06,15,16,33,35,38,39,46,49,51,58,60,63,69,71,74,75,77,78
8/31/02,08,10,12,17,18,21,22,34,36,38,40,46,51,52,53,67,68,76,77,78
8/30/02,01,03,07,09,25,28,31,44,45,46,49,52,53,56,62,64,65,67,76,79
8/29/02,02,04,18,24,25,29,30,32,34,45,48,49,52,53,61,65,67,69,79,80
8/28/02,06,10,11,18,21,22,31,37,38,41,45,47,55,58,59,69,71,77,78,79
8/27/02,02,04,08,16,21,28,31,35,37,38,44,48,50,59,61,65,66,68,73,77
8/26/02,01,03,08,14,18,23,24,25,28,31,43,44,45,47,55,60,62,64,70,78
8/25/02,08,10,13,17,26,33,35,36,40,43,45,49,50,54,62,71,73,74,75,77
8/24/02,02,06,07,10,11,13,24,28,38,44,45,50,51,57,62,64,68,73,76,80
8/23/02,02,06,07,08,16,18,19,32,36,40,47,54,56,57,61,65,69,73,75,78
8/22/02,03,04,05,06,08,16,22,32,36,42,46,47,51,57,59,63,69,72,73,78
8/21/02,01,04,07,17,19,20,24,25,31,32,38,43,44,50,58,59,64,67,68,80
8/20/02,05,08,13,15,25,28,32,33,42,43,44,48,52,60,62,67,73,76,77,78
8/19/02,06,08,14,16,19,26,28,29,35,36,37,45,47,52,58,59,63,68,78,79
8/18/02,02,05,07,10,15,16,21,26,27,29,30,34,35,52,56,57,60,65,67,68
8/17/02,06,16,21,23,26,40,43,44,47,50,52,54,56,61,63,67,69,72,73,74
8/16/02,02,04,06,08,14,18,19,22,31,41,45,46,53,54,57,61,66,68,74,75
8/15/02,09,18,21,23,36,37,41,43,49,51,53,58,65,68,69,70,74,76,77,78
8/14/02,01,05,07,09,18,25,27,30,31,32,34,38,43,52,53,57,64,65,68,71
8/13/02,06,10,24,25,27,28,29,32,33,34,36,37,48,52,54,58,63,65,75,79
8/12/02,05,08,09,11,18,22,24,26,35,48,50,56,58,64,65,73,75,77,78,80
8/11/02,07,12,14,16,18,21,31,34,35,37,39,43,45,49,56,60,65,68,75,77
8/10/02,02,10,14,16,20,22,29,32,33,34,44,45,47,50,66,69,70,73,74,79
8/9/02,04,06,08,09,11,16,19,26,27,33,37,38,45,47,48,49,63,66,76,80
8/8/02,02,07,09,17,25,26,41,46,50,52,53,55,59,62,63,67,68,69,75,77
8/7/02,03,12,25,30,32,45,46,51,54,57,58,60,61,65,66,74,75,77,79,80
8/6/02,02,06,10,11,15,21,25,29,35,38,39,40,44,45,51,56,57,58,71,79
8/5/02,01,08,09,12,22,23,26,29,33,34,35,41,44,66,69,70,71,74,77,78
8/4/02,02,06,10,12,13,18,24,41,42,44,46,47,49,51,57,60,66,73,76,77
8/3/02,01,04,05,06,13,21,24,37,38,45,46,47,48,53,59,60,62,73,74,75
8/2/02,01,04,05,08,11,18,23,24,26,30,35,36,50,52,56,59,65,69,71,78
8/1/02,02,09,11,15,18,21,22,23,24,27,33,39,40,53,54,55,58,59,69,78
7/31/02,01,04,05,06,19,22,23,28,29,39,48,53,55,63,65,66,67,70,78,79
7/30/02,04,05,06,08,23,28,33,36,38,39,41,44,45,47,56,58,61,69,73,74
7/29/02,10,12,19,21,24,26,33,35,36,38,40,41,51,52,55,63,67,70,71,78
7/28/02,02,08,09,19,20,24,25,26,30,34,38,48,51,54,60,67,68,71,75,78
7/27/02,07,12,13,17,21,29,32,37,38,39,43,46,49,55,57,63,65,71,72,77
7/26/02,01,07,08,14,19,22,25,34,35,40,44,51,53,60,64,67,73,74,75,76
7/25/02,01,05,09,17,20,24,27,30,32,35,38,43,53,59,65,69,70,71,74,77
7/24/02,04,07,11,14,17,21,25,28,32,34,35,39,44,45,59,60,69,70,76,77
7/23/02,05,11,13,14,20,22,30,32,34,36,48,49,50,51,52,53,54,55,61,73
7/22/02,02,03,05,06,09,10,16,32,41,50,52,54,61,65,67,68,73,74,78,79
7/21/02,01,04,06,09,12,16,18,22,30,31,36,42,44,46,50,56,61,62,67,69
7/20/02,04,09,16,17,18,21,32,37,39,46,47,52,58,61,66,69,71,73,77,78
7/19/02,01,02,17,18,19,21,26,29,31,34,40,52,55,56,57,62,64,66,76,77
7/18/02,01,11,12,13,15,24,25,35,37,44,46,49,51,54,62,72,76,78,79,80
7/17/02,02,11,16,17,31,32,40,41,42,46,47,49,50,54,58,69,75,78,79,80
7/16/02,01,02,10,13,21,28,30,32,37,38,39,41,43,49,51,65,67,70,73,79
7/15/02,01,04,07,08,10,12,14,18,20,29,32,36,37,38,39,42,49,51,56,58
7/14/02,01,03,08,13,17,22,23,30,32,33,44,46,47,49,54,57,63,68,72,76
7/13/02,02,07,11,15,16,17,19,24,27,28,29,30,32,36,46,55,56,66,78,79
7/12/02,26,32,34,39,40,45,52,53,56,58,60,61,63,64,65,67,73,75,77,79
7/11/02,01,07,08,09,13,15,17,20,25,26,28,34,37,42,44,49,55,60,66,79
7/10/02,02,10,17,26,38,39,40,43,48,50,51,52,62,64,66,67,68,74,75,80
7/9/02,02,11,16,18,22,23,24,26,28,29,30,36,37,41,44,54,58,64,73,78
7/8/02,04,07,26,27,28,29,30,31,41,48,53,55,58,61,65,66,69,73,77,79
7/7/02,01,03,09,15,20,23,27,30,33,37,45,50,57,60,64,70,71,73,74,79
7/6/02,06,11,15,17,23,34,35,38,44,52,55,56,61,63,64,66,69,70,77,78
7/5/02,01,06,07,12,14,16,17,33,36,38,42,44,48,55,58,60,69,70,74,78
7/4/02,06,09,11,23,24,26,36,39,43,46,51,53,55,62,65,68,71,73,78,80
7/3/02,06,07,10,22,23,24,25,41,42,43,45,50,51,56,59,61,64,72,78,80
7/2/02,01,03,04,08,14,16,23,27,31,34,37,40,42,50,58,62,69,72,74,80
7/1/02,06,07,15,21,28,30,31,32,33,34,37,42,49,50,64,70,71,72,74,79
6/30/02,02,07,13,15,18,25,26,27,31,33,36,38,39,41,46,51,57,62,65,75
6/29/02,01,03,11,25,33,36,37,38,41,42,49,51,56,58,60,61,65,68,75,77
6/28/02,02,08,15,16,19,26,27,30,31,33,35,39,49,53,54,65,66,68,71,76
6/27/02,02,07,10,20,21,24,29,30,32,34,37,40,41,46,49,60,72,75,76,80
6/26/02,01,09,12,22,28,30,33,35,36,40,41,42,43,46,49,53,55,69,73,76
6/25/02,05,09,15,22,23,29,33,34,35,36,39,45,52,54,56,57,58,65,74,80
6/24/02,02,09,13,18,21,23,25,31,32,44,46,47,49,52,57,65,67,68,73,77
6/23/02,03,10,12,16,19,21,22,26,29,30,36,39,41,42,45,57,60,64,70,77
6/22/02,08,09,18,20,23,24,25,27,28,30,31,37,41,47,50,51,54,61,62,65
6/21/02,03,05,10,13,14,18,20,23,26,33,36,38,40,52,55,56,57,58,71,76
6/20/02,03,07,11,15,20,22,26,32,40,44,45,48,54,59,62,68,69,73,75,76
6/19/02,01,04,12,14,18,27,33,38,44,46,50,51,55,59,65,70,74,75,77,80
6/18/02,01,04,05,11,20,21,28,31,40,41,42,56,58,64,67,68,70,71,75,78
6/17/02,04,05,08,10,21,27,38,40,41,43,48,59,60,67,68,69,71,72,77,79
6/16/02,02,03,12,21,22,23,29,33,44,45,48,51,57,58,61,65,68,69,71,80
6/15/02,03,07,11,15,22,26,29,30,33,39,40,41,44,53,61,65,69,70,73,76
6/14/02,05,08,10,12,13,23,26,28,32,33,36,46,55,65,68,70,76,78,79,80
6/13/02,02,05,08,10,14,16,19,27,32,38,39,40,41,46,49,56,60,74,78,80
6/12/02,06,08,10,11,12,13,14,19,28,30,33,39,41,52,55,60,65,69,73,76
6/11/02,04,07,16,22,25,27,28,31,35,37,40,55,57,64,65,67,69,71,72,73
6/10/02,07,08,10,14,18,19,20,24,29,34,39,44,48,56,68,73,74,75,77,80
6/9/02,05,08,13,14,15,21,22,23,26,32,34,35,40,45,49,51,58,59,74,76
6/8/02,04,05,07,11,14,17,20,22,28,43,50,51,52,54,57,62,67,69,71,75
6/7/02,01,04,05,09,13,16,19,24,28,29,46,51,52,56,58,60,73,74,75,77
6/6/02,01,03,04,07,09,24,26,31,33,36,47,51,56,58,64,72,75,76,77,79
6/5/02,02,08,10,11,12,13,17,18,22,31,33,38,42,45,51,54,55,58,67,68
6/4/02,07,09,15,20,26,32,41,42,47,54,58,62,63,65,68,69,70,76,78,79
6/3/02,01,03,14,20,25,30,31,34,35,36,38,42,45,57,58,62,72,73,77,79
6/2/02,03,06,14,24,26,30,31,39,47,49,51,54,59,65,67,68,69,72,77,78
6/1/02,01,02,10,12,15,16,21,27,34,38,44,48,50,52,57,63,66,68,73,80
5/31/02,04,05,09,11,14,19,22,26,40,51,54,63,64,66,68,71,75,77,78,80
5/30/02,07,08,10,14,19,20,21,24,28,31,33,38,40,45,53,62,63,65,73,77
5/29/02,04,05,08,10,19,20,22,31,32,35,42,43,49,50,51,54,55,57,60,68
5/28/02,09,18,24,26,29,31,34,39,42,49,52,54,55,58,61,62,65,72,74,79
5/27/02,02,03,07,08,09,13,18,29,30,32,38,51,54,60,62,64,65,71,72,76
5/26/02,02,07,11,13,14,15,16,28,31,34,35,41,47,57,61,62,70,71,72,76
5/25/02,01,02,06,07,08,09,10,12,22,32,33,35,41,44,50,65,66,72,73,74
5/24/02,08,10,13,14,15,18,19,21,23,30,35,39,40,41,43,55,58,67,73,76
5/23/02,01,04,12,19,20,23,24,25,28,29,32,37,57,62,72,73,75,76,77,78
5/22/02,10,18,22,24,32,33,35,37,38,42,44,47,52,53,54,57,58,65,76,78
5/21/02,07,10,17,28,34,35,37,38,42,44,45,46,49,53,57,62,67,69,71,77
5/20/02,01,03,04,06,11,12,21,26,29,35,37,39,48,50,53,62,63,66,72,75
5/19/02,04,05,08,11,13,33,34,37,39,40,44,46,50,55,56,62,67,71,73,80
5/18/02,03,04,06,14,15,17,20,22,24,25,28,29,41,44,45,55,56,61,66,76
5/17/02,01,04,12,14,15,19,23,30,31,33,37,38,40,43,48,59,63,65,69,73
5/16/02,12,13,14,15,25,27,30,35,38,39,40,43,47,54,58,59,63,65,67,75
5/15/02,05,08,10,11,12,16,19,22,25,31,33,34,36,40,56,65,70,72,74,78
5/14/02,01,07,10,14,21,22,24,35,36,42,46,47,51,60,61,64,65,67,74,80
5/13/02,01,03,09,14,20,21,22,23,37,43,48,50,51,53,55,57,58,60,76,79
5/12/02,09,13,14,18,19,21,31,35,36,37,41,46,54,55,56,59,60,70,71,77
5/11/02,03,09,10,11,15,21,32,34,39,40,41,47,48,49,52,59,61,70,73,80
5/10/02,02,04,05,08,10,16,18,23,26,30,40,42,47,48,50,56,64,73,74,79
5/9/02,09,10,11,12,14,17,18,20,22,30,37,42,45,48,51,54,63,74,76,80
5/8/02,01,02,07,08,15,16,18,22,23,25,28,35,37,38,62,63,64,65,71,80
5/7/02,06,16,17,20,21,24,34,37,47,49,50,53,57,60,61,62,65,74,75,79
5/6/02,04,08,09,15,16,20,27,36,38,41,46,47,49,50,51,52,55,58,71,78
5/5/02,10,13,22,24,28,30,31,33,38,39,46,48,56,60,66,69,70,71,75,76
5/4/02,06,07,08,14,24,25,26,44,45,46,47,49,51,56,63,68,69,76,77,79
5/3/02,02,07,14,15,19,23,26,30,32,35,40,41,51,61,62,64,72,73,77,80
5/2/02,02,05,06,10,22,23,24,27,29,35,38,39,44,48,51,56,58,63,69,78
5/1/02,02,09,10,11,26,27,36,38,41,45,49,53,55,57,59,64,71,73,74,79
4/30/02,01,02,06,11,15,16,27,29,30,33,35,37,38,46,52,56,57,64,66,80
4/29/02,05,13,16,18,22,27,31,32,33,40,45,47,50,52,55,71,73,74,77,79
4/28/02,02,03,06,15,23,24,25,27,30,32,40,43,46,49,53,56,63,68,72,74
4/27/02,02,04,07,16,23,28,29,31,34,35,42,44,49,50,51,55,57,63,65,80
4/26/02,03,09,12,17,19,20,25,26,28,43,46,47,52,57,59,62,65,67,74,77
4/25/02,01,05,08,09,10,14,15,23,38,44,47,49,50,51,53,59,64,65,74,79
4/24/02,01,05,10,18,26,29,34,37,39,42,45,56,57,60,65,66,68,69,74,75
4/23/02,02,08,10,11,12,22,23,31,34,37,43,45,48,51,53,54,62,63,64,65
4/22/02,02,09,13,16,22,31,32,40,42,53,58,63,68,71,72,73,74,76,78,79
4/21/02,03,09,10,13,23,24,26,29,30,34,39,44,55,56,68,69,74,75,76,79
4/20/02,07,14,17,19,26,28,29,31,33,35,44,47,50,53,55,60,61,63,67,74
4/19/02,07,09,17,18,21,26,27,33,37,40,43,44,45,46,51,59,60,70,75,80
4/18/02,04,06,10,12,15,20,22,24,36,38,40,43,50,57,64,65,66,73,76,80
4/17/02,09,11,20,23,26,29,32,35,39,41,42,51,56,62,63,64,69,72,73,74
4/16/02,11,12,17,20,24,31,35,38,42,47,53,54,55,63,64,68,69,73,75,78
4/15/02,04,09,10,14,17,30,36,38,40,41,43,49,51,53,61,62,65,68,71,73
4/14/02,01,05,08,10,11,17,25,27,36,39,44,50,51,59,61,63,66,74,76,79
4/13/02,04,09,15,18,19,23,25,30,34,38,43,50,51,53,58,62,63,67,68,73
4/12/02,01,04,08,18,20,21,26,34,36,37,38,39,40,45,47,48,55,57,59,69
4/11/02,01,03,06,07,12,16,21,30,31,33,41,51,55,56,57,58,72,73,76,77
4/10/02,06,10,21,22,26,30,36,43,44,47,52,53,55,58,60,62,64,65,67,68
4/9/02,09,11,20,22,28,36,44,48,50,51,52,53,57,58,64,65,66,67,68,71
4/8/02,03,12,13,15,18,24,25,27,28,32,45,50,51,52,59,60,70,73,74,76
4/7/02,02,06,07,08,23,33,36,37,40,41,42,45,51,52,55,58,63,68,70,71
4/6/02,06,08,09,10,13,15,17,22,30,33,38,43,46,50,52,62,67,69,74,75
4/5/02,03,09,10,11,12,16,21,26,31,32,33,41,47,48,50,55,66,67,69,79
4/4/02,05,06,07,23,24,26,32,37,46,49,50,56,57,61,68,69,74,75,79,80
4/3/02,08,10,16,17,19,20,25,35,38,39,41,42,50,56,59,61,64,68,74,79
4/2/02,02,03,07,11,13,14,17,18,29,30,39,42,50,51,61,62,68,69,73,74
4/1/02,02,05,12,16,24,31,32,40,41,42,46,47,55,59,60,61,69,73,76,79
3/31/02,02,11,13,14,15,22,30,31,39,44,46,50,52,54,60,62,63,75,79,80
3/30/02,01,08,09,10,20,21,22,29,32,35,39,42,44,49,53,61,62,71,77,79
3/29/02,02,04,14,16,18,19,20,21,22,23,47,48,50,51,52,53,61,74,76,79
3/28/02,07,13,15,16,19,25,27,28,29,39,40,41,43,46,58,59,63,67,69,75
3/27/02,08,10,13,16,18,20,31,35,40,42,44,48,49,50,51,60,67,69,72,76
3/26/02,02,05,06,09,11,13,19,24,35,36,43,45,48,52,53,65,69,70,71,77
3/25/02,07,14,15,18,29,34,35,40,48,49,52,54,65,68,69,70,72,77,78,80
3/24/02,01,02,07,11,13,19,22,23,30,32,37,38,45,46,56,59,62,68,74,77
3/23/02,01,09,10,12,14,34,40,42,44,45,47,49,50,53,54,57,69,73,77,80
3/22/02,01,04,14,15,16,17,22,30,42,43,44,45,49,51,61,62,68,69,70,76
3/21/02,03,09,21,23,25,26,28,31,33,38,42,44,51,53,60,68,71,72,73,75
3/20/02,01,06,09,12,21,22,30,32,33,36,39,43,47,49,51,56,58,64,65,74
3/19/02,18,20,23,26,28,29,33,34,40,43,49,52,57,58,62,65,66,68,77,79
3/18/02,02,08,11,12,15,22,23,24,30,31,34,39,53,57,62,63,67,69,71,76
3/17/02,03,04,05,09,13,17,19,22,26,29,44,49,50,57,61,62,66,72,73,76
3/16/02,03,05,09,10,12,20,21,22,25,28,35,36,46,48,52,53,55,58,64,71
3/15/02,18,19,26,33,35,38,46,47,52,54,56,57,58,60,61,65,69,71,74,76
3/14/02,05,07,11,15,19,20,21,24,27,28,30,32,39,40,44,48,55,56,79,80
3/13/02,13,15,16,19,24,27,32,35,39,44,45,47,57,68,69,70,74,75,78,79
3/12/02,03,05,10,15,24,26,31,32,41,43,45,46,47,50,60,65,66,68,73,80
3/11/02,01,03,04,06,07,08,11,16,24,25,27,28,30,33,48,59,61,69,71,80
3/10/02,04,05,08,14,16,18,23,25,27,45,47,51,54,58,61,66,69,72,77,78
3/9/02,06,07,16,17,20,23,25,33,43,48,49,50,61,62,66,67,71,72,78,80
3/8/02,04,06,09,11,20,22,26,29,48,49,52,53,54,55,62,63,73,78,79,80
3/7/02,02,11,14,19,29,30,31,36,38,39,42,43,50,52,54,60,70,74,75,76
3/6/02,01,02,03,06,07,16,22,31,32,34,39,41,45,50,58,63,65,70,76,77
3/5/02,03,08,13,16,19,20,24,34,35,36,40,44,45,54,56,65,68,70,76,77
3/4/02,15,16,19,20,21,25,29,35,39,48,49,53,55,69,72,74,76,77,78,80
3/3/02,05,13,14,18,21,22,24,28,33,42,51,56,58,61,62,63,72,75,77,78
3/2/02,06,08,11,15,17,20,22,28,33,36,38,39,43,45,48,51,53,67,73,75
3/1/02,03,04,07,09,10,12,16,27,32,35,36,39,41,49,55,65,68,72,73,79
2/28/02,02,03,14,20,21,26,27,32,33,36,47,49,51,55,56,57,63,70,77,79
2/27/02,02,03,10,13,16,17,22,25,28,29,32,33,44,45,47,53,59,64,66,69
2/26/02,01,07,09,11,12,18,25,26,29,30,44,56,59,60,63,66,68,70,75,77
2/25/02,08,12,13,20,24,28,32,35,42,45,55,56,59,62,63,70,72,75,77,79
2/24/02,01,05,08,10,12,14,20,21,24,26,27,37,39,41,42,43,52,56,58,78
2/23/02,02,06,08,09,12,20,27,35,37,38,39,42,43,54,63,65,66,70,71,79
2/22/02,06,12,23,24,26,28,29,31,33,34,35,40,41,44,46,54,61,63,76,78
2/21/02,05,12,13,14,15,23,24,28,31,34,40,42,44,49,52,54,56,60,68,77
2/20/02,01,03,11,14,15,20,29,34,44,47,49,53,55,56,63,67,68,69,71,74
2/19/02,02,04,05,06,11,12,15,33,37,38,40,41,45,47,60,67,68,69,74,78
2/18/02,09,10,14,17,18,20,24,30,32,40,41,42,44,54,58,62,65,77,79,80
2/17/02,01,04,14,18,25,26,27,28,34,35,39,41,43,45,46,51,54,61,66,78
2/16/02,04,10,21,22,29,35,40,43,48,51,56,57,58,60,61,63,67,69,70,78
2/15/02,01,04,07,10,15,18,23,26,37,39,40,42,44,59,60,66,67,69,70,73
2/14/02,01,04,13,15,21,23,35,36,47,49,50,53,54,55,56,57,59,65,69,78
2/13/02,02,03,10,12,13,15,17,18,19,26,29,31,34,42,50,54,56,57,75,76
2/12/02,01,02,08,10,13,21,22,23,26,33,42,44,45,52,56,58,62,65,69,74
2/11/02,08,18,21,22,23,30,32,35,37,41,42,46,58,59,60,61,64,66,78,79
2/10/02,03,04,08,09,12,16,20,29,36,38,49,51,52,60,62,67,69,75,78,80
2/9/02,03,06,08,09,13,15,33,36,41,45,46,53,54,55,58,60,64,73,75,79
2/8/02,01,03,05,12,15,20,23,27,32,35,40,43,52,53,59,61,66,68,73,74
2/7/02,06,12,13,15,23,25,27,28,33,44,48,52,53,55,59,65,66,71,73,79
2/6/02,02,11,14,17,22,24,27,32,37,41,48,53,58,66,68,71,73,74,75,76
2/5/02,04,05,06,10,13,16,20,23,27,30,31,34,37,52,60,69,70,73,76,77
2/4/02,02,14,15,20,23,24,26,28,32,39,41,47,49,53,54,55,56,61,63,65
2/3/02,01,07,09,10,11,12,13,14,15,20,26,27,30,31,59,60,63,70,73,77
2/2/02,01,03,04,12,14,23,25,27,31,33,36,41,48,52,56,58,65,66,71,76
2/1/02,01,02,06,10,13,17,26,27,36,39,48,50,57,65,67,71,73,75,77,79
1/31/02,02,04,13,17,22,23,27,36,38,46,49,50,55,56,57,62,64,66,68,77
1/30/02,03,10,13,18,19,21,24,26,40,41,57,58,60,64,67,72,73,74,76,80
1/29/02,02,03,04,05,11,14,24,29,30,32,36,47,50,55,58,62,64,65,67,78
1/28/02,06,10,14,21,24,25,28,48,52,56,57,58,60,61,66,67,71,74,75,79
1/27/02,02,03,04,07,15,16,23,35,41,45,50,52,56,57,59,62,68,72,77,80
1/26/02,02,05,08,10,12,13,14,18,19,23,31,34,44,58,66,67,73,74,75,78
1/25/02,01,03,05,08,13,17,19,20,22,31,32,34,36,42,43,47,52,53,67,70
1/24/02,01,10,14,30,33,36,44,46,48,50,51,52,53,63,64,65,67,71,75,79
1/23/02,09,12,13,17,21,26,27,28,44,46,56,67,68,70,71,73,74,75,77,80
1/22/02,13,14,15,17,27,44,46,47,49,51,52,57,59,62,63,71,72,73,77,80
1/21/02,06,07,10,15,16,21,23,29,35,38,40,53,56,58,64,69,75,77,78,79
1/20/02,05,06,15,19,21,26,29,37,38,41,47,48,50,54,59,66,69,74,75,80
1/19/02,04,05,10,12,15,24,25,26,28,29,32,33,36,47,56,58,70,71,73,77
1/18/02,05,06,07,18,19,21,34,37,40,41,44,52,55,58,59,60,61,73,75,77
1/17/02,01,05,10,11,17,20,21,25,26,30,36,37,44,55,58,65,66,68,69,73
1/16/02,01,03,05,13,16,21,22,24,27,36,37,42,47,52,53,55,56,59,78,80
1/15/02,01,02,04,16,18,19,22,26,27,29,30,32,38,40,47,49,54,57,59,80
1/14/02,04,08,10,18,22,24,30,32,35,38,41,53,62,63,64,75,77,78,79,80
1/13/02,02,04,08,17,18,22,26,27,30,31,35,39,40,41,47,48,54,71,77,78
1/12/02,01,02,12,15,17,23,24,25,28,31,35,37,38,39,40,41,52,66,69,77
1/11/02,01,03,07,13,18,20,21,34,41,42,46,47,55,57,59,65,70,75,76,79
1/10/02,02,09,10,16,20,24,26,34,35,37,38,40,42,43,45,53,59,60,61,74
1/9/02,02,06,12,14,15,19,24,29,30,32,33,37,40,43,47,69,76,77,78,79
1/8/02,01,02,11,12,13,14,22,24,26,30,33,34,46,48,54,59,65,67,71,78
1/7/02,01,02,08,10,11,17,18,21,34,41,53,54,58,61,66,70,71,73,74,75
1/6/02,01,02,03,13,21,24,28,29,34,39,41,49,50,52,57,58,59,64,67,80
1/5/02,14,18,20,23,24,26,27,34,38,42,46,49,50,52,57,60,64,69,77,79
1/4/02,04,05,11,12,14,15,16,36,41,47,49,51,53,55,58,64,71,72,77,79
1/3/02,02,07,13,18,19,21,23,26,27,40,41,43,44,45,52,54,67,68,74,75
1/2/02,06,09,12,14,15,17,19,24,27,36,42,43,47,49,53,54,59,63,74,79
1/1/02,05,06,07,09,10,23,26,27,28,35,41,48,52,55,58,61,65,69,76,80
12/31/01,04,09,12,16,17,23,33,36,38,39,44,51,54,57,60,63,64,67,73,77
12/30/01,03,04,08,17,37,40,41,44,52,57,58,59,60,63,64,66,72,75,78,79
12/29/01,03,07,16,18,24,25,26,29,34,39,43,45,46,57,63,66,68,69,70,74
12/28/01,06,07,12,13,14,29,31,32,33,34,38,41,46,49,53,56,58,70,74,79
12/27/01,03,09,12,14,18,23,27,32,34,35,39,41,52,53,57,58,59,61,63,79
12/26/01,04,05,08,12,13,14,16,19,21,27,30,44,50,53,59,60,61,62,68,80
12/24/01,01,04,15,16,23,24,29,31,32,34,40,45,47,50,53,55,61,62,75,80
12/23/01,02,03,07,11,13,15,16,25,33,35,36,40,41,42,49,52,53,59,77,80
12/22/01,05,06,09,16,17,27,31,37,47,52,54,55,58,59,61,66,75,76,78,79
12/21/01,01,08,13,14,15,17,19,24,31,36,37,38,47,51,59,69,71,75,76,80
12/20/01,06,07,08,10,19,26,28,30,37,40,44,45,49,62,64,68,70,71,76,78
12/19/01,01,02,10,11,16,20,23,27,28,34,38,41,46,49,63,75,76,78,79,80
12/18/01,01,05,12,13,15,18,27,29,32,35,40,46,47,49,50,53,54,61,72,79
12/17/01,01,06,12,15,17,29,30,34,44,49,50,51,52,53,61,64,67,72,77,80
12/16/01,06,08,15,20,22,23,24,25,29,30,34,37,48,49,55,59,61,63,70,75
12/15/01,04,14,18,22,24,26,33,35,37,41,46,47,53,56,60,68,74,77,78,80
12/14/01,01,03,06,08,18,25,36,38,40,44,46,47,48,53,54,61,66,68,72,77
12/13/01,02,03,05,08,20,37,41,42,45,46,49,51,52,58,61,66,67,70,75,80
12/12/01,02,06,07,13,17,18,20,28,39,46,48,55,59,61,62,66,68,78,79,80
12/11/01,10,14,15,19,25,27,28,29,32,33,36,37,40,46,54,56,60,62,72,78
12/10/01,01,03,07,10,12,19,20,35,40,54,57,59,60,61,62,63,64,69,71,78
12/9/01,08,13,18,20,25,32,35,36,41,47,50,52,54,57,61,62,73,76,77,78
12/8/01,02,03,06,10,11,18,23,24,26,29,41,42,49,51,55,64,66,70,78,79
12/7/01,12,13,14,17,21,27,32,34,36,41,46,49,60,61,65,66,68,70,73,78
12/6/01,02,05,07,12,15,22,34,41,44,47,50,54,55,59,66,69,72,75,76,79
12/5/01,01,06,10,12,14,16,18,20,22,52,59,61,63,64,66,67,68,73,77,78
12/4/01,03,09,17,23,31,35,36,40,46,48,51,54,57,60,65,67,68,72,73,74
12/3/01,02,03,06,09,12,14,16,22,24,28,36,37,39,42,44,53,56,60,67,73
12/2/01,07,08,09,11,14,16,17,18,20,24,26,35,37,48,51,56,65,67,71,75
12/1/01,07,09,12,18,20,23,29,30,31,36,38,40,45,59,66,70,71,74,76,77
11/30/01,18,20,25,26,27,29,33,35,36,39,40,54,62,63,66,68,69,70,77,79
11/29/01,07,09,10,16,23,30,35,38,40,45,52,53,57,58,60,61,62,67,68,70
11/28/01,01,03,17,33,34,35,36,40,41,46,48,53,58,60,64,68,71,73,77,78
11/27/01,05,09,20,22,24,25,28,32,52,53,54,58,59,69,72,73,74,76,77,79
11/26/01,01,03,06,09,15,16,19,22,27,29,35,36,41,46,49,51,61,65,66,74
11/25/01,11,14,16,22,27,32,34,49,52,54,56,57,59,60,61,67,69,71,78,80
11/24/01,06,11,13,19,26,27,29,31,34,37,44,52,53,56,57,60,64,70,71,78
11/23/01,03,12,16,18,23,38,42,46,51,55,57,58,61,63,64,66,67,70,72,74
11/22/01,02,04,08,12,15,16,23,24,30,36,43,44,47,63,68,70,73,74,77,79
11/21/01,02,03,19,22,27,35,36,38,40,45,48,50,58,64,65,67,71,76,77,80
11/20/01,04,05,07,26,34,41,44,45,46,50,51,54,58,61,67,70,75,76,77,79
11/19/01,01,02,08,09,10,17,18,20,24,25,26,27,45,50,52,54,55,65,70,77
11/18/01,03,11,15,17,18,21,23,26,33,38,42,43,44,48,50,57,60,71,75,78
11/17/01,03,06,09,12,25,31,34,36,42,48,54,57,59,61,63,64,70,72,73,78
11/16/01,02,03,10,11,19,21,26,32,37,41,44,45,55,56,58,61,66,71,72,80
11/15/01,01,05,14,16,20,26,27,29,30,33,34,45,48,54,57,61,62,65,67,71
11/14/01,05,10,12,13,14,15,18,22,40,47,50,56,57,61,68,69,72,73,77,79
11/13/01,01,04,09,12,14,16,21,22,24,29,31,34,35,43,61,65,67,70,71,75
11/12/01,12,13,16,17,24,25,27,32,44,46,47,50,51,56,58,59,67,74,76,78
11/11/01,04,18,19,23,26,27,28,31,39,40,41,43,45,49,50,54,69,71,72,79
11/10/01,04,06,11,14,16,21,22,27,28,29,36,39,41,45,48,54,66,70,73,74
11/9/01,02,06,09,10,14,16,20,28,29,35,36,45,46,52,59,65,69,70,71,76
11/8/01,05,07,08,09,12,13,20,22,24,26,36,38,41,54,55,62,63,71,73,79
11/7/01,01,02,09,21,23,25,33,34,42,46,47,49,50,63,67,71,74,75,78,79
11/6/01,03,11,14,15,16,22,24,27,30,32,36,38,40,47,52,62,63,66,67,79
11/5/01,02,05,11,27,28,29,30,33,35,37,42,43,56,57,63,64,65,66,67,78
11/4/01,02,04,05,08,11,16,19,32,34,38,41,44,45,46,51,65,69,71,73,74
11/3/01,01,12,15,16,20,32,33,38,39,42,44,47,48,49,50,52,70,74,77,78
11/2/01,01,04,10,12,16,20,21,22,25,44,46,47,48,51,59,62,64,65,73,75
11/1/01,05,06,11,13,19,28,29,30,37,38,43,46,51,53,54,56,60,66,68,69
10/31/01,07,21,26,29,30,33,34,37,40,41,51,53,58,60,62,68,70,72,74,76
10/30/01,05,09,16,19,21,27,28,33,37,38,39,44,50,51,52,68,69,73,74,77
10/29/01,09,13,14,18,19,34,36,37,41,50,51,55,58,60,61,65,72,75,77,80
10/28/01,01,06,09,12,15,17,27,28,29,39,44,50,51,55,56,57,60,66,77,79
10/27/01,02,07,10,12,14,21,30,31,36,39,43,45,46,47,54,58,59,62,72,76
10/26/01,01,02,03,04,06,08,18,21,22,23,33,38,40,48,49,51,53,54,64,71
10/25/01,10,13,18,21,26,30,42,44,46,48,54,55,57,58,59,64,67,74,75,76
10/24/01,01,04,07,09,15,18,23,24,33,37,42,47,48,62,65,66,71,72,76,79
10/23/01,04,05,09,10,19,20,31,34,37,38,42,44,50,58,64,66,70,72,74,77
10/22/01,06,15,16,17,18,21,22,30,31,32,34,41,43,47,49,57,73,74,79,80
10/21/01,04,05,08,13,26,28,29,32,34,38,39,40,44,47,55,58,59,67,76,80
10/20/01,02,04,09,14,18,21,26,27,30,42,46,53,55,56,62,63,67,69,74,75
10/19/01,09,15,16,17,25,28,29,30,42,49,53,58,62,64,65,68,69,70,77,80
10/18/01,10,13,25,31,36,37,38,39,40,41,44,46,52,58,60,65,71,73,75,76
10/17/01,08,10,12,30,33,35,39,48,49,51,53,54,55,61,67,68,71,76,78,80
10/16/01,04,09,10,20,24,27,30,32,40,44,45,46,47,59,62,66,70,73,74,78
10/15/01,01,02,12,14,18,20,22,26,28,30,33,40,43,52,53,58,60,68,75,80
10/14/01,01,02,04,05,08,09,13,16,26,28,29,35,36,39,43,45,46,49,65,76
10/13/01,02,03,14,17,18,19,26,35,38,41,46,47,49,53,57,59,65,73,75,80
10/12/01,06,07,11,15,29,32,34,40,42,45,49,53,63,66,67,68,73,75,76,79
10/11/01,01,03,04,15,19,26,31,33,39,43,46,49,63,64,65,69,71,76,77,79
10/10/01,03,04,16,17,18,20,23,24,27,35,36,39,41,42,45,47,57,64,66,75
10/9/01,08,11,12,14,18,21,24,25,26,32,34,35,38,43,44,45,51,67,70,77
10/8/01,03,04,09,11,16,17,18,29,31,33,34,38,42,47,48,58,62,63,69,71
10/7/01,05,09,14,15,25,26,29,34,37,39,41,47,54,56,57,63,66,71,77,78
10/6/01,02,03,11,12,14,15,16,17,20,23,27,33,35,39,45,46,52,58,77,80
10/5/01,04,06,10,16,18,22,23,34,36,40,48,52,53,57,60,61,65,69,75,80
10/4/01,02,05,07,09,12,15,18,20,22,26,30,33,36,37,39,41,48,50,59,79
10/3/01,01,02,04,08,09,13,17,29,31,34,41,45,46,49,51,68,72,75,78,80
10/2/01,13,14,20,24,28,30,32,33,34,40,42,44,52,55,56,61,65,68,77,78
10/1/01,02,14,17,18,25,29,30,34,36,43,49,53,57,60,61,66,68,75,77,78
9/30/01,05,08,12,16,17,28,30,43,44,47,55,57,61,62,64,65,68,76,77,80
9/29/01,02,06,08,10,17,18,20,23,26,29,34,36,39,41,50,57,63,71,79,80
9/28/01,01,02,03,05,11,14,22,25,38,39,42,49,58,61,63,65,73,77,79,80
9/27/01,05,07,09,21,24,27,28,36,40,43,45,48,49,53,54,56,58,59,74,78
9/26/01,02,08,11,14,21,26,29,41,42,46,51,52,56,58,61,63,67,69,76,80
9/25/01,05,06,07,08,09,16,19,29,32,40,41,45,46,48,57,66,71,72,76,78
9/24/01,14,18,23,33,34,38,42,44,46,47,49,56,57,58,62,67,68,71,73,74
9/23/01,01,14,16,20,24,28,31,33,37,42,47,51,52,54,56,64,73,75,79,80
9/22/01,01,02,06,08,12,18,23,24,26,29,30,33,34,44,46,56,61,65,71,80
9/21/01,03,06,17,21,22,24,33,44,45,54,56,58,59,60,61,63,68,73,76,79
9/20/01,05,14,24,25,26,31,34,35,37,38,44,45,50,54,63,65,70,72,74,79
9/19/01,08,09,10,13,15,20,26,38,39,42,47,49,55,66,72,73,74,77,79,80
9/18/01,01,02,06,09,10,13,30,35,36,40,41,44,45,57,58,63,64,71,73,79
9/17/01,02,04,07,17,19,20,26,28,37,39,46,47,51,56,62,67,70,72,73,79
9/16/01,01,20,23,33,35,39,40,41,43,44,45,46,49,55,56,57,61,63,65,78
9/15/01,07,18,20,22,27,28,31,37,39,42,45,48,52,53,55,56,58,74,76,78
9/14/01,03,06,07,09,10,17,19,21,24,31,33,35,38,45,53,57,61,62,73,80
9/13/01,05,06,11,12,18,22,25,29,35,36,40,42,47,51,65,70,72,76,77,80
9/12/01,02,03,04,06,28,29,34,36,38,39,43,45,46,57,65,68,69,73,77,80
9/11/01,06,07,08,22,23,27,30,35,42,48,50,53,59,67,69,70,71,73,76,77
9/10/01,02,03,06,11,22,25,31,39,40,46,47,52,67,68,74,75,76,77,78,80
9/9/01,03,04,07,12,23,27,30,33,35,38,47,49,53,59,64,66,68,72,73,77
9/8/01,04,08,11,17,23,26,27,29,38,51,54,55,59,60,62,67,68,73,77,78
9/7/01,04,06,08,10,14,25,27,30,31,32,34,37,39,41,42,45,46,72,73,76
9/6/01,01,03,11,12,24,33,39,51,54,58,61,63,64,66,72,74,75,76,78,79
9/5/01,01,18,24,25,29,32,37,38,39,41,42,43,50,52,56,57,63,75,78,79
9/4/01,03,07,13,16,17,28,29,33,34,36,44,50,62,64,69,70,71,74,76,80
9/3/01,02,06,07,13,14,18,22,23,24,27,29,30,38,42,43,49,51,55,63,71
9/2/01,01,02,05,09,10,19,30,32,34,40,42,43,53,56,58,59,69,70,73,77
9/1/01,01,08,10,13,19,23,25,26,33,37,41,43,46,47,49,56,63,65,72,80
8/31/01,03,06,12,16,22,24,25,26,28,30,34,47,51,52,54,57,59,62,65,79
8/30/01,03,10,11,12,13,15,18,23,28,29,30,33,34,36,43,44,45,58,62,79
8/29/01,05,10,16,27,33,34,37,38,39,40,46,48,49,52,54,63,67,70,74,79
8/28/01,06,18,20,25,30,32,37,42,44,49,51,56,57,58,61,65,68,76,78,80
8/27/01,04,07,11,13,18,20,24,26,30,39,40,43,46,52,54,58,59,60,65,78
8/26/01,08,24,25,30,38,39,42,43,44,48,49,52,54,64,67,68,71,72,76,80
8/25/01,01,02,04,11,16,17,18,21,27,31,34,35,42,50,62,68,71,72,75,79
8/24/01,01,09,10,11,13,16,22,27,35,36,39,45,48,50,56,57,61,62,63,70
8/23/01,05,06,08,11,12,18,20,21,25,27,31,36,38,44,59,66,71,73,75,76
8/22/01,11,12,23,24,30,34,37,39,40,42,47,50,54,56,59,66,69,72,73,76
8/21/01,03,07,13,15,20,21,26,31,35,42,44,45,47,56,60,69,71,75,78,79
8/20/01,05,07,13,14,19,28,29,30,38,40,45,47,49,57,58,59,65,68,71,79
8/19/01,01,08,12,17,22,29,30,44,46,47,51,53,56,60,61,62,64,73,79,80
8/18/01,01,02,03,14,20,23,25,36,39,42,47,53,56,57,60,62,64,71,77,78
8/17/01,02,04,10,14,19,20,21,23,31,32,38,39,46,51,54,60,61,70,72,80
8/16/01,02,05,10,11,12,13,20,23,34,42,48,58,60,61,66,69,74,75,79,80
8/15/01,02,04,08,10,14,20,24,26,30,36,41,50,52,56,58,61,63,70,71,78
8/14/01,01,06,07,10,12,31,34,35,36,45,48,49,55,57,60,61,62,70,77,80
8/13/01,02,05,15,23,32,36,39,43,44,45,46,47,51,52,54,59,70,72,76,79
8/12/01,04,05,08,10,15,20,24,25,29,30,33,34,46,48,66,71,72,73,77,80
8/11/01,06,08,09,11,19,20,25,29,32,33,35,40,44,49,52,63,68,76,77,79
8/10/01,04,07,08,10,11,16,27,30,34,37,40,46,52,54,57,65,67,71,76,77
8/9/01,01,04,11,14,17,32,36,38,39,46,53,59,63,65,67,68,71,72,75,76
8/8/01,03,06,12,16,19,21,26,37,41,43,47,54,63,64,72,75,76,78,79,80
8/7/01,02,04,07,26,31,32,34,38,47,48,50,58,60,68,73,74,76,77,78,80
8/6/01,05,10,13,16,19,25,28,31,40,44,45,49,51,53,57,60,62,67,70,75
8/5/01,03,04,05,09,12,14,15,21,25,34,35,36,50,54,59,60,61,67,71,75
8/4/01,01,03,07,17,21,23,24,33,34,35,36,39,45,47,57,61,65,70,72,73
8/3/01,01,14,15,20,25,33,37,46,49,50,53,54,56,57,59,67,73,75,78,79
8/2/01,04,10,13,14,15,22,35,40,43,44,46,51,52,53,55,56,58,59,60,67
8/1/01,02,03,04,05,07,10,12,15,24,30,31,36,39,43,44,54,59,67,68,69
7/31/01,01,02,05,09,21,22,24,25,26,28,37,38,42,56,58,59,64,67,74,77
7/30/01,03,05,13,14,17,28,34,35,38,40,41,43,50,54,58,64,65,67,73,75
7/29/01,02,04,07,09,10,11,15,17,21,28,34,40,46,52,54,55,56,57,65,70
7/28/01,05,15,16,30,32,37,44,46,47,49,51,53,55,59,62,64,67,70,74,77
7/27/01,01,07,10,11,16,20,23,25,26,33,39,40,41,46,49,53,57,72,76,78
7/26/01,02,05,08,17,24,26,28,31,38,42,44,46,56,58,63,64,68,71,72,77
7/25/01,01,05,11,16,19,28,30,33,34,44,46,51,54,59,62,65,69,71,77,78
7/24/01,01,04,18,22,24,33,35,36,38,43,45,49,53,59,65,66,67,68,74,77
7/23/01,12,17,18,22,23,25,32,34,45,50,52,55,57,58,62,75,76,78,79,80
7/22/01,01,03,07,10,31,34,36,43,48,49,51,52,56,58,63,67,68,71,76,80
7/21/01,03,07,11,15,19,26,33,37,38,40,44,47,58,60,63,69,70,72,78,79
7/20/01,06,09,13,14,19,22,35,40,45,47,48,49,50,56,65,68,72,74,76,77
7/19/01,01,04,08,11,14,17,21,23,30,40,43,48,52,56,58,60,65,66,70,80
7/18/01,01,22,29,33,34,41,42,45,47,52,53,59,62,64,69,74,75,76,77,78
7/17/01,01,04,08,09,15,20,23,28,31,32,39,40,41,51,54,56,60,63,78,80
7/16/01,07,08,20,21,23,30,32,39,41,43,48,56,57,59,61,62,63,71,73,80
7/15/01,01,03,08,13,17,20,21,24,26,35,48,49,51,53,57,65,67,69,76,78
7/14/01,09,12,13,14,17,27,30,31,36,40,41,43,46,56,59,61,66,67,72,79
7/13/01,06,08,20,21,30,36,38,39,43,50,55,59,63,64,65,68,71,72,74,79
7/12/01,01,02,03,07,09,13,15,17,25,26,39,41,42,44,47,52,59,61,67,71
7/11/01,01,02,03,05,13,18,22,32,36,39,49,50,51,52,57,68,72,73,78,80
7/10/01,02,03,11,19,20,26,32,33,39,44,50,51,53,62,65,66,71,72,73,74
7/9/01,02,03,05,10,11,15,23,37,45,46,52,53,57,59,60,63,71,72,75,78
7/8/01,01,15,18,20,26,30,31,32,34,37,43,44,46,47,49,58,60,62,67,68
7/7/01,07,09,13,19,26,28,29,30,31,32,38,49,50,53,56,62,70,71,73,78
7/6/01,03,09,12,15,20,24,35,40,43,49,52,55,58,59,62,67,68,76,78,79
7/5/01,03,07,09,23,32,34,35,41,43,44,46,53,65,67,68,70,74,75,76,79
7/4/01,01,02,06,21,27,29,32,33,37,38,46,54,56,59,67,69,70,74,75,76
7/3/01,04,09,14,15,18,22,24,27,30,36,37,38,39,40,43,54,56,68,69,70
7/2/01,02,16,17,22,30,32,33,39,40,41,45,46,52,56,59,61,67,70,73,76
7/1/01,01,04,10,14,17,22,23,27,40,41,43,49,50,63,65,66,75,76,79,80
6/30/01,08,15,19,21,25,26,29,36,40,47,49,51,52,56,57,58,60,67,71,79
6/29/01,01,02,04,06,08,10,16,18,22,26,30,35,37,52,58,63,67,73,74,75
6/28/01,01,02,04,06,11,15,16,17,19,20,24,34,35,43,50,55,60,64,69,71
6/27/01,02,07,13,16,18,26,27,34,37,38,44,48,58,60,61,64,65,73,78,79
6/26/01,04,09,12,13,14,15,18,20,27,28,32,34,37,44,52,56,59,64,72,79
6/25/01,03,04,08,09,11,23,26,27,34,36,40,51,58,61,62,63,65,67,70,75
6/24/01,02,05,06,08,12,13,15,18,26,33,38,45,47,48,50,64,67,68,74,76
6/23/01,10,22,23,26,29,31,37,40,41,42,43,50,51,53,57,59,68,73,79,80
6/22/01,04,06,10,14,18,21,22,24,27,30,40,46,54,58,68,71,72,75,78,80
6/21/01,09,10,12,15,18,19,20,21,22,35,37,40,53,56,58,64,68,71,73,78
6/20/01,01,02,03,09,11,17,23,25,26,32,35,41,42,49,62,67,69,75,76,79
6/19/01,01,07,08,10,12,16,17,18,33,39,46,54,58,65,66,67,68,71,74,76
6/18/01,01,11,14,19,20,24,39,47,50,52,53,54,55,58,71,72,74,76,78,80
6/17/01,01,10,12,15,16,19,24,34,36,40,46,50,51,55,59,64,71,72,74,80
6/16/01,07,09,24,32,37,38,43,45,46,49,50,54,55,57,60,61,62,64,71,78
6/15/01,04,05,06,08,17,21,27,28,29,38,46,49,55,56,65,66,68,73,77,80
6/14/01,02,03,06,09,12,16,19,30,31,32,33,37,40,49,50,63,71,73,77,80
6/13/01,12,15,20,31,35,36,40,41,46,48,51,52,53,54,57,58,60,62,72,75
6/12/01,02,03,04,08,16,20,22,26,27,40,46,50,53,56,61,62,63,69,75,79
6/11/01,06,07,08,18,20,23,26,28,29,38,39,41,44,48,54,55,60,64,72,79
6/10/01,03,05,07,10,11,20,22,23,24,27,30,53,59,65,66,70,72,73,75,79
6/9/01,05,09,15,16,18,20,31,36,46,50,52,59,64,65,69,70,74,76,78,80
6/8/01,05,07,09,11,14,15,17,20,23,30,37,39,42,47,55,57,65,68,73,80
6/7/01,02,04,05,13,19,20,24,26,30,33,43,45,52,55,56,66,69,76,79,80
6/6/01,01,03,05,06,13,14,24,26,30,33,43,48,53,56,61,63,67,71,76,79
6/5/01,04,16,17,26,29,34,37,40,42,43,45,48,50,57,65,66,68,73,77,78
6/4/01,02,03,06,23,29,30,33,37,40,41,55,56,58,59,63,70,74,77,78,79
6/3/01,07,10,11,13,16,23,28,30,35,37,42,46,49,51,54,56,57,59,60,74
6/2/01,01,04,06,10,12,21,25,28,33,36,39,42,56,57,63,64,68,71,74,77
6/1/01,02,16,17,20,24,26,31,36,42,43,47,49,53,56,61,67,70,72,75,80
5/31/01,02,14,20,23,25,28,31,32,34,42,43,49,50,52,55,58,66,75,76,80
5/30/01,09,13,15,18,21,22,28,29,30,32,35,40,44,49,62,66,67,68,74,75
5/29/01,01,03,04,06,07,08,09,15,21,31,51,53,54,62,70,72,74,76,77,79
5/28/01,03,08,09,13,15,16,17,33,35,41,44,49,53,61,62,63,67,71,78,79
5/27/01,02,03,14,15,25,36,37,39,40,42,43,53,55,59,63,67,69,70,73,75
5/26/01,03,06,14,17,22,24,25,29,32,33,45,50,56,58,60,63,66,71,72,76
5/25/01,11,22,26,27,29,30,31,33,37,41,42,47,51,52,53,60,61,65,70,80
5/24/01,02,06,08,09,10,13,16,30,34,40,41,45,47,50,52,53,55,59,79,80
5/23/01,02,06,15,19,23,27,36,37,45,48,51,53,57,58,63,70,71,72,75,79
5/22/01,02,03,21,24,27,29,33,35,38,39,47,48,51,59,60,62,67,73,75,76
5/21/01,07,08,10,12,21,28,32,37,39,40,50,56,60,61,62,63,67,71,73,75
5/20/01,08,09,12,15,16,19,31,40,42,47,49,51,59,60,61,66,67,74,75,77
5/19/01,07,12,15,17,19,20,24,27,28,31,38,41,51,53,55,57,63,65,75,80
5/18/01,06,08,11,13,19,20,32,34,36,44,46,47,49,50,51,57,61,63,64,78
5/17/01,03,07,13,15,16,19,23,27,36,39,40,43,56,60,61,65,66,74,75,77
5/16/01,07,11,12,13,19,20,22,33,36,39,44,46,51,55,58,61,70,72,73,78
5/15/01,05,06,08,16,18,20,25,38,39,45,47,50,60,61,69,72,73,76,77,79
5/14/01,02,03,09,12,14,18,22,24,27,35,39,45,49,54,58,59,61,64,66,71
5/13/01,02,04,06,07,12,18,19,22,33,36,47,48,49,51,61,62,63,66,74,76
5/12/01,01,04,05,07,09,11,14,24,29,34,39,45,48,60,64,66,72,73,77,78
5/11/01,03,20,23,28,29,30,31,34,35,37,39,45,53,56,59,64,65,70,75,79
5/10/01,01,03,04,08,14,19,26,28,30,43,48,52,53,57,64,66,70,72,78,79
5/9/01,03,12,17,22,23,24,30,32,36,38,39,43,50,51,54,59,63,66,70,78
5/8/01,02,05,06,09,24,35,39,41,42,43,44,50,62,64,66,67,70,71,73,75
5/7/01,03,04,06,09,11,12,20,34,35,38,45,48,59,62,63,66,73,78,79,80
5/6/01,03,10,13,16,17,20,39,45,47,51,52,55,56,60,61,62,64,71,72,73
5/5/01,05,06,09,12,14,15,18,19,33,35,36,40,42,50,58,59,61,73,75,76
5/4/01,01,03,08,09,21,25,26,27,29,33,34,38,42,44,49,52,59,65,67,75
5/3/01,06,07,08,17,26,28,29,38,39,42,44,48,49,52,53,60,64,73,76,77
5/2/01,03,06,08,13,19,20,24,30,31,39,43,53,54,55,62,69,70,71,73,79
5/1/01,05,10,11,12,14,18,21,25,37,39,40,42,45,52,54,57,68,70,75,78
4/30/01,14,16,17,18,24,25,26,30,31,32,37,41,43,44,57,63,66,70,72,76
4/29/01,03,05,07,08,10,13,23,24,28,36,38,45,46,53,56,58,60,67,71,72
4/28/01,01,02,08,18,19,24,33,34,42,43,48,51,53,64,66,67,68,71,72,80
4/27/01,01,02,09,10,11,14,17,19,28,44,46,50,52,53,54,56,57,63,67,68
4/26/01,08,16,17,18,21,22,24,26,33,34,36,40,44,47,50,53,55,59,67,75
4/25/01,05,06,08,09,15,20,21,26,29,34,38,39,52,62,66,67,68,71,72,75
4/24/01,03,08,09,12,17,19,21,22,23,26,35,44,46,48,51,58,66,67,72,76
4/23/01,04,05,11,16,20,24,26,27,28,33,34,42,43,45,52,53,63,72,76,77
4/22/01,02,17,18,20,27,28,43,49,53,57,60,61,64,67,68,70,77,78,79,80
4/21/01,01,10,12,17,21,29,30,34,40,44,54,56,60,62,66,72,73,74,75,77
4/20/01,01,04,09,10,14,21,25,33,36,38,43,44,45,50,55,63,68,71,74,80
4/19/01,01,09,17,31,32,35,36,44,46,49,50,57,62,63,66,68,70,76,77,80
4/18/01,04,08,09,21,22,26,28,32,33,34,35,51,52,60,64,66,69,72,75,79
4/17/01,02,08,09,10,11,21,25,26,29,31,33,34,35,42,50,59,62,67,71,72
4/16/01,05,09,10,12,19,21,22,24,30,34,43,50,53,56,58,61,64,69,78,79
4/15/01,08,09,13,15,18,19,26,31,33,34,41,44,49,55,56,65,69,71,73,77
4/14/01,02,12,15,18,19,20,29,30,37,40,41,44,46,49,55,70,74,76,78,80
4/13/01,02,03,05,07,09,19,20,25,36,37,42,43,56,60,64,69,70,71,76,79
4/12/01,03,04,05,06,07,17,21,22,23,28,35,40,44,48,53,54,58,64,68,79
4/11/01,02,05,08,09,12,13,15,21,24,30,31,39,53,56,64,71,74,75,77,78
4/10/01,04,06,11,12,14,22,27,29,31,43,48,51,52,55,60,64,66,67,68,72
4/9/01,04,05,06,11,21,23,24,30,35,39,44,51,56,59,62,63,64,69,71,73
4/8/01,18,24,25,27,29,31,32,36,38,49,50,52,59,60,61,62,66,68,69,77
4/7/01,06,09,18,21,22,26,27,33,34,37,38,42,49,53,55,56,68,70,71,79
4/6/01,03,09,15,17,23,28,29,31,32,34,35,37,41,45,48,49,58,70,75,79
4/5/01,01,06,21,22,29,33,35,39,41,42,43,48,50,51,54,60,61,66,67,77
4/4/01,03,20,22,23,26,33,37,41,44,49,52,53,55,59,62,64,73,74,75,76
4/3/01,02,09,10,13,18,19,21,22,24,30,32,34,46,48,49,60,61,64,76,78
4/2/01,04,08,10,13,16,20,24,25,30,32,37,39,41,45,48,49,50,57,62,73
4/1/01,05,09,13,28,32,33,37,40,41,47,51,53,59,60,65,69,71,75,78,79
3/31/01,02,03,05,06,07,08,09,12,14,20,24,25,27,30,52,53,62,69,70,79
3/30/01,03,09,11,17,20,21,35,40,41,42,48,50,51,57,58,66,67,71,76,80
3/29/01,09,10,17,21,29,32,36,44,46,52,54,55,56,59,63,68,71,72,79,80
3/28/01,01,09,10,12,14,15,26,36,38,44,48,50,53,57,58,62,68,75,79,80
3/27/01,08,10,14,16,18,23,24,28,31,34,35,46,47,56,57,61,62,66,70,80
3/26/01,01,04,08,14,19,20,28,32,41,46,48,49,50,52,53,56,59,62,68,69
3/25/01,03,09,11,12,13,24,34,35,38,39,50,51,55,58,60,61,69,72,75,79
3/24/01,02,14,15,17,22,27,30,37,43,45,47,50,51,60,62,66,72,73,77,79
3/23/01,03,05,12,19,26,32,35,37,42,43,45,46,51,52,59,61,63,66,72,77
3/22/01,07,09,15,18,27,29,37,39,46,47,53,55,59,60,66,70,74,75,76,80
3/21/01,02,05,09,12,15,17,19,39,40,41,44,45,47,48,50,59,63,71,74,76
3/20/01,01,02,04,06,08,14,22,33,34,35,39,41,42,43,44,54,59,64,70,74
3/19/01,06,08,11,13,14,19,20,25,26,29,33,37,38,43,58,59,66,70,72,74
3/18/01,01,03,06,11,17,20,32,38,39,47,55,56,57,61,62,64,69,73,74,79
3/17/01,06,07,08,14,15,16,25,28,32,41,46,55,56,57,59,60,64,67,72,74
3/16/01,03,06,07,08,12,16,17,23,31,32,38,40,50,54,61,69,71,72,73,76
3/15/01,04,08,09,15,20,21,27,30,36,37,38,44,52,54,55,56,64,65,70,76
3/14/01,05,06,08,09,11,15,24,28,29,34,35,41,42,51,54,59,64,68,71,80
3/13/01,14,18,20,24,26,28,30,47,49,56,57,62,63,64,65,66,71,73,74,77
3/12/01,03,07,08,13,18,24,25,30,33,36,41,42,51,54,60,61,64,65,73,80
3/11/01,12,18,19,21,24,27,29,36,39,48,51,56,57,58,68,71,72,74,75,78
3/10/01,06,08,14,15,16,20,25,38,39,44,45,46,51,60,61,68,72,74,76,77
3/9/01,03,06,09,11,20,28,38,46,54,55,56,60,62,64,68,72,73,74,77,80
3/8/01,10,12,15,18,22,25,26,27,32,35,42,45,49,52,58,59,61,64,76,78
3/7/01,03,06,07,08,09,15,27,29,30,39,42,46,54,58,59,62,65,68,70,74
3/6/01,05,07,10,12,15,16,18,28,36,39,40,51,52,57,62,63,66,68,74,80
3/5/01,07,08,14,21,25,31,34,35,51,52,53,56,58,68,69,71,73,75,76,80
3/4/01,02,06,10,14,17,21,25,31,38,40,42,43,45,50,51,56,58,59,65,79
3/3/01,03,04,16,21,24,25,28,38,40,44,46,52,54,56,59,63,65,75,76,77
3/2/01,02,12,18,22,24,25,26,32,36,37,49,51,52,53,61,66,69,75,79,80
3/1/01,05,12,14,16,24,26,27,29,35,51,52,54,60,62,66,71,72,73,75,78
2/28/01,03,06,08,09,10,19,26,29,33,34,35,36,42,46,49,64,67,69,70,79
2/27/01,03,04,09,10,14,19,23,26,29,33,39,41,43,46,48,57,68,74,77,78
2/26/01,03,10,14,15,17,22,23,26,29,37,38,44,46,50,52,60,61,62,73,77
2/25/01,03,05,13,15,16,20,27,30,32,33,39,41,42,44,46,52,59,62,72,77
2/24/01,06,09,11,21,26,29,31,32,35,42,43,44,48,50,53,57,72,75,76,78
2/23/01,01,07,08,10,21,25,31,33,39,42,44,45,46,47,49,62,66,78,79,80
2/22/01,07,10,14,18,19,23,24,27,28,29,44,46,47,51,57,59,65,67,69,77
2/21/01,05,09,13,17,18,21,22,29,32,34,43,49,56,57,63,64,65,69,71,74
2/20/01,07,10,12,13,20,22,23,26,32,35,37,40,54,55,60,62,63,73,75,79
2/19/01,01,02,03,16,18,21,24,26,27,30,33,44,50,55,58,67,70,73,77,80
2/18/01,01,04,10,12,15,16,19,26,32,33,37,42,43,44,57,67,69,71,74,79
2/17/01,07,09,10,14,20,22,23,29,51,54,56,58,59,63,65,68,72,74,78,80
2/16/01,06,08,10,11,16,19,20,23,35,41,43,47,48,58,61,65,70,74,75,77
2/15/01,01,03,04,07,18,25,31,34,36,37,39,40,45,56,57,59,64,66,72,76
2/14/01,10,13,14,19,20,23,26,37,42,50,54,55,57,59,63,67,68,72,74,79
2/13/01,01,02,04,10,11,25,27,34,41,46,47,51,52,57,59,61,65,68,75,79
2/12/01,11,16,23,24,33,34,35,42,54,61,67,71,72,73,74,75,77,78,79,80
2/11/01,04,06,10,15,21,24,29,31,36,43,47,55,57,63,64,72,74,76,77,78
2/10/01,03,06,13,17,22,25,38,39,47,51,54,56,57,60,62,65,66,70,77,80
2/9/01,01,02,04,05,07,19,20,22,23,25,34,43,45,46,50,56,57,60,66,78
2/8/01,01,04,12,20,21,25,26,29,31,37,40,44,50,55,56,62,63,64,68,76
2/7/01,02,05,11,14,32,34,37,38,40,42,47,58,64,66,72,73,74,75,76,77
2/6/01,03,21,22,24,26,27,30,33,34,37,40,41,49,51,53,54,58,62,73,78
2/5/01,07,08,09,11,13,21,32,34,43,44,45,53,54,56,62,63,68,69,75,80
2/4/01,02,03,08,13,14,15,17,18,24,26,27,41,45,50,51,53,56,63,64,78
2/3/01,04,07,13,14,18,21,28,38,46,47,55,58,60,61,65,66,71,72,74,76
2/2/01,07,14,15,19,23,25,31,34,36,39,41,55,57,58,59,63,65,68,71,72
2/1/01,11,14,16,17,22,25,30,31,33,34,36,37,41,42,44,48,57,70,75,80
1/31/01,03,08,15,19,21,23,27,38,45,46,53,54,55,57,64,65,66,71,74,80
1/30/01,05,07,08,09,10,11,14,34,40,42,43,45,48,52,54,61,67,68,70,78
1/29/01,02,04,07,11,23,26,29,30,32,33,35,38,39,41,46,57,63,65,70,78
1/28/01,01,02,06,08,09,10,22,24,26,28,29,32,42,45,62,67,70,71,73,79
1/27/01,02,03,06,10,11,14,15,16,23,25,26,31,32,47,51,64,71,72,73,78
1/26/01,06,09,11,18,20,21,23,24,27,29,31,36,43,45,53,56,58,60,66,74
1/25/01,04,06,10,12,14,22,26,30,32,33,35,40,46,47,50,55,63,65,67,74
1/24/01,02,03,04,07,09,14,17,20,25,30,32,35,36,45,48,55,58,63,66,71
1/23/01,04,11,13,15,18,20,23,24,31,38,39,40,42,43,50,51,52,53,59,74
1/22/01,02,06,14,15,16,19,28,35,37,47,48,50,52,53,57,59,62,63,65,77
1/21/01,01,02,26,31,32,33,35,36,44,45,50,51,53,59,68,69,71,76,77,78
1/20/01,07,10,12,22,23,24,25,31,32,38,40,45,48,53,54,60,65,66,68,69
1/19/01,02,05,12,16,19,31,34,36,37,40,43,44,58,60,61,63,70,71,72,75
1/18/01,05,06,22,25,26,27,35,44,47,55,59,61,64,65,66,68,69,70,72,74
1/17/01,01,07,10,15,21,22,30,33,39,45,55,58,60,62,65,69,70,71,79,80
1/16/01,01,07,09,12,13,18,21,22,25,32,36,38,39,47,60,62,64,68,73,74
1/15/01,06,18,19,21,23,27,34,37,38,39,47,60,64,66,67,69,70,72,74,80
1/14/01,04,05,06,07,21,22,27,28,33,35,41,42,46,54,60,63,70,78,79,80
1/13/01,07,09,12,21,27,33,36,41,42,45,49,54,59,60,64,67,71,75,77,78
1/12/01,07,08,10,11,15,20,21,23,24,25,39,40,42,43,48,50,62,68,70,74
1/11/01,01,03,08,10,16,17,24,34,35,37,48,50,52,53,56,60,66,67,76,79
1/10/01,08,10,16,17,23,26,27,30,38,39,40,48,56,62,63,64,67,68,74,77
1/9/01,12,13,15,17,24,25,30,33,34,36,42,43,49,53,54,68,72,73,74,80
1/8/01,03,04,10,12,13,18,23,24,31,41,43,47,54,57,59,63,67,69,74,79
1/7/01,08,09,12,31,33,34,35,43,49,50,53,54,63,67,72,74,75,76,78,79
1/6/01,02,07,08,09,14,18,22,30,31,35,39,42,47,53,61,64,68,70,73,79
1/5/01,01,05,08,09,12,16,21,25,27,29,32,33,42,45,48,65,67,71,74,76
1/4/01,01,09,19,20,23,27,29,31,36,38,41,46,54,62,69,70,76,77,78,80
1/3/01,05,07,08,10,16,22,27,30,32,34,36,44,47,48,51,62,72,73,74,75
1/2/01,01,02,15,19,21,24,29,31,32,33,35,39,41,44,55,59,69,73,78,80
1/1/01,08,14,16,18,31,33,36,37,42,45,48,50,52,54,58,67,69,71,76,77
12/31/00,02,03,04,05,08,14,15,17,29,33,45,46,51,55,58,64,69,70,73,80
12/30/00,03,06,12,15,16,19,21,22,31,32,36,43,49,51,54,63,64,68,78,79
12/29/00,20,22,24,26,27,28,29,36,38,39,47,54,60,65,66,67,73,76,78,79
12/28/00,04,09,11,13,15,18,19,22,24,31,35,36,44,51,54,59,63,67,74,78
12/27/00,01,02,14,24,26,32,33,38,39,41,42,44,52,54,58,59,64,65,68,80
12/26/00,01,08,13,14,15,16,21,23,28,29,33,34,43,51,56,59,61,62,78,80
12/24/00,02,03,09,11,12,18,22,32,37,38,41,59,61,62,63,67,70,74,77,78
12/23/00,02,03,06,07,09,10,12,22,29,32,37,43,45,51,53,57,64,70,75,77
12/22/00,04,05,21,22,31,32,33,34,36,38,40,41,45,48,57,59,70,72,75,80
12/21/00,14,18,21,22,23,24,28,32,35,37,45,48,49,52,55,56,61,62,67,79
12/20/00,01,02,03,08,15,19,22,26,29,32,34,40,46,50,54,58,61,69,71,74
12/19/00,03,06,07,11,13,16,18,29,30,31,38,39,47,51,54,56,68,71,72,80
12/18/00,01,02,03,05,07,11,12,16,21,34,39,43,50,60,61,66,67,69,77,79
12/17/00,19,20,24,26,27,30,37,42,43,46,47,50,53,54,56,57,59,61,64,67
12/16/00,09,23,36,38,40,45,46,49,50,51,57,58,59,64,65,68,71,72,73,80
12/15/00,03,05,07,08,12,14,20,27,28,29,32,35,45,46,65,66,70,73,74,80
12/14/00,01,08,09,12,18,19,20,27,34,49,54,57,61,64,66,71,72,74,75,76
12/13/00,12,14,16,18,24,33,36,37,38,43,45,47,49,54,56,60,65,66,67,76
12/12/00,06,07,13,16,31,33,36,39,49,57,61,63,68,69,70,72,73,75,78,79
12/11/00,05,07,15,19,22,24,31,32,36,38,41,44,45,49,51,66,67,71,73,74
12/10/00,03,06,13,18,23,25,37,42,50,57,59,60,61,66,72,74,75,77,78,80
12/9/00,01,04,06,09,10,20,23,31,33,34,35,42,43,49,52,54,64,70,74,79
12/8/00,02,05,06,10,12,25,26,30,31,34,40,46,50,51,52,57,63,65,69,77
12/7/00,08,11,14,15,18,20,22,23,24,36,39,41,43,47,54,56,60,63,64,69
12/6/00,01,03,13,17,18,26,41,47,50,53,54,57,58,60,62,66,70,74,78,80
12/5/00,02,08,12,14,16,18,21,24,25,27,35,40,53,58,60,67,68,71,77,78
12/4/00,05,09,12,13,14,15,21,22,23,27,29,31,32,34,42,43,44,53,57,63
12/3/00,01,20,21,22,23,25,31,34,38,39,49,52,57,65,66,67,68,69,70,74
12/2/00,01,08,14,16,22,27,34,35,39,46,49,52,55,57,59,64,70,74,78,79
12/1/00,01,02,06,13,21,23,31,36,40,41,42,43,48,52,54,60,67,71,78,79
11/30/00,05,11,13,19,23,26,29,32,36,37,38,40,52,53,58,62,65,69,70,72
11/29/00,05,11,12,16,18,24,27,28,30,38,40,42,45,47,53,54,62,65,72,76
11/28/00,03,04,10,12,15,22,25,32,36,37,46,49,50,52,53,56,67,68,69,76
11/27/00,01,11,15,19,20,23,25,34,36,41,42,45,51,52,57,58,66,67,72,76
11/26/00,02,05,06,12,13,14,15,16,20,21,30,32,34,38,43,45,47,49,61,65
11/25/00,01,02,06,07,16,20,22,33,34,36,40,41,51,52,61,63,64,65,67,76
11/24/00,01,06,09,13,15,17,18,22,23,30,33,35,39,40,59,63,70,73,76,80
11/23/00,02,08,20,23,25,26,31,34,37,38,39,47,49,50,54,61,62,68,74,76
11/22/00,06,09,12,18,19,27,28,33,35,46,50,54,60,61,63,66,67,69,76,78
11/21/00,05,13,17,22,31,35,36,39,40,43,44,45,47,52,53,54,56,57,75,79
11/20/00,01,05,08,20,21,25,36,37,38,40,41,45,49,51,57,58,60,69,70,79
11/19/00,06,10,15,16,17,21,28,30,33,38,41,44,47,50,52,62,65,69,74,76
11/18/00,01,02,07,09,10,15,16,18,19,39,42,49,60,64,69,73,75,76,77,80
11/17/00,01,04,09,11,12,13,16,20,22,31,43,49,51,54,61,64,72,75,76,77
11/16/00,08,09,11,18,28,29,36,38,39,40,41,45,52,55,58,60,73,75,76,80
11/15/00,06,08,09,16,24,25,26,36,37,41,42,45,55,59,61,65,67,71,74,77
11/14/00,05,09,10,15,18,20,22,26,29,30,32,38,42,63,64,65,68,71,72,78
11/13/00,03,04,06,08,26,27,32,35,39,41,45,48,49,51,52,54,58,59,69,72
11/12/00,04,05,10,12,15,17,18,22,28,34,40,42,55,57,58,61,69,70,73,75
11/11/00,08,11,12,13,14,17,19,23,24,28,29,31,34,42,44,56,62,65,67,74
11/10/00,05,07,08,10,13,17,21,26,30,44,52,55,59,61,62,71,73,74,76,77
11/9/00,02,03,05,08,09,18,29,33,36,37,38,39,47,56,58,59,68,73,74,80
11/8/00,06,08,10,11,17,24,36,38,39,42,49,52,53,56,60,61,63,65,68,80
11/7/00,02,12,14,16,21,24,27,29,30,37,41,45,46,49,62,64,66,68,70,77
11/6/00,05,14,15,18,22,37,38,46,47,50,53,55,58,61,62,64,69,70,73,80
11/5/00,02,06,07,10,11,13,18,21,23,27,31,34,49,52,53,61,63,64,65,71
11/4/00,01,08,09,17,18,21,25,29,32,37,38,39,41,49,56,66,67,69,78,79
11/3/00,03,04,09,10,12,14,16,28,29,43,44,46,55,56,57,63,73,74,77,80
11/2/00,03,05,09,15,16,22,28,30,37,38,47,54,55,58,59,66,67,72,73,80
11/1/00,05,10,16,23,28,31,35,47,52,53,59,60,61,62,67,68,69,70,72,73
10/31/00,02,04,07,10,11,19,25,33,34,36,45,56,58,59,62,64,73,74,77,78
10/30/00,01,04,08,10,14,15,16,20,22,25,28,35,39,41,44,50,52,53,54,65
10/29/00,02,05,10,14,17,19,21,22,25,26,28,30,37,45,53,57,60,61,74,77
10/28/00,02,03,05,06,09,16,26,28,48,49,50,51,54,57,62,64,69,72,75,78
10/27/00,11,19,21,22,27,28,29,32,33,36,38,43,45,49,51,63,67,71,78,79
10/26/00,02,12,16,21,27,30,52,55,58,59,65,66,72,73,74,75,76,77,78,80
10/25/00,11,16,20,37,38,39,40,41,42,43,44,47,50,53,58,61,70,74,75,80
10/24/00,01,02,05,06,08,09,16,19,22,27,28,30,36,41,43,49,64,65,76,79
10/23/00,01,05,13,17,24,27,30,37,42,44,46,51,53,60,63,64,65,70,71,72
10/22/00,02,04,09,12,14,23,25,28,31,33,34,35,38,43,45,46,49,51,72,78
10/21/00,01,05,11,13,16,17,24,28,29,36,37,44,45,50,55,64,69,71,74,75
10/20/00,07,11,14,16,24,26,28,29,38,39,41,49,50,51,55,66,69,74,76,78
10/19/00,02,09,11,12,16,18,19,22,24,33,34,36,37,41,42,47,49,54,69,80
10/18/00,02,09,14,15,18,22,24,27,31,34,36,40,42,47,51,55,59,61,68,73
10/17/00,02,06,10,12,18,24,29,30,34,40,46,50,52,53,57,65,66,67,68,75
10/16/00,05,11,12,13,15,29,34,35,45,49,54,56,59,60,64,67,68,75,78,80
10/15/00,02,05,07,31,32,35,39,40,43,48,51,53,54,55,56,57,61,62,73,79
10/14/00,06,11,17,18,21,28,32,33,37,45,48,49,53,54,56,73,75,78,79,80
10/13/00,03,04,06,13,15,18,19,23,24,27,37,39,44,50,51,55,57,60,67,74
10/12/00,04,11,19,20,23,29,30,31,33,37,39,42,50,54,63,69,75,76,79,80
10/11/00,02,04,06,08,13,19,21,36,40,44,47,51,62,71,72,73,74,75,77,79
10/10/00,03,05,06,08,16,21,24,25,29,30,38,44,50,54,56,59,60,63,71,75
10/9/00,01,05,07,12,15,17,26,33,39,41,44,47,49,50,52,58,63,66,77,79
10/8/00,01,02,05,06,09,15,23,28,31,38,45,46,54,55,59,60,62,74,75,79
10/7/00,02,03,04,08,12,13,21,33,37,38,47,56,59,60,64,68,71,74,77,79
10/6/00,03,06,10,11,12,16,21,22,28,34,47,48,49,57,58,62,65,71,77,79
10/5/00,03,06,08,09,12,17,25,33,35,37,39,43,45,50,55,60,61,64,66,71
10/4/00,04,10,11,16,22,30,37,53,54,55,59,62,63,65,68,72,73,74,75,77
10/3/00,10,16,18,19,22,36,40,43,45,48,49,53,54,56,59,64,67,76,77,79
10/2/00,06,09,12,20,24,26,35,38,41,45,49,51,52,55,58,64,67,75,77,80
10/1/00,10,12,18,20,22,23,24,25,26,35,37,52,54,55,61,63,65,68,71,75
9/30/00,07,13,16,18,19,20,26,31,34,35,41,45,54,55,56,66,68,74,76,78
9/29/00,03,06,08,12,13,16,17,24,25,28,30,31,40,46,49,54,58,64,70,79
9/28/00,01,07,09,14,26,27,28,30,34,38,40,43,46,52,54,65,66,68,70,76
9/27/00,05,13,17,21,22,23,25,26,29,35,36,46,53,56,57,63,66,69,76,78
9/26/00,02,03,04,10,13,15,20,40,43,44,46,47,51,61,69,70,73,76,79,80
9/25/00,01,02,08,11,14,28,29,30,32,34,41,45,48,50,55,56,63,64,65,66
9/24/00,01,02,19,22,27,30,32,34,37,40,41,48,50,58,65,70,72,74,75,80
9/23/00,03,04,10,12,15,16,28,43,45,48,49,50,52,53,58,60,61,64,65,75
9/22/00,01,03,08,10,13,25,29,34,40,44,49,52,54,57,59,65,70,73,74,77
9/21/00,01,03,04,05,06,07,09,19,20,23,27,36,45,46,47,49,53,57,61,72
9/20/00,03,04,05,23,25,26,33,34,38,39,40,44,46,50,51,52,53,66,67,69
9/19/00,02,06,09,22,28,29,30,34,37,41,46,49,54,58,67,70,71,75,79,80
9/18/00,04,06,10,12,15,16,22,31,32,34,36,41,42,44,46,52,60,62,64,75
9/17/00,03,05,07,18,20,21,23,25,29,32,35,37,38,43,45,52,53,55,65,67
9/16/00,01,02,04,11,12,18,20,22,26,37,38,49,52,53,54,61,65,68,72,74
9/15/00,03,06,08,15,17,19,24,46,47,49,51,54,58,59,61,62,70,74,77,78
9/14/00,06,08,17,18,20,22,28,29,33,34,38,44,46,58,60,64,66,68,70,72
9/13/00,01,02,04,05,08,09,15,16,20,33,43,53,55,56,59,62,73,75,77,79
9/12/00,03,04,06,08,09,15,26,30,34,38,39,40,50,63,64,70,73,75,78,79
9/11/00,06,07,14,21,23,29,35,36,38,41,50,51,53,64,65,66,68,71,77,79
9/10/00,01,02,04,05,10,30,31,33,38,39,42,46,52,56,68,69,72,74,79,80
9/9/00,02,09,14,15,16,24,25,29,33,36,41,49,50,53,57,58,66,70,72,73
9/8/00,08,10,11,15,24,28,37,45,47,50,53,56,62,64,65,66,68,73,76,77
9/7/00,01,04,16,21,29,30,33,36,37,41,44,49,54,55,56,59,65,70,73,78
9/6/00,06,07,10,13,27,30,31,35,38,39,41,42,44,54,60,61,63,69,74,76
9/5/00,05,06,08,09,30,31,36,43,45,46,47,52,53,55,56,61,63,64,70,80
9/4/00,10,11,17,18,19,25,27,29,37,39,40,45,46,51,56,57,62,74,75,80
9/3/00,01,02,06,09,10,14,15,33,38,43,47,52,54,60,69,72,74,76,77,80
9/2/00,02,07,09,12,17,19,24,29,46,49,57,60,65,68,71,73,74,76,77,79
9/1/00,05,06,10,11,12,15,26,27,34,38,40,46,52,58,59,60,62,63,64,67
8/31/00,04,09,12,13,14,23,24,28,38,44,55,56,58,59,62,65,68,72,73,78
8/30/00,04,08,09,11,13,14,16,17,22,27,30,33,39,48,50,57,61,66,67,79
8/29/00,01,03,06,11,13,21,23,27,34,36,45,55,59,64,65,69,74,76,77,80
8/28/00,08,12,13,14,15,25,28,36,38,40,42,43,44,49,51,52,58,71,76,78
8/27/00,01,13,19,28,29,34,37,38,39,45,53,56,63,64,65,70,74,77,79,80
8/26/00,03,07,14,16,31,32,36,39,42,43,55,56,58,70,72,73,75,76,77,78
8/25/00,05,13,14,16,18,22,23,25,27,30,31,36,41,46,49,56,60,62,79,80
8/24/00,02,06,08,11,14,19,23,24,26,29,33,35,41,46,56,58,59,60,66,74
8/23/00,01,15,17,18,20,23,31,35,40,41,43,48,49,53,56,64,73,76,78,80
8/22/00,09,11,12,16,17,19,20,22,26,29,32,33,34,40,43,45,46,53,66,79
8/21/00,03,04,06,14,24,26,27,30,33,35,38,42,46,49,57,67,71,72,74,78
8/20/00,02,03,07,09,11,14,16,28,29,30,31,32,54,55,62,65,66,71,74,79
8/19/00,05,06,10,12,20,22,29,32,33,39,40,41,46,49,58,59,61,63,68,75
8/18/00,01,18,19,20,28,33,34,39,41,42,43,48,50,59,65,67,75,76,77,78
8/17/00,08,10,11,12,18,28,32,33,36,39,43,50,51,53,60,63,64,69,77,79
8/16/00,05,08,09,12,16,22,30,34,35,37,53,59,62,63,65,71,75,76,77,79
8/15/00,06,07,10,15,20,23,24,26,30,37,38,40,43,51,52,53,57,69,77,79
8/14/00,07,13,17,19,26,27,30,31,35,44,47,49,53,54,57,62,72,75,77,79
8/13/00,12,15,18,19,20,27,29,31,35,37,40,43,44,51,58,60,63,69,72,80
8/12/00,08,12,24,25,27,30,32,34,39,40,41,50,51,56,61,66,67,68,69,78
8/11/00,02,09,11,13,23,29,35,37,41,44,48,51,53,56,58,62,63,64,65,74
8/10/00,07,21,23,26,28,29,30,31,32,34,40,43,48,52,56,60,62,74,76,80
8/9/00,03,06,09,13,20,21,38,43,44,46,48,49,54,59,64,66,71,75,77,78
8/8/00,03,08,12,17,20,22,25,28,29,31,32,45,55,57,60,66,67,69,70,77
8/7/00,05,10,12,17,21,23,27,30,31,45,46,47,54,55,56,59,69,76,77,78
8/6/00,04,10,15,24,25,26,31,33,38,40,43,51,53,57,59,60,61,68,73,79
8/5/00,05,07,09,24,26,28,30,32,39,41,46,52,54,55,57,68,70,72,73,78
8/4/00,06,07,10,17,19,34,46,51,52,55,56,58,59,64,66,67,71,76,78,80
8/3/00,02,06,18,27,33,37,39,42,46,47,52,56,57,58,63,68,73,75,78,80
8/2/00,01,13,17,19,21,26,27,28,29,31,39,42,50,53,57,59,61,75,79,80
8/1/00,03,04,06,13,29,31,34,39,42,45,48,52,55,56,58,62,63,69,70,79
7/31/00,03,05,07,11,13,16,22,29,32,33,40,47,54,62,64,66,76,77,78,80
7/30/00,02,07,09,10,13,20,23,29,41,46,47,54,55,57,61,62,66,67,68,73
7/29/00,02,03,06,12,17,30,34,35,38,40,43,44,48,53,61,63,67,71,78,80
7/28/00,01,06,08,09,10,15,19,25,39,42,43,48,49,50,57,58,59,75,77,80
7/27/00,01,02,04,22,26,29,31,32,36,37,39,41,43,46,50,55,58,64,67,71
7/26/00,05,06,13,17,22,26,27,30,31,34,44,58,60,61,64,68,74,75,78,80
7/25/00,01,02,05,07,08,13,24,29,36,38,48,49,56,59,64,66,67,75,79,80
7/24/00,01,02,07,08,09,10,15,24,27,33,35,36,50,52,53,57,60,66,67,73
7/23/00,03,06,08,16,19,22,26,29,30,36,43,52,57,58,60,62,66,72,73,77
7/22/00,06,07,08,12,14,18,21,25,29,30,31,32,38,43,59,61,63,64,67,68
7/21/00,10,13,16,17,18,19,29,33,34,35,38,39,43,45,46,47,51,52,53,68
7/20/00,01,06,08,09,10,11,13,18,19,22,29,36,42,43,48,51,59,67,71,80
7/19/00,03,04,05,06,08,13,14,20,21,27,33,37,47,58,59,62,64,67,76,77
7/18/00,07,23,25,26,30,32,36,42,47,49,50,52,57,59,69,70,76,77,78,80
7/17/00,02,05,15,34,39,42,45,49,50,54,58,61,63,66,68,73,74,78,79,80
7/16/00,02,11,12,15,18,29,32,37,41,44,51,56,62,63,67,68,69,71,72,76
7/15/00,02,05,06,16,21,25,33,37,43,45,48,51,58,60,62,64,65,71,73,74
7/14/00,06,11,17,22,25,28,29,31,41,42,56,57,58,59,66,68,74,76,79,80
7/13/00,01,07,08,11,19,26,31,32,37,38,44,47,48,56,58,60,62,63,71,73
7/12/00,04,05,13,18,21,25,29,34,46,50,52,54,63,66,69,70,74,75,76,80
7/11/00,01,04,10,14,15,21,28,30,35,36,44,46,47,48,49,51,53,67,73,74
7/10/00,03,04,09,10,11,13,15,29,32,37,38,42,50,56,58,59,61,63,65,75
7/9/00,06,08,11,14,17,18,23,29,32,34,38,39,40,53,59,65,71,73,76,80
7/8/00,08,09,10,12,15,17,18,19,25,26,29,30,32,38,48,49,57,62,67,79
7/7/00,03,04,08,10,18,19,21,25,26,33,34,36,41,42,43,64,68,75,76,78
7/6/00,01,10,11,14,16,17,19,25,32,33,34,35,48,54,61,65,67,74,76,77
7/5/00,01,04,05,07,11,13,14,18,20,22,23,25,29,30,32,36,37,49,51,66
7/4/00,04,10,12,17,21,30,34,36,37,40,44,45,46,52,53,62,63,65,68,76
7/3/00,02,05,06,07,17,19,20,22,24,31,38,40,45,57,61,63,65,72,74,78
7/2/00,03,07,09,10,11,15,16,22,27,28,45,47,59,60,72,73,74,75,76,77
7/1/00,02,12,17,21,24,38,40,42,44,46,49,51,59,60,61,62,69,70,72,78
6/30/00,03,07,12,18,20,22,27,47,48,49,50,52,55,58,72,73,74,75,76,78
6/29/00,08,09,13,22,23,24,26,29,30,31,36,37,38,39,40,49,59,62,67,73
6/28/00,01,05,07,09,15,21,23,26,36,41,42,48,53,54,55,58,65,73,76,80
6/27/00,06,10,14,18,20,22,24,31,37,40,41,46,58,61,62,64,65,72,73,75
6/26/00,05,10,11,13,14,15,19,26,32,33,34,41,50,51,52,58,60,65,67,80
6/25/00,05,08,14,18,23,26,32,40,43,48,54,55,57,62,63,65,69,74,77,78
6/24/00,06,11,12,14,15,22,26,31,37,39,49,50,51,52,56,57,59,70,78,79
6/23/00,02,04,07,11,12,20,26,27,33,35,45,48,54,57,61,67,71,73,75,80
6/22/00,01,04,12,16,22,28,29,36,40,41,42,43,45,46,51,59,61,65,69,74
6/21/00,03,06,08,09,14,15,18,21,25,36,45,50,56,57,59,61,62,69,70,79
6/20/00,05,08,09,11,13,15,19,21,23,24,36,44,52,54,61,68,69,70,75,77
6/19/00,03,12,20,21,23,27,40,41,43,44,47,53,55,56,58,65,66,70,78,79
6/18/00,01,02,06,16,21,23,27,34,36,38,42,44,45,52,59,63,64,65,66,67
6/17/00,02,05,08,11,14,19,27,29,31,34,36,45,49,52,53,56,57,68,75,77
6/16/00,04,05,10,19,20,21,26,27,33,35,42,44,45,46,49,57,62,69,74,77
6/15/00,06,07,10,14,16,18,19,20,26,27,29,41,51,59,65,66,68,71,72,78
6/14/00,02,07,13,15,16,21,22,28,33,34,35,37,44,52,53,59,61,66,69,78
6/13/00,10,14,18,21,26,31,32,33,35,36,39,44,48,53,56,62,65,71,75,79
6/12/00,01,02,12,13,19,23,24,27,34,39,42,46,49,50,56,57,67,69,71,80
6/11/00,01,05,08,10,12,16,23,24,34,37,47,48,50,51,52,57,62,68,72,74
6/10/00,01,04,08,13,16,19,26,31,32,36,37,43,45,47,49,51,63,66,72,74
6/9/00,02,13,15,25,26,31,33,35,40,46,48,54,59,65,67,69,74,75,77,78
6/8/00,01,03,04,08,12,13,16,21,23,29,33,34,47,48,52,60,72,73,78,79
6/7/00,02,04,08,10,13,23,28,32,34,35,42,50,51,54,58,59,63,71,77,80
6/6/00,06,07,12,16,21,24,26,27,28,31,37,44,47,54,57,66,70,78,79,80
6/5/00,02,03,05,12,18,22,28,31,39,41,48,49,59,63,69,70,71,73,75,79
6/4/00,01,02,03,04,11,17,18,20,23,27,31,36,38,43,53,56,58,69,73,76
6/3/00,03,04,10,13,15,22,24,25,33,35,38,42,49,56,61,63,71,75,76,78
6/2/00,03,05,07,08,09,24,28,36,42,44,52,53,54,58,62,67,69,71,74,80
6/1/00,05,06,07,08,12,15,18,19,21,24,28,29,31,32,47,52,54,56,65,66
5/31/00,02,06,14,18,20,22,24,33,38,39,42,44,48,52,56,57,64,65,74,78
5/30/00,03,18,19,27,35,37,47,48,51,53,54,59,61,68,69,70,72,74,79,80
5/29/00,03,05,06,11,15,23,24,28,30,31,34,37,40,48,49,51,55,57,63,77
5/28/00,03,04,05,06,07,12,15,17,21,22,23,28,30,31,35,37,40,59,65,68
5/27/00,01,02,09,10,12,18,20,24,30,38,42,46,51,52,55,62,63,65,70,78
5/26/00,02,08,09,10,18,19,28,31,33,37,39,43,45,46,52,55,58,59,66,69
5/25/00,02,09,12,13,17,20,23,24,33,36,39,42,43,49,52,58,66,70,71,76
5/24/00,11,17,29,30,34,36,43,46,49,51,52,54,61,62,64,65,67,68,72,73
5/23/00,11,14,17,18,22,24,36,39,43,45,46,54,55,59,66,73,76,77,78,79
5/22/00,01,13,15,26,32,35,39,46,50,53,54,57,62,68,69,70,71,74,77,78
5/21/00,04,06,07,10,11,14,22,24,27,31,38,39,46,52,56,61,62,74,76,77
5/20/00,01,04,10,20,28,32,33,41,46,47,52,56,57,60,63,64,65,74,75,77
5/19/00,10,17,22,30,32,39,43,45,47,49,58,61,66,67,72,73,74,75,77,80
5/18/00,01,02,09,10,12,13,14,17,21,23,29,41,43,47,52,62,65,67,71,72
5/17/00,02,08,12,13,17,22,23,25,26,30,38,50,56,58,59,63,64,67,72,77
5/16/00,06,11,13,14,21,26,28,32,34,37,44,45,49,54,55,58,63,69,71,75
5/15/00,09,16,17,23,25,27,29,31,43,45,54,56,58,59,63,64,70,71,74,77
5/14/00,05,10,11,19,28,35,38,42,43,47,52,53,54,55,61,64,65,70,71,74
5/13/00,03,04,07,23,28,34,36,39,40,43,46,52,53,55,62,64,68,70,79,80
5/12/00,01,08,09,15,18,19,24,26,29,34,40,45,46,50,53,56,59,67,71,72
5/11/00,01,02,04,09,25,31,36,37,38,44,47,51,53,56,59,60,62,71,75,78
5/10/00,09,10,18,20,27,36,39,42,45,47,53,62,65,66,67,69,71,75,76,78
5/9/00,04,07,12,20,21,22,25,26,27,31,35,36,46,58,64,71,73,74,75,77
5/8/00,05,06,08,10,17,18,19,20,23,37,46,51,54,59,60,61,62,72,74,75
5/7/00,05,09,13,21,26,27,28,35,38,43,51,53,56,61,62,65,67,69,74,75
5/6/00,05,06,08,12,13,16,29,33,35,43,44,46,60,65,67,72,75,78,79,80
5/5/00,02,04,05,07,08,12,18,22,27,28,32,38,50,54,68,69,70,71,78,79
5/4/00,03,06,34,37,38,41,44,46,47,50,51,53,56,58,64,68,70,71,75,80
5/3/00,06,09,10,25,32,37,39,40,41,42,48,52,55,58,59,65,66,77,78,80
5/2/00,01,04,09,11,12,13,15,16,19,39,42,45,49,51,56,60,66,67,75,80
5/1/00,05,10,13,16,18,28,29,30,37,43,44,49,54,60,63,64,68,69,73,79
4/30/00,02,03,05,06,08,09,15,17,19,22,35,36,40,41,43,44,52,63,66,77
4/29/00,04,14,15,20,25,29,33,37,39,41,44,45,52,54,58,62,69,72,75,76
4/28/00,01,03,04,05,06,13,15,29,32,43,45,46,48,54,57,60,64,69,78,80
4/27/00,01,04,06,07,09,17,19,20,22,23,24,30,36,37,39,54,56,71,72,78
4/26/00,05,09,10,11,17,22,26,36,44,46,48,55,59,63,64,66,70,72,74,75
4/25/00,02,03,04,05,10,11,13,14,17,19,22,24,26,27,28,36,43,51,66,79
4/24/00,01,04,05,06,11,13,17,21,23,26,28,37,44,55,57,58,64,70,73,79
4/23/00,02,08,12,14,19,22,24,25,26,28,35,36,45,48,57,60,66,73,77,80
4/22/00,10,14,16,17,20,22,26,30,42,43,49,60,63,65,66,72,73,74,76,78
4/21/00,01,04,09,10,14,15,17,22,25,27,41,52,55,56,57,62,67,74,76,79
4/20/00,03,10,16,17,18,24,25,30,37,39,41,44,46,55,60,62,65,74,75,79
4/19/00,02,05,08,13,18,26,27,31,35,36,43,47,50,53,56,59,62,63,64,76
4/18/00,02,09,10,12,13,16,18,21,22,25,30,39,42,46,47,53,66,70,72,74
4/17/00,07,08,15,21,24,26,28,31,33,34,43,44,49,51,57,62,72,73,77,79
4/16/00,01,08,09,15,20,22,28,37,41,42,55,56,58,63,64,70,73,76,77,78
4/15/00,03,05,06,08,11,13,18,22,30,32,37,43,44,49,51,52,61,62,64,74
4/14/00,05,06,16,21,28,32,33,37,42,43,46,52,54,57,60,65,67,68,73,75
4/13/00,01,02,09,12,26,31,32,36,46,47,49,51,52,54,56,57,59,62,65,73
4/12/00,01,04,05,14,19,24,27,28,39,41,45,51,54,56,58,70,73,74,77,79
4/11/00,07,08,10,23,24,25,32,34,38,47,48,50,54,59,61,66,72,75,76,80
4/10/00,02,04,06,17,19,20,32,33,42,43,44,46,49,57,61,64,69,74,79,80
4/9/00,02,08,14,15,19,21,25,32,39,41,45,51,53,58,59,60,64,72,73,76
4/8/00,05,14,18,19,31,34,35,37,39,40,45,47,49,52,53,54,56,60,73,79
4/7/00,02,03,05,12,17,19,20,26,29,32,34,40,41,44,48,55,58,65,67,74
4/6/00,10,13,14,16,25,26,28,30,32,37,38,41,42,45,46,52,57,59,74,76
4/5/00,10,12,14,18,20,21,24,29,30,31,34,47,49,54,56,64,68,70,77,79
4/4/00,01,06,08,10,12,19,29,36,41,42,44,45,50,52,55,63,64,65,68,75
4/3/00,02,05,07,09,11,12,13,15,26,28,35,41,44,48,49,52,56,60,67,70
4/2/00,01,02,07,10,11,13,14,15,17,29,46,49,50,51,55,61,67,68,71,77
4/1/00,02,08,10,13,16,18,19,21,27,42,43,44,45,48,50,60,61,63,75,78
3/31/00,01,02,03,05,11,17,32,34,36,42,43,44,45,46,51,55,59,72,74,79
3/30/00,02,08,10,16,17,18,19,23,35,38,39,40,43,55,58,61,71,72,76,79
3/29/00,02,03,04,07,14,16,18,21,22,36,40,46,53,54,55,59,62,63,66,74
3/28/00,02,11,16,18,24,25,35,36,40,42,44,45,54,56,58,61,63,69,74,79
3/27/00,02,04,13,16,20,24,32,38,42,50,52,57,58,60,68,70,74,75,76,78
3/26/00,03,07,12,22,23,26,30,35,36,43,45,50,61,63,65,73,75,76,78,80
3/25/00,05,07,08,12,16,29,31,36,37,50,52,55,59,61,63,64,65,67,70,80
3/24/00,10,12,16,26,34,35,37,38,43,47,52,58,71,73,74,75,76,77,78,80
3/23/00,08,09,13,14,17,23,24,25,27,31,40,42,44,52,53,57,58,64,79,80
3/22/00,02,05,07,08,13,15,21,24,27,40,41,42,48,50,54,56,63,68,75,76
3/21/00,01,11,12,14,17,20,23,35,41,47,49,54,60,66,67,68,69,73,74,79
3/20/00,01,03,04,05,15,21,25,26,34,42,45,46,47,58,59,61,62,64,74,80
3/19/00,13,17,18,21,23,24,30,36,37,42,43,53,57,58,60,69,75,76,77,78
3/18/00,05,06,08,18,22,30,37,39,42,43,48,49,51,55,57,62,67,73,75,78
3/17/00,01,05,07,10,11,16,17,18,22,24,29,32,35,38,43,46,53,55,76,78
3/16/00,01,04,05,06,07,11,15,21,24,26,28,29,31,41,47,53,63,65,77,80
3/15/00,03,04,12,16,18,21,26,27,29,31,32,38,42,43,48,58,64,66,73,78
3/14/00,06,22,37,41,43,49,50,52,54,55,57,62,65,67,73,74,75,76,77,80
3/13/00,04,07,09,13,16,19,20,28,29,36,38,41,45,50,56,66,68,71,72,80
3/12/00,03,06,07,09,11,14,19,25,30,32,36,37,38,40,48,49,55,66,69,75
3/11/00,11,13,18,29,30,32,34,35,36,38,40,41,43,45,50,53,57,69,71,72
3/10/00,01,02,08,10,15,20,21,22,31,39,40,41,47,49,55,57,58,63,79,80
3/9/00,02,07,12,15,19,20,25,26,28,33,37,40,41,45,50,62,64,69,70,76
3/8/00,03,07,19,20,26,31,32,33,35,37,38,39,52,56,59,63,64,67,73,76
3/7/00,06,12,13,16,17,20,22,30,31,34,38,43,51,53,58,65,67,69,73,76
3/6/00,01,03,10,16,20,24,26,27,28,29,32,39,49,50,51,53,56,64,74,77
3/5/00,06,19,24,27,29,32,35,38,41,42,46,48,50,52,53,58,67,69,77,79
3/4/00,03,05,06,07,09,11,14,15,19,23,25,31,33,35,39,46,59,65,70,79
3/3/00,03,12,13,22,28,29,32,33,37,44,48,52,55,58,60,61,67,68,78,80
3/2/00,02,04,07,11,13,14,16,18,26,30,36,45,46,47,48,56,66,67,74,80
3/1/00,03,11,13,14,20,26,27,30,37,42,43,46,48,49,53,54,57,59,70,79
2/29/00,06,09,12,13,19,24,27,29,38,44,46,47,51,52,53,57,63,68,77,80
2/28/00,09,11,20,22,28,30,37,41,42,46,49,50,52,55,57,60,61,66,71,79
2/27/00,02,09,15,16,21,23,33,34,39,42,51,54,64,65,67,69,73,74,75,78
2/26/00,06,09,13,14,15,17,23,24,26,30,39,45,49,50,51,53,57,58,75,79
2/25/00,06,12,16,23,26,28,34,36,38,44,45,52,55,61,65,66,69,77,78,80
2/24/00,02,03,16,18,28,31,34,38,41,43,48,50,51,55,56,57,58,64,68,71
2/23/00,01,06,11,12,14,20,25,33,37,46,50,51,52,57,59,68,75,76,78,79
2/22/00,03,06,11,15,18,24,26,29,32,39,40,46,51,58,60,63,72,74,78,79
2/21/00,08,09,10,13,21,31,37,41,45,50,54,55,57,62,63,65,69,70,73,80
2/20/00,03,05,07,09,10,13,15,21,25,32,34,35,41,42,46,54,56,68,79,80
2/19/00,01,03,07,09,17,24,29,30,35,37,40,47,55,59,67,68,69,70,77,80
2/18/00,08,10,12,13,14,17,24,30,33,36,45,46,58,59,62,63,68,69,74,77
2/17/00,02,03,04,06,07,14,30,32,34,37,39,40,41,42,47,48,54,59,71,76
2/16/00,02,03,07,08,16,18,31,32,34,37,38,39,41,44,45,47,57,59,62,74
2/15/00,02,03,10,21,22,23,25,28,41,43,44,45,48,56,64,69,71,72,73,79
2/14/00,02,03,05,10,15,22,26,29,31,35,36,40,50,57,62,66,68,69,74,78
2/13/00,03,04,10,11,13,15,16,19,22,29,32,37,39,44,46,58,72,73,76,80
2/12/00,08,11,19,20,22,29,41,42,43,50,51,53,61,65,69,71,72,77,79,80
2/11/00,04,06,13,19,20,21,27,28,29,33,34,36,38,53,55,58,60,63,65,68
2/10/00,07,08,20,25,26,37,41,43,47,52,53,58,59,63,65,68,69,70,77,79
2/9/00,01,02,03,05,09,14,26,36,39,42,49,50,53,59,61,63,65,70,74,77
2/8/00,04,07,09,10,11,12,19,22,26,29,30,31,34,40,48,56,58,66,74,80
2/7/00,16,20,23,24,29,31,39,41,43,46,49,51,52,53,60,64,65,70,73,78
2/6/00,02,07,13,15,18,20,22,23,24,31,44,45,48,55,58,61,62,64,69,80
2/5/00,01,02,03,05,07,11,19,25,31,34,35,40,41,45,55,59,65,69,75,77
2/4/00,03,04,07,12,16,17,18,20,22,23,24,38,45,49,52,54,55,58,74,80
2/3/00,01,02,06,09,22,26,27,32,41,43,45,50,53,56,60,61,65,74,75,80
2/2/00,06,07,12,25,29,32,34,35,41,50,52,54,57,61,63,67,71,73,75,78
2/1/00,07,08,10,16,24,29,33,34,40,41,43,44,45,49,51,53,57,69,73,77
1/31/00,05,11,12,13,15,23,33,34,35,41,53,55,63,65,69,70,77,78,79,80
1/30/00,04,10,12,15,19,22,29,32,41,42,45,50,56,57,58,68,72,75,78,80
1/29/00,02,05,08,09,13,16,17,23,26,29,32,34,38,45,49,50,61,65,66,78
1/28/00,02,09,11,24,30,32,33,34,36,38,48,49,52,53,62,64,67,70,72,76
1/27/00,06,08,10,12,14,16,31,32,33,36,40,46,50,56,61,63,70,76,77,78
1/26/00,02,13,18,21,22,23,25,28,33,34,36,37,38,46,49,51,68,71,75,76
1/25/00,02,05,14,21,28,29,31,32,34,38,42,48,54,55,61,63,66,67,73,80
1/24/00,01,12,13,16,25,30,32,33,39,47,48,51,55,56,58,60,69,70,71,72
1/23/00,01,03,06,08,26,29,32,37,41,47,50,52,54,56,57,59,64,69,77,80
1/22/00,02,03,07,09,13,18,23,31,32,34,35,38,42,48,50,55,58,74,78,79
1/21/00,01,09,10,11,13,15,21,22,28,31,35,42,45,52,54,60,61,63,67,75
1/20/00,02,04,05,07,11,15,18,19,23,26,34,39,43,48,53,64,65,73,78,80
1/19/00,02,08,11,14,15,17,19,22,26,32,33,41,47,63,64,65,68,70,73,76
1/18/00,03,12,13,25,27,28,35,36,50,54,56,57,59,64,66,68,69,73,76,77
1/17/00,04,05,06,17,18,25,26,31,32,37,51,52,58,59,60,63,71,75,77,80
1/16/00,03,05,08,11,16,17,19,20,33,42,45,61,62,63,70,71,72,75,79,80
1/15/00,07,08,15,21,25,26,34,38,40,41,44,48,51,54,55,67,69,72,76,78
1/14/00,15,16,22,34,36,37,38,41,43,47,49,50,51,53,57,61,68,69,70,76
1/13/00,03,05,06,08,09,12,13,15,16,18,19,22,23,31,36,38,52,54,58,63
1/12/00,05,06,10,11,18,25,26,34,38,40,41,43,52,58,65,67,70,73,76,80
1/11/00,04,05,10,14,15,21,22,24,27,30,36,43,54,57,58,62,66,69,71,74
1/10/00,05,09,10,11,14,19,20,24,33,37,39,41,51,58,66,71,73,74,76,79
1/9/00,01,04,06,12,13,14,27,32,36,38,39,42,43,47,48,49,58,62,64,76
1/8/00,01,03,05,06,07,08,09,11,22,24,31,34,39,41,50,52,57,58,60,67
1/7/00,08,12,14,19,28,31,33,34,37,40,41,44,45,57,58,63,67,68,70,80
1/6/00,06,15,22,23,26,29,31,32,40,41,49,50,55,57,58,61,62,64,65,79
1/5/00,08,13,16,17,19,20,30,31,33,35,45,46,54,56,66,70,72,74,76,78
1/4/00,02,09,16,19,21,26,35,37,40,48,49,52,58,59,60,63,64,69,73,77
1/3/00,03,04,05,07,16,17,18,22,29,31,35,37,39,42,60,62,68,72,75,76
1/2/00,01,04,05,11,12,14,22,26,38,41,47,50,54,55,63,67,69,75,76,78
1/1/00,05,12,15,17,18,24,27,34,36,37,38,39,45,51,56,60,62,67,71,80
12/31/99,06,08,11,13,16,17,19,24,32,48,52,53,58,59,64,70,71,73,77,78
12/30/99,12,13,15,17,21,27,29,34,36,37,38,42,54,55,57,61,70,72,75,79
12/29/99,01,11,15,22,24,30,32,35,37,38,40,41,42,46,49,60,66,70,72,77
12/28/99,04,07,10,12,16,18,23,32,36,40,46,49,59,60,63,65,69,75,78,80
12/27/99,02,07,18,21,23,27,31,34,37,39,40,46,50,54,55,59,64,69,72,73
12/26/99,06,10,14,18,19,25,30,46,50,52,53,54,59,60,62,63,64,65,69,70
12/24/99,04,10,17,18,22,25,30,44,50,51,56,57,58,59,69,71,72,73,75,77
12/23/99,11,15,24,26,27,31,34,37,38,40,41,44,47,54,57,68,69,70,72,77
12/22/99,03,06,09,10,20,25,26,48,50,51,53,55,56,57,59,66,70,72,73,80
12/21/99,04,15,17,23,30,32,33,42,44,48,51,53,54,55,56,64,65,69,77,80
12/20/99,03,04,11,13,15,16,20,21,30,34,40,45,49,50,61,62,63,72,76,79
12/19/99,16,19,21,22,24,25,26,29,31,34,40,54,56,59,61,63,70,72,73,78
12/18/99,06,10,12,16,20,21,25,31,32,38,39,41,42,43,45,51,53,59,64,70
12/17/99,04,07,09,15,19,22,23,25,32,45,47,52,56,63,64,65,67,69,71,76
12/16/99,01,10,11,19,22,32,36,37,38,42,44,45,46,53,54,59,61,65,69,80
12/15/99,02,07,09,23,25,29,38,39,43,48,49,52,54,58,64,68,71,76,78,80
12/14/99,01,09,10,18,19,21,22,23,28,34,35,42,50,52,55,57,63,64,67,79
12/13/99,05,25,30,35,37,38,39,43,44,46,50,53,61,68,69,71,72,73,75,79
12/12/99,01,07,09,11,28,30,34,38,46,47,49,51,60,61,65,67,69,70,72,73
12/11/99,01,13,15,17,20,21,28,46,50,52,53,55,56,58,65,67,71,73,78,79
12/10/99,02,10,11,25,26,31,32,35,41,49,51,54,56,64,65,68,69,72,74,78
12/9/99,01,04,06,19,23,26,27,28,30,32,38,39,42,44,45,48,57,63,70,74
12/8/99,06,12,15,18,22,31,34,40,42,43,44,53,54,59,60,63,64,72,73,75
12/7/99,01,03,10,14,15,19,20,21,25,27,29,32,51,57,65,67,73,74,76,79
12/6/99,07,11,12,22,23,28,29,38,42,43,46,48,49,50,58,61,67,68,79,80
12/5/99,06,07,11,12,13,14,16,23,28,42,45,48,52,58,59,66,71,77,78,79
12/4/99,01,03,15,16,20,22,25,37,39,47,50,52,53,57,62,66,68,75,78,79
12/3/99,02,05,06,07,09,11,20,31,32,34,36,43,45,52,54,58,60,63,65,77
12/2/99,02,03,04,05,06,16,18,27,28,30,33,34,51,52,58,61,63,64,70,80
12/1/99,02,06,08,10,16,17,18,20,21,27,36,38,40,41,47,54,59,61,69,80
11/30/99,03,05,07,21,24,29,32,41,44,47,52,56,63,66,68,69,71,75,77,80
11/29/99,06,08,10,11,13,21,24,25,26,27,32,33,40,46,48,58,63,65,73,80
11/28/99,01,07,10,11,14,25,27,30,38,39,47,53,54,55,62,68,71,72,74,80
11/27/99,03,05,12,15,17,24,27,32,33,34,37,40,41,45,50,55,63,68,70,71
11/26/99,07,12,19,27,32,34,36,37,40,42,43,46,50,54,56,57,67,69,72,77
11/25/99,03,05,13,14,15,17,18,21,23,25,27,33,36,43,46,57,58,63,74,80
11/24/99,03,14,15,16,18,23,24,28,29,40,42,44,46,47,62,65,70,74,76,79
11/23/99,08,09,19,21,31,32,36,37,38,46,47,50,52,55,64,66,67,69,71,79
11/22/99,03,04,08,09,12,14,15,23,42,47,49,51,53,55,57,60,62,63,73,75
11/21/99,05,10,12,19,21,25,29,36,40,41,44,45,46,52,56,58,60,69,72,80
11/20/99,01,04,07,08,09,15,17,19,28,35,36,37,44,47,49,52,57,60,69,79
11/19/99,05,11,16,19,20,21,25,29,33,42,43,44,49,51,52,57,71,74,75,77
11/18/99,02,04,09,16,22,26,27,30,31,33,34,36,44,51,52,53,54,59,69,72
11/17/99,07,09,10,12,14,19,24,30,31,32,42,53,54,55,56,59,63,68,70,75
11/16/99,03,04,05,06,08,12,30,31,34,35,37,43,44,48,52,54,55,57,63,72
11/15/99,02,10,11,14,15,28,30,37,43,44,45,50,59,64,68,69,71,72,75,76
11/14/99,01,04,07,15,16,21,39,40,45,49,51,55,57,58,62,65,71,72,75,76
11/13/99,03,07,14,19,25,26,27,29,35,40,42,43,44,47,53,61,71,72,73,80
11/12/99,06,07,08,09,10,11,18,23,25,26,31,35,38,43,57,60,68,70,76,80
11/11/99,02,08,09,14,23,25,26,28,31,33,39,58,59,66,68,69,73,74,75,78
11/10/99,04,07,14,15,20,23,28,30,32,34,43,48,49,54,55,60,62,63,64,76
11/9/99,03,04,05,08,16,17,18,21,24,32,37,41,42,51,54,60,61,73,77,80
11/8/99,02,05,09,13,16,20,24,30,35,43,44,50,51,58,59,65,69,72,73,77
11/7/99,01,02,03,05,15,16,17,20,22,28,30,31,39,44,46,64,65,73,79,80
11/6/99,04,10,16,19,20,25,26,30,31,33,35,42,49,54,56,75,76,78,79,80
11/5/99,01,03,04,08,10,12,20,28,29,46,50,55,58,62,66,71,74,75,78,80
11/4/99,04,05,06,08,11,14,21,24,32,41,46,48,49,54,61,66,69,74,77,79
11/3/99,01,02,06,09,13,23,24,28,32,33,35,43,48,53,64,71,73,75,77,79
11/2/99,01,03,06,11,14,34,38,43,44,45,46,49,50,52,54,57,58,60,66,69
11/1/99,02,14,16,17,22,27,28,33,36,45,47,48,52,54,55,61,65,68,71,79
10/31/99,01,02,17,18,21,24,26,31,34,37,38,43,47,54,55,56,66,69,71,72
10/30/99,02,04,11,15,16,17,20,30,35,47,48,51,55,57,63,65,73,74,79,80
10/29/99,05,08,12,18,21,22,26,32,41,42,48,53,54,57,58,61,63,64,68,73
10/28/99,07,09,11,13,14,19,22,25,28,30,37,38,44,47,51,58,59,68,69,79
10/27/99,05,09,12,15,18,19,20,22,24,27,38,40,41,45,47,58,68,76,79,80
10/26/99,03,06,12,25,26,30,32,35,36,37,45,47,51,57,65,67,69,72,74,79
10/25/99,04,07,14,16,18,22,24,25,28,33,39,45,48,55,57,61,65,76,78,80
10/24/99,13,14,19,22,24,26,28,29,31,33,37,51,54,55,64,67,70,76,78,80
10/23/99,01,08,22,29,30,34,35,41,46,48,50,52,57,59,63,65,66,67,73,75
10/22/99,01,02,14,15,17,20,21,23,24,27,28,29,30,36,45,49,52,60,65,76
10/21/99,02,04,10,11,12,13,14,21,25,29,32,33,34,38,61,62,65,67,74,77
10/20/99,04,05,07,11,13,18,21,26,28,29,37,38,40,55,56,60,61,67,78,79
10/19/99,11,13,16,18,20,30,37,39,40,42,44,48,56,57,64,65,66,70,74,79
10/18/99,01,02,06,10,14,17,19,21,37,44,45,53,57,61,63,64,66,72,73,74
10/17/99,11,21,26,32,34,35,39,41,46,47,48,50,54,58,65,67,72,73,78,80
10/16/99,01,02,08,16,20,21,27,35,39,40,42,48,51,53,61,64,70,71,74,77
10/15/99,03,07,11,12,27,33,39,40,41,49,51,52,54,55,59,63,64,69,72,73
10/14/99,01,02,16,17,21,30,35,36,37,38,48,53,57,58,64,65,69,74,78,79
10/13/99,02,06,07,10,16,19,22,24,29,30,39,43,54,57,63,68,75,76,77,78
10/12/99,04,10,23,26,29,39,48,49,50,52,54,55,57,63,64,70,72,76,78,80
10/11/99,01,05,07,08,09,14,18,28,29,33,41,43,50,53,54,56,58,63,70,75
10/10/99,01,03,04,08,10,14,16,23,28,29,31,42,45,49,57,58,68,69,76,77
10/9/99,06,14,15,16,22,30,34,39,42,44,45,48,50,52,55,60,66,67,72,75
10/8/99,02,03,04,09,10,13,16,20,21,25,34,37,40,45,46,48,49,65,66,76
10/7/99,01,02,07,09,11,15,17,22,24,27,30,39,43,44,46,49,60,76,78,79
10/6/99,02,04,08,19,25,26,29,31,32,34,35,42,60,66,69,71,72,76,77,80
10/5/99,03,04,06,14,18,20,22,29,31,32,33,35,39,51,52,53,55,61,73,78
10/4/99,02,07,11,12,17,29,31,39,41,42,46,50,52,55,68,70,71,75,76,80
10/3/99,02,05,11,14,15,22,27,30,36,44,46,47,49,53,58,62,63,72,73,74
10/2/99,04,07,10,12,21,26,27,31,32,35,41,47,50,54,55,58,60,67,79,80
10/1/99,01,06,08,13,19,21,25,26,27,33,35,36,40,42,44,49,59,67,71,75
9/30/99,01,05,07,10,14,19,28,38,40,46,48,49,50,51,52,53,56,73,75,78
9/29/99,02,06,12,17,18,25,26,34,38,40,41,48,60,61,62,64,65,66,67,76
9/28/99,01,02,03,05,08,09,13,14,17,30,36,41,47,57,64,68,70,71,72,80
9/27/99,08,10,12,13,15,22,29,31,35,51,53,54,56,57,58,66,71,73,75,76
9/26/99,02,08,11,14,15,19,22,30,32,36,40,44,46,47,57,60,65,67,72,74
9/25/99,01,05,11,16,18,19,21,24,29,35,36,43,47,49,54,55,57,66,69,74
9/24/99,03,06,16,22,24,25,26,28,32,33,36,39,45,54,63,66,67,68,78,80
9/23/99,03,12,19,20,22,23,24,25,29,30,31,32,39,42,43,49,55,66,70,71
9/22/99,01,09,10,11,12,13,21,25,27,33,36,44,46,49,50,53,61,68,70,75
9/21/99,11,12,15,17,18,24,38,45,49,53,54,58,61,63,64,65,67,69,76,79
9/20/99,09,10,12,22,23,27,29,30,32,36,44,45,51,54,59,62,69,70,73,80
9/19/99,02,03,13,18,20,30,34,36,45,46,52,55,56,61,62,68,71,74,77,78
9/18/99,06,07,08,11,16,20,23,31,32,42,53,55,58,63,64,67,69,74,78,79
9/17/99,05,07,08,15,20,21,28,34,39,41,51,55,56,57,60,63,65,70,75,78
9/16/99,02,05,15,16,17,19,22,25,27,31,37,40,41,49,51,57,59,63,70,76
9/15/99,01,04,11,12,13,15,22,23,29,30,37,40,41,61,64,65,66,69,76,77
9/14/99,03,05,07,12,17,18,22,25,29,41,42,46,48,52,56,59,64,66,71,80
9/13/99,12,13,15,21,22,23,25,26,33,34,36,38,40,46,50,56,58,59,60,80
9/12/99,01,02,05,07,10,11,18,20,33,36,37,41,48,50,55,60,61,68,73,78
9/11/99,03,04,16,26,27,30,31,36,41,44,45,49,54,55,57,63,65,70,71,77
9/10/99,04,05,06,08,09,14,25,36,40,41,42,43,45,46,54,56,57,70,74,75
9/9/99,12,15,16,20,24,25,26,32,38,45,46,48,53,57,58,65,67,69,74,75
9/8/99,02,05,06,16,18,24,26,27,30,39,51,54,56,57,62,63,68,69,71,80
9/7/99,01,05,13,15,17,23,25,29,33,34,37,47,55,60,67,71,76,77,78,79
9/6/99,08,12,13,17,19,26,30,35,37,38,39,43,49,53,58,61,71,72,77,78
9/5/99,01,10,13,23,31,33,34,41,42,47,49,57,61,64,66,68,71,73,77,80
9/4/99,05,09,14,17,22,30,31,34,37,49,51,54,58,62,65,72,74,77,79,80
9/3/99,02,05,07,11,12,15,18,26,34,36,39,40,42,43,49,55,57,59,76,79
9/2/99,03,07,11,15,16,22,26,34,37,38,47,53,54,55,63,64,66,74,75,76
9/1/99,10,11,18,25,31,32,34,40,43,45,47,55,59,61,63,65,76,77,79,80
8/31/99,05,14,15,16,17,20,21,24,26,28,31,34,43,51,58,61,62,64,65,67
8/30/99,05,06,08,12,18,27,33,35,36,37,43,45,47,51,52,54,67,74,76,77
8/29/99,11,14,16,19,20,21,36,39,40,44,46,48,52,53,55,56,60,62,63,75
8/28/99,10,15,19,21,27,31,40,42,46,48,51,58,59,61,67,68,70,73,79,80
8/27/99,05,09,14,20,25,28,36,39,43,50,51,54,57,58,66,71,75,78,79,80
8/26/99,06,10,19,23,29,30,34,40,45,46,47,49,58,63,65,66,68,70,73,75
8/25/99,02,03,11,18,19,21,23,25,26,27,29,39,40,47,54,60,67,71,74,78
8/24/99,01,02,07,16,22,27,28,29,30,38,39,40,46,47,48,49,51,56,59,65
8/23/99,03,08,09,11,13,17,18,19,20,28,41,49,54,66,68,71,72,75,79,80
8/22/99,06,09,18,21,29,34,37,42,47,53,54,59,65,67,68,73,74,75,76,79
8/21/99,01,02,06,08,10,11,16,32,33,35,41,44,58,63,64,70,71,72,73,75
8/20/99,02,10,12,13,22,23,25,30,31,33,37,44,49,58,60,63,65,66,67,72
8/19/99,07,13,16,18,19,21,22,24,25,26,33,34,35,36,37,38,46,52,65,78
8/18/99,02,03,05,08,09,13,19,24,34,37,38,50,54,56,57,60,66,75,77,80
8/17/99,08,12,18,22,23,24,27,29,30,31,34,39,44,48,58,72,74,76,77,78
8/16/99,01,10,14,19,24,28,31,32,35,37,40,42,47,52,55,62,64,73,76,77
8/15/99,01,02,10,20,22,23,29,36,44,45,51,52,57,58,65,66,69,74,75,80
8/14/99,03,08,10,15,19,21,22,23,24,37,38,41,48,49,51,52,54,58,71,72
8/13/99,14,16,17,21,25,30,31,42,43,44,48,50,56,57,59,63,67,74,77,79
8/12/99,14,16,17,22,23,27,43,44,45,51,52,54,58,60,63,66,70,71,72,74
8/11/99,03,04,08,15,16,18,20,25,27,28,32,37,39,53,56,59,62,74,75,79
8/10/99,02,13,15,21,29,40,41,45,51,52,54,58,60,61,63,65,71,74,76,77
8/9/99,04,05,08,12,23,24,30,31,36,42,43,46,56,57,58,60,62,70,71,80
8/8/99,03,09,14,19,24,25,26,30,34,40,41,42,52,54,55,58,61,68,70,72
8/7/99,04,05,06,10,12,14,22,23,26,28,31,38,41,49,54,58,64,74,78,80
8/6/99,04,16,18,22,32,34,37,42,43,51,52,53,59,61,66,67,70,73,74,76
8/5/99,01,03,07,12,16,19,24,33,37,40,44,48,58,59,60,63,67,76,79,80
8/4/99,03,06,07,11,12,13,14,18,19,22,26,35,51,52,58,66,69,76,77,78
8/3/99,06,08,13,16,19,20,23,24,25,26,34,36,39,43,48,61,62,64,70,78
8/2/99,05,06,10,16,17,25,33,37,43,44,46,48,50,58,59,61,66,70,74,75
8/1/99,08,09,15,19,21,23,24,26,27,30,37,38,47,60,62,66,69,70,72,74
7/31/99,04,08,12,13,14,18,20,28,32,36,41,43,53,57,60,62,63,64,68,77
7/30/99,01,02,04,06,14,18,24,28,36,41,48,51,53,54,62,63,64,73,78,80
7/29/99,02,04,07,09,12,14,19,22,28,39,41,47,53,54,57,62,64,66,77,78
7/28/99,02,05,06,09,17,18,19,21,26,31,35,40,42,47,52,56,64,66,71,79
7/27/99,09,13,14,15,24,25,28,32,37,40,41,43,47,48,58,61,62,66,72,76
7/26/99,02,07,08,13,15,16,25,30,31,39,42,43,45,48,50,58,60,62,66,70
7/25/99,02,09,12,20,21,24,36,39,41,43,45,47,53,60,61,65,66,71,72,76
7/24/99,01,07,10,17,20,21,32,36,44,45,52,55,62,65,67,68,69,72,73,78
7/23/99,04,05,09,15,17,19,33,34,37,49,54,56,58,62,64,70,72,77,79,80
7/22/99,03,08,26,28,29,33,36,43,47,50,52,59,60,63,64,65,67,71,73,75
7/21/99,06,13,15,19,20,45,49,57,59,62,65,66,67,69,70,75,77,78,79,80
7/20/99,02,12,17,18,21,23,24,29,30,36,44,53,54,59,62,70,72,73,76,80
7/19/99,01,03,04,07,13,15,18,19,23,34,41,42,49,52,54,62,74,76,77,79
7/18/99,01,06,08,15,16,19,31,34,42,44,47,52,54,59,69,72,73,74,77,80
7/17/99,13,20,22,23,24,25,27,32,37,39,40,52,53,58,59,61,62,65,69,78
7/16/99,01,03,14,23,31,39,44,48,54,57,60,63,64,65,68,69,70,71,72,77
7/15/99,01,02,03,11,19,22,27,29,31,32,34,43,55,56,60,65,66,74,77,80
7/14/99,05,10,11,12,13,15,22,37,38,44,46,48,49,51,59,63,65,68,72,77
7/13/99,04,08,09,11,14,18,21,25,27,42,47,48,59,61,62,63,68,73,75,77
7/12/99,13,14,18,23,24,28,34,35,41,48,49,56,57,61,63,64,66,74,75,77
7/11/99,04,10,14,18,19,20,28,41,42,44,48,51,58,63,70,72,75,77,78,79
7/10/99,02,17,18,20,22,24,27,29,33,34,35,41,42,43,45,47,55,56,76,79
7/9/99,01,05,08,09,12,18,22,27,34,35,54,56,59,64,68,73,75,76,79,80
7/8/99,01,04,09,10,13,18,27,29,31,34,43,44,54,60,61,69,70,71,73,76
7/7/99,05,07,08,10,11,13,18,19,28,35,39,44,46,60,61,62,63,64,68,80
7/6/99,05,08,12,15,17,18,19,29,31,35,36,45,50,51,54,58,59,72,77,78
7/5/99,03,04,05,08,09,11,17,18,19,21,24,30,32,36,53,57,68,70,72,76
7/4/99,04,09,13,15,16,21,25,28,37,41,44,47,50,53,54,62,67,73,74,79
7/3/99,04,15,16,19,21,23,32,36,41,43,45,48,55,57,63,65,66,70,72,74
7/2/99,02,11,13,16,21,25,29,35,37,39,41,42,44,49,50,51,63,65,68,74
7/1/99,13,14,15,17,20,27,32,42,44,48,50,53,60,61,62,66,68,71,74,80
6/30/99,06,16,18,19,21,29,30,32,33,35,48,52,55,58,61,66,70,71,73,79
6/29/99,01,06,07,10,18,28,31,32,35,38,42,46,47,48,50,51,52,70,76,80
6/28/99,04,06,11,16,18,20,21,29,40,46,47,49,53,56,60,61,64,71,73,75
6/27/99,02,10,12,16,23,26,32,33,37,43,46,53,55,57,58,62,68,69,75,78
6/26/99,04,14,15,17,18,22,24,30,31,40,43,45,48,57,64,66,68,71,74,79
6/25/99,01,03,06,09,12,14,21,23,28,36,39,42,45,52,53,56,64,65,70,79
6/24/99,01,08,25,27,31,35,36,42,44,45,46,49,52,55,58,64,66,70,71,74
6/23/99,02,03,05,15,16,26,30,41,43,48,49,52,56,58,60,61,65,68,72,75
6/22/99,03,04,09,13,15,31,34,40,45,54,57,58,61,67,72,73,74,75,77,78
6/21/99,01,05,12,17,19,26,32,35,36,41,46,47,48,49,57,64,68,71,72,79
6/20/99,04,05,07,10,11,17,18,19,33,35,38,40,44,45,51,68,71,73,75,78
6/19/99,04,07,10,13,19,21,27,34,36,37,38,40,41,43,44,48,51,55,56,60
6/18/99,09,11,14,16,19,21,23,25,27,29,30,31,33,36,41,45,51,54,60,80
6/17/99,02,10,11,14,21,24,26,38,39,42,44,45,53,56,64,70,74,75,76,77
6/16/99,15,16,21,26,28,30,34,41,44,47,52,53,57,59,66,74,75,77,78,80
6/15/99,03,06,09,10,18,20,21,27,34,39,41,44,45,48,49,59,61,65,68,71
6/14/99,04,09,10,14,16,21,22,26,28,30,38,42,43,48,53,60,67,72,73,80
6/13/99,01,04,10,11,12,14,18,30,31,32,33,41,48,51,52,56,66,68,69,78
6/12/99,01,09,10,14,17,21,31,38,44,47,53,57,58,61,68,69,70,75,78,80
6/11/99,02,03,04,09,10,12,24,25,26,29,30,36,41,43,44,49,53,63,66,74
6/10/99,05,12,19,24,29,36,39,43,48,49,51,54,55,57,63,64,70,73,77,80
6/9/99,02,10,13,16,28,29,31,41,43,44,49,51,53,54,61,64,69,70,71,74
6/8/99,17,18,25,27,31,33,36,37,42,48,51,55,56,57,58,63,65,69,72,74
6/7/99,02,06,12,25,26,32,33,37,40,42,43,44,46,48,50,55,63,65,69,77
6/6/99,02,09,10,13,14,15,16,18,26,34,36,45,52,53,54,60,66,74,76,78
6/5/99,01,03,07,19,20,22,27,36,39,41,43,47,48,51,57,59,63,65,68,69
6/4/99,02,05,12,13,16,17,18,19,26,29,30,38,43,45,54,61,71,72,75,78
6/3/99,07,12,20,21,25,28,29,35,37,50,54,57,60,62,63,64,70,71,78,80
6/2/99,02,03,10,17,25,26,32,41,44,48,51,58,61,64,65,66,69,71,73,76
6/1/99,01,08,11,14,15,19,22,24,29,34,39,48,52,53,54,59,64,74,78,79
5/31/99,06,07,08,12,18,19,23,30,44,47,48,49,55,56,65,67,70,71,73,75
5/30/99,01,03,06,07,11,12,19,28,30,38,42,44,45,47,54,56,63,64,67,69
5/29/99,02,05,07,10,17,30,33,34,42,43,44,48,58,61,64,70,74,78,79,80
5/28/99,06,07,13,16,17,18,19,22,23,27,29,36,40,42,47,50,55,63,66,78
5/27/99,07,08,13,17,20,30,37,39,40,43,48,51,60,61,66,69,70,71,76,79
5/26/99,02,04,05,09,11,13,15,16,20,24,27,38,44,50,52,53,64,72,75,77
5/25/99,03,07,13,19,21,25,26,27,29,37,40,43,47,53,58,62,65,67,73,75
5/24/99,03,04,08,14,22,31,33,35,39,43,45,50,55,57,62,66,68,70,75,76
5/23/99,10,24,25,26,28,38,40,51,55,56,58,60,64,65,66,67,73,77,78,80
5/22/99,05,14,19,23,25,27,29,33,41,45,49,55,57,58,62,63,70,71,75,77
5/21/99,02,07,09,13,15,16,17,21,24,36,40,47,50,54,56,59,65,73,77,79
5/20/99,03,04,07,12,13,18,28,30,33,36,42,43,46,49,53,62,65,66,70,71
5/19/99,03,06,09,10,12,14,15,23,31,35,43,48,55,56,57,62,64,73,75,76
5/18/99,04,05,11,12,23,24,26,27,28,51,54,58,60,63,64,65,68,75,77,78
5/17/99,01,02,03,09,12,13,20,21,22,23,28,32,35,37,56,68,71,77,78,79
5/16/99,01,03,09,12,14,16,24,28,30,31,32,33,39,41,44,46,52,60,71,72
5/15/99,01,02,03,06,15,17,19,21,28,31,32,43,44,45,48,50,67,68,69,70
5/14/99,02,07,08,16,23,24,32,37,38,41,47,54,56,57,58,60,64,70,72,75
5/13/99,01,07,10,18,21,23,27,28,38,45,46,47,49,52,54,64,67,73,78,80
5/12/99,01,02,05,06,09,10,18,21,28,34,35,41,46,53,59,64,66,74,75,78
5/11/99,03,10,12,20,21,23,27,28,29,30,31,32,41,51,53,54,69,70,78,80
5/10/99,08,10,17,26,33,36,40,41,44,45,47,50,51,53,54,55,58,69,70,76
5/9/99,01,04,06,11,12,18,20,28,34,40,42,43,44,46,47,50,60,64,79,80
5/8/99,01,08,10,13,22,25,26,28,32,34,39,40,45,47,50,54,56,57,63,64
5/7/99,02,03,08,09,10,11,17,22,30,31,35,38,47,51,60,65,67,69,77,80
5/6/99,01,02,05,08,17,20,22,24,25,28,29,30,32,43,47,56,61,63,68,71
5/5/99,01,05,10,15,19,21,22,24,28,30,35,41,47,48,49,58,64,73,77,78
5/4/99,01,06,14,20,22,24,25,26,30,31,32,40,43,48,51,56,63,66,71,77
5/3/99,02,05,10,22,26,30,35,37,40,44,45,47,50,51,53,66,68,72,75,76
5/2/99,07,11,21,23,24,28,38,43,45,48,51,56,65,66,67,68,71,75,77,79
5/1/99,13,16,17,23,27,29,30,37,38,47,50,52,62,63,64,66,68,74,77,79
4/30/99,06,09,11,12,18,25,26,29,35,37,46,51,53,56,57,62,64,72,74,79
4/29/99,05,08,11,18,23,28,34,35,45,46,48,52,58,64,65,66,67,68,72,80
4/28/99,02,07,11,15,23,24,25,29,33,36,37,40,41,43,49,58,61,67,79,80
4/27/99,06,07,09,11,12,15,20,21,23,28,30,37,42,47,48,50,58,62,68,79
4/26/99,10,13,17,21,23,36,37,41,44,49,52,55,62,63,69,71,72,73,75,76
4/25/99,02,03,04,06,08,14,16,18,25,28,33,39,44,45,47,49,68,71,75,79
4/24/99,02,05,07,12,13,14,20,24,27,29,33,36,41,50,54,55,56,59,65,77
4/23/99,07,08,11,16,23,29,34,44,49,51,52,56,57,60,68,69,70,71,77,79
4/22/99,08,10,14,20,21,22,23,31,40,44,48,49,55,56,59,66,71,75,79,80
4/21/99,05,13,14,15,18,24,31,33,34,35,36,37,38,40,45,51,56,64,65,66
4/20/99,03,07,13,14,15,18,20,26,28,29,31,39,43,44,47,54,55,57,71,80
4/19/99,01,09,10,12,13,14,22,23,33,42,46,51,52,61,67,71,72,75,76,77
4/18/99,05,07,14,17,18,20,22,33,36,37,42,43,46,47,59,60,65,68,71,79
4/17/99,01,03,06,11,14,16,17,25,28,29,33,36,37,38,54,59,69,73,76,77
4/16/99,03,04,05,06,11,25,28,34,40,41,44,50,53,55,68,71,73,74,76,79
4/15/99,02,07,12,14,20,21,24,40,41,46,48,49,51,52,56,61,68,70,71,73
4/14/99,01,03,04,09,11,17,23,25,33,35,48,55,60,62,63,68,70,75,78,79
4/13/99,03,05,09,12,17,24,25,28,31,35,36,37,40,46,50,54,59,64,74,78
4/12/99,03,06,08,12,14,15,16,21,33,40,43,52,53,54,56,58,61,67,69,79
4/11/99,06,09,12,13,15,16,17,19,24,25,29,32,35,39,52,55,62,76,78,80
4/10/99,01,02,13,16,24,25,27,32,33,37,45,48,50,51,55,65,67,71,72,75
4/9/99,09,12,18,22,25,27,28,31,38,39,42,46,49,51,59,61,63,64,76,79
4/8/99,04,07,08,16,17,18,20,23,33,34,43,46,48,49,55,56,59,68,69,75
4/7/99,06,07,18,19,22,23,31,32,33,42,43,44,47,52,54,55,57,58,65,70
4/6/99,05,11,15,18,21,22,23,26,30,31,40,42,51,54,58,61,64,65,73,74
4/5/99,03,05,06,08,11,15,16,26,30,31,34,35,42,52,60,63,64,66,70,79
4/4/99,17,21,24,27,29,32,34,38,40,41,46,49,50,52,59,64,70,71,75,77
4/3/99,01,04,05,08,10,18,19,21,22,33,34,35,38,41,51,56,69,71,72,79
4/2/99,02,10,17,21,22,28,29,32,40,49,52,53,56,57,60,62,63,67,75,77
4/1/99,01,09,11,14,22,31,35,36,38,39,43,46,52,53,57,58,59,61,71,79
3/31/99,09,12,14,15,20,27,29,32,33,44,45,51,54,55,59,60,65,66,67,72
3/30/99,12,13,16,39,42,43,46,49,53,55,58,59,60,61,62,70,72,76,77,78
3/29/99,03,08,09,14,29,31,37,39,42,45,48,56,57,58,67,69,71,75,79,80
3/28/99,02,08,19,20,21,28,34,39,40,44,46,54,59,65,66,67,71,72,73,75
3/27/99,05,06,09,19,23,35,37,38,43,45,48,50,52,55,60,62,63,66,70,75
3/26/99,01,03,07,10,21,28,31,37,39,41,42,43,49,51,58,61,65,67,76,78
3/25/99,01,06,10,16,18,20,25,26,33,39,50,54,56,59,63,68,69,70,75,78
3/24/99,08,11,14,17,18,20,23,36,38,39,40,44,45,48,50,56,58,68,70,72
3/23/99,09,12,13,18,21,24,25,32,34,40,47,49,51,52,53,58,62,63,68,74
3/22/99,01,07,14,18,24,25,26,29,45,48,50,55,61,63,68,69,73,76,78,80
3/21/99,02,03,09,10,17,18,21,29,34,35,36,37,40,43,44,45,47,59,62,70
3/20/99,03,05,09,10,19,21,29,30,36,39,42,53,59,60,61,64,65,78,79,80
3/19/99,01,02,05,11,14,19,29,35,43,44,54,55,59,60,61,62,68,70,79,80
3/18/99,08,14,15,17,20,28,30,35,37,45,49,50,53,54,56,58,65,67,68,80
3/17/99,03,06,14,29,33,34,36,40,41,44,49,50,53,56,62,63,64,66,70,80
3/16/99,06,13,17,19,20,24,26,28,29,30,33,51,56,57,59,61,62,66,73,80
3/15/99,02,03,08,10,11,16,17,19,25,27,28,29,32,35,39,48,53,55,79,80
3/14/99,02,04,12,15,20,21,25,26,31,33,35,37,41,63,65,66,70,73,75,77
3/13/99,02,03,06,14,17,19,28,31,34,35,45,48,49,55,57,65,68,72,74,76
3/12/99,01,05,10,11,27,28,31,33,39,41,49,51,56,59,63,64,65,70,73,76
3/11/99,08,09,11,14,16,18,22,23,26,28,32,36,49,55,58,62,67,69,73,78
3/10/99,01,04,10,14,21,25,28,33,41,42,45,46,47,49,60,67,74,76,78,80
3/9/99,02,04,07,16,21,23,29,33,39,40,41,45,49,66,68,69,72,75,76,77
3/8/99,07,13,14,15,25,28,29,35,36,44,48,49,57,58,65,68,73,75,78,80
3/7/99,02,03,05,06,10,14,20,25,28,31,34,38,41,47,53,57,60,69,73,80
3/6/99,04,06,07,09,12,14,26,30,35,36,37,39,42,54,56,58,61,62,65,77
3/5/99,03,05,09,10,12,13,18,23,24,37,47,48,53,55,58,59,69,71,77,79
3/4/99,11,15,17,19,27,32,37,38,40,50,53,55,57,59,66,68,70,75,76,79
3/3/99,03,04,08,12,17,18,19,22,24,25,37,39,41,55,59,60,61,68,74,80
3/2/99,06,09,14,21,34,46,51,54,61,64,65,66,67,69,70,74,76,77,78,80
3/1/99,01,04,07,15,18,22,34,41,42,44,48,56,58,60,63,74,75,78,79,80
2/28/99,01,03,04,11,12,14,18,19,25,26,38,43,44,50,55,66,68,75,78,79
2/27/99,01,03,05,06,13,20,21,28,29,33,34,35,40,46,49,51,53,63,67,73
2/26/99,06,08,09,11,13,24,25,40,41,42,43,44,45,49,52,53,56,63,70,76
2/25/99,02,03,11,13,21,24,25,32,38,43,47,56,57,59,64,65,73,75,77,79
2/24/99,07,10,14,16,22,23,29,40,43,48,49,51,55,56,58,63,65,75,76,78
2/23/99,01,07,10,15,16,19,25,28,29,36,46,51,52,58,61,64,68,70,74,79
2/22/99,01,02,06,10,12,14,16,21,22,31,32,38,47,50,51,57,64,66,68,70
2/21/99,01,05,07,08,10,16,22,28,36,37,40,46,47,52,56,58,67,76,77,78
2/20/99,07,09,10,11,25,26,28,29,30,36,37,38,49,63,65,66,71,72,74,77
2/19/99,02,04,12,13,15,30,32,38,39,43,45,46,52,53,61,67,73,76,77,78
2/18/99,02,08,09,12,18,30,31,33,41,45,46,51,52,62,63,65,66,67,79,80
2/17/99,02,06,09,11,14,17,27,35,38,41,42,43,46,48,52,55,59,65,73,76
2/16/99,03,10,13,15,17,24,25,29,34,38,39,46,47,50,54,57,61,62,77,78
2/15/99,06,16,17,19,22,31,33,34,36,37,50,55,56,63,66,67,69,73,74,79
2/14/99,01,10,16,18,33,38,46,49,51,54,58,59,66,68,72,76,77,78,79,80
2/13/99,15,25,26,31,33,37,38,40,48,49,53,54,55,57,58,61,69,72,75,79
2/12/99,02,07,12,18,19,21,22,30,35,39,42,44,50,51,54,64,67,69,72,80
2/11/99,02,03,04,07,14,16,20,21,22,28,35,44,51,54,60,62,63,68,69,80
2/10/99,06,11,15,17,20,24,25,27,38,39,44,46,48,55,57,63,69,70,72,74
2/9/99,04,12,14,16,20,22,23,26,31,34,37,39,55,56,59,62,64,68,72,74
2/8/99,01,04,05,11,15,21,24,32,33,34,41,43,45,49,54,58,64,69,75,77
2/7/99,18,19,22,24,25,27,29,34,35,37,41,47,48,51,52,53,61,78,79,80
2/6/99,02,07,16,19,22,26,27,28,33,34,35,39,49,54,63,64,67,70,78,80
2/5/99,02,04,08,13,19,20,21,24,32,33,34,43,44,50,51,52,53,74,78,80
2/4/99,02,07,16,18,21,27,29,30,35,36,37,46,52,57,58,64,65,69,70,71
2/3/99,05,07,12,17,18,22,23,24,25,27,30,33,45,47,49,51,54,57,75,77
2/2/99,04,10,15,17,20,24,25,26,27,29,36,45,52,55,60,66,68,70,76,78
2/1/99,04,10,13,25,26,28,31,34,39,40,43,45,54,56,60,69,70,72,73,77
1/31/99,04,08,09,16,18,26,33,34,35,36,46,47,54,56,59,64,68,70,75,79
1/30/99,01,04,16,17,19,31,33,36,39,42,44,46,49,56,57,59,61,65,68,76
1/29/99,10,12,15,21,24,25,27,36,38,40,41,50,51,52,54,62,64,71,75,79
1/28/99,03,08,10,19,20,24,25,33,34,35,38,40,43,47,55,62,63,70,71,77
1/27/99,05,07,27,30,31,33,36,40,47,48,50,57,62,64,66,72,73,74,76,79
1/26/99,05,08,15,16,17,19,20,21,30,31,36,41,53,60,61,62,64,65,66,68
1/25/99,02,04,06,09,10,11,17,24,31,38,43,44,49,52,55,70,71,76,78,80
1/24/99,07,13,14,15,23,25,26,30,33,44,45,47,48,52,58,60,64,70,77,78
1/23/99,09,12,13,18,24,26,27,33,35,36,56,57,58,61,69,71,72,73,77,79
1/22/99,04,05,10,12,15,16,19,25,29,32,34,36,51,55,65,69,72,76,77,78
1/21/99,02,04,08,12,13,37,40,42,43,45,47,52,58,61,62,65,70,72,75,79
1/20/99,11,13,15,17,20,22,24,26,28,35,36,37,45,47,50,53,58,60,63,73
1/19/99,01,12,13,23,31,35,39,45,46,47,49,52,53,56,61,67,71,74,75,79
1/18/99,02,03,07,09,13,15,16,17,21,23,26,30,32,41,52,54,56,64,67,76
1/17/99,03,04,10,11,12,16,17,18,24,33,36,37,38,40,49,52,56,62,69,76
1/16/99,02,04,14,17,18,19,23,27,46,51,59,62,63,67,68,73,74,75,76,77
1/15/99,03,04,06,08,10,11,20,23,25,37,44,58,59,64,65,68,69,70,75,77
1/14/99,01,02,07,08,11,14,16,18,30,31,45,56,57,60,61,63,68,75,79,80
1/13/99,04,07,08,10,15,17,18,20,22,23,26,31,34,36,39,43,46,55,57,67
1/12/99,04,07,14,16,19,25,37,38,39,43,44,47,53,59,63,65,67,73,75,79
1/11/99,01,10,14,15,21,26,27,28,29,45,46,51,54,55,58,60,62,75,77,79
1/10/99,01,04,05,08,10,12,13,16,20,23,29,30,36,41,46,50,58,64,76,77
1/9/99,01,02,03,04,05,14,18,29,30,36,39,40,50,52,57,61,62,69,71,79
1/8/99,06,08,13,14,23,26,31,33,35,36,39,41,44,46,56,59,77,78,79,80
1/7/99,02,06,08,11,22,27,28,37,40,45,47,48,50,57,59,62,64,69,71,80
1/6/99,05,12,13,15,19,20,24,28,30,31,35,36,46,54,55,57,64,67,72,76
1/5/99,01,04,07,13,16,17,22,23,36,41,42,48,49,55,57,69,71,74,79,80
1/4/99,07,08,13,19,25,33,40,44,45,46,47,48,54,55,59,63,65,69,79,80
1/3/99,02,03,11,16,25,30,34,37,42,49,58,59,60,63,64,65,66,72,74,76
1/2/99,01,03,15,16,17,18,32,34,35,36,38,49,51,54,57,63,67,70,72,80
1/1/99,05,09,12,16,24,25,27,28,31,37,39,40,42,51,53,56,66,67,76,78
12/31/98,09,16,20,21,24,29,32,34,36,37,40,44,49,56,61,62,65,67,71,73
12/30/98,03,05,13,18,24,27,29,39,40,48,55,56,58,61,63,66,69,70,74,77
12/29/98,04,16,18,20,22,25,26,27,30,32,35,42,44,54,69,70,72,73,74,79
12/28/98,01,05,08,09,10,13,14,18,25,28,34,35,38,39,40,48,58,69,74,80
12/27/98,01,08,16,19,22,23,27,28,29,30,41,43,46,47,49,50,54,55,56,67
12/26/98,01,02,06,07,08,26,28,33,38,39,46,50,55,56,58,60,64,72,75,79
12/24/98,03,05,09,17,27,31,32,33,39,44,46,47,50,51,53,56,60,68,78,79
12/23/98,06,08,09,10,13,15,18,24,26,31,33,39,42,43,50,51,55,57,67,72
12/22/98,03,07,08,15,24,25,27,29,34,37,38,42,43,45,49,56,64,69,72,80
12/21/98,03,04,05,10,19,27,31,42,44,47,54,57,62,65,66,67,70,71,72,76
12/20/98,02,16,21,23,27,31,34,37,38,43,49,53,58,66,68,72,73,77,79,80
12/19/98,02,05,08,09,21,34,36,39,41,44,46,47,50,57,59,63,64,69,70,73
12/18/98,06,07,13,14,16,20,26,27,29,32,34,44,56,58,60,61,68,70,75,80
12/17/98,01,07,13,14,16,17,18,19,23,29,32,38,40,43,57,58,60,68,71,76
12/16/98,03,04,08,11,13,14,21,24,30,31,35,36,39,40,41,44,51,58,62,70
12/15/98,02,03,08,09,12,19,21,26,28,32,36,38,52,54,55,56,57,62,65,80
12/14/98,01,04,06,11,14,25,31,35,39,47,50,53,57,63,66,68,71,72,78,80
12/13/98,02,10,13,18,22,27,31,43,45,47,48,52,54,58,59,61,69,73,77,80
12/12/98,02,07,13,14,15,26,30,33,37,40,41,44,48,49,51,54,68,75,78,79
12/11/98,01,05,07,10,13,17,27,32,34,51,52,53,54,55,62,64,65,72,74,79
12/10/98,15,19,20,23,24,27,28,36,37,39,42,44,45,47,50,61,62,63,65,78
12/9/98,01,06,07,08,09,11,13,19,34,39,51,54,56,59,63,64,69,70,71,79
12/8/98,10,13,16,17,18,25,28,30,33,35,39,40,45,51,54,64,67,77,78,80
12/7/98,01,06,09,11,16,18,19,22,24,29,33,35,40,48,49,53,66,72,73,77
12/6/98,07,11,13,23,28,30,31,34,43,45,48,53,57,58,60,63,64,70,77,79
12/5/98,05,09,10,12,15,17,19,29,30,38,39,41,51,53,55,57,67,70,74,76
12/4/98,16,19,20,25,27,31,33,36,37,44,45,51,55,56,57,65,69,73,79,80
12/3/98,02,05,07,11,22,25,26,27,33,45,47,49,50,62,63,65,66,67,79,80
12/2/98,03,08,10,12,14,16,18,24,26,31,35,44,47,56,58,59,67,73,75,76
12/1/98,06,07,10,14,22,23,28,33,36,38,42,46,47,49,56,58,60,66,72,79
11/30/98,04,06,16,31,32,35,37,38,39,41,42,43,44,47,50,52,61,64,67,76
11/29/98,02,05,11,13,19,21,22,30,33,34,41,42,44,48,49,57,60,61,75,78
11/28/98,05,09,17,22,29,35,38,44,47,50,60,62,65,66,67,69,70,71,74,75
11/27/98,02,03,04,05,07,08,10,12,28,30,35,40,47,48,57,60,64,67,73,78
11/26/98,04,08,17,18,26,27,28,29,34,36,41,42,45,47,48,50,52,58,59,66
11/25/98,05,10,22,24,27,33,34,39,51,52,54,56,58,60,61,62,66,69,73,80
11/24/98,04,08,09,15,17,18,22,29,30,37,39,46,47,57,58,65,71,74,75,77
11/23/98,01,07,10,11,12,15,28,30,31,34,40,41,44,46,50,54,59,66,69,75
11/22/98,01,03,04,08,11,14,21,22,29,31,39,46,47,54,56,57,59,67,72,78
11/21/98,01,04,09,11,20,23,26,34,40,41,42,44,48,51,53,56,61,74,75,79
11/20/98,06,08,13,14,22,24,27,28,32,37,38,40,50,52,57,60,72,73,78,79
11/19/98,02,17,18,28,33,38,39,41,43,45,48,60,64,70,71,72,73,74,77,79
11/18/98,01,04,09,18,20,26,27,28,29,31,33,36,40,42,44,61,63,67,68,70
11/17/98,02,13,18,27,33,34,38,39,46,47,49,50,55,56,64,66,67,69,74,76
11/16/98,01,06,07,08,14,26,27,33,38,41,43,50,52,56,59,64,68,72,74,79
11/15/98,01,02,03,11,14,15,21,25,26,27,28,36,44,47,55,59,63,66,73,80
11/14/98,01,02,05,10,12,17,26,28,29,30,31,32,33,35,38,50,56,74,76,79
11/13/98,06,07,08,10,16,18,20,22,25,26,28,41,43,44,58,62,67,70,76,79
11/12/98,02,05,07,08,10,12,13,16,28,35,36,43,46,57,63,66,70,72,74,78
11/11/98,04,05,09,13,24,32,35,40,42,44,45,48,50,56,62,68,71,74,77,79
11/10/98,06,10,12,13,14,17,22,27,33,36,42,43,44,45,49,50,56,58,70,71
11/9/98,04,11,14,15,23,25,30,32,33,37,38,44,48,50,51,57,59,63,64,72
11/8/98,13,16,22,27,30,32,35,39,43,45,47,48,52,55,56,59,68,71,73,80
11/7/98,02,09,10,12,25,27,30,32,36,37,41,45,47,50,52,60,64,69,76,79
11/6/98,04,06,16,17,29,30,33,36,37,41,51,57,60,65,66,68,71,75,76,80
11/5/98,01,06,16,18,25,37,47,52,54,56,58,60,63,68,69,72,73,75,77,79
11/4/98,01,02,04,06,14,24,26,28,30,33,41,44,45,47,51,54,59,69,78,80
11/3/98,11,15,17,22,30,32,33,38,40,44,47,49,50,52,57,59,63,65,74,75
11/2/98,05,09,10,13,14,22,33,34,35,36,43,49,53,55,62,64,67,72,74,78
11/1/98,01,05,07,10,12,16,20,23,25,26,36,38,40,42,43,48,58,67,69,74
10/31/98,04,06,12,23,24,31,38,39,47,48,51,52,56,59,61,62,66,75,77,78
10/30/98,06,11,13,20,21,33,35,41,42,43,44,50,52,63,64,68,71,72,74,75
10/29/98,08,10,11,13,21,25,32,33,37,38,49,52,58,62,63,67,72,76,78,80
10/28/98,01,04,05,13,16,19,20,26,28,31,32,45,60,61,62,63,65,68,73,76
10/27/98,05,07,09,12,19,22,24,27,29,30,33,34,41,46,52,55,58,61,67,71
10/26/98,06,14,15,16,23,26,28,30,37,38,44,46,47,49,56,65,69,74,76,78
10/25/98,14,15,21,22,27,29,30,35,36,43,51,52,57,58,60,61,67,70,72,73
10/24/98,01,02,19,24,26,27,33,35,43,45,48,62,63,65,66,67,69,74,76,79
10/23/98,01,05,10,14,17,19,31,32,34,36,44,46,51,55,57,64,69,75,76,78
10/22/98,08,10,21,23,24,26,27,31,33,34,39,40,42,43,46,53,55,68,78,80
10/21/98,11,16,17,32,34,36,38,39,40,43,46,49,50,55,57,62,71,72,76,78
10/20/98,01,02,05,07,08,15,27,28,34,40,46,51,53,58,60,61,68,69,70,79
10/19/98,03,08,10,11,12,19,27,28,29,35,37,40,42,47,55,57,58,60,68,69
10/18/98,01,03,05,06,09,11,13,15,16,28,30,37,38,40,51,63,66,68,74,80
10/17/98,06,19,22,23,24,26,30,38,39,44,45,49,52,56,59,61,67,69,73,75
10/16/98,01,07,13,18,19,23,24,26,27,35,37,40,47,49,63,67,73,76,77,79
10/15/98,02,03,09,10,11,16,29,32,34,35,41,43,44,47,55,60,63,68,69,76
10/14/98,11,14,15,33,34,35,37,39,40,42,45,50,53,57,62,68,69,71,72,75
10/13/98,06,08,15,20,24,28,29,32,42,43,48,51,54,55,59,61,65,68,71,76
10/12/98,02,07,09,14,17,19,21,23,26,31,34,35,37,39,49,59,61,66,70,78
10/11/98,03,04,05,09,21,22,24,38,39,40,49,54,56,62,65,69,70,71,72,80
10/10/98,02,06,08,09,11,12,17,19,25,28,30,35,37,43,48,51,53,57,60,68
10/9/98,03,04,12,15,17,21,23,26,28,29,31,32,38,41,44,45,58,61,62,80
10/8/98,10,13,17,18,22,23,25,29,31,36,42,43,47,52,53,55,57,61,68,79
10/7/98,05,13,17,21,24,28,29,32,35,37,47,49,50,53,60,61,64,67,68,79
10/6/98,04,14,17,18,20,25,28,34,36,38,44,45,47,55,58,66,74,76,77,79
10/5/98,03,04,08,09,14,18,23,25,27,35,40,42,43,46,48,49,60,64,75,77
10/4/98,02,05,09,10,13,18,30,33,41,51,54,61,64,67,68,69,70,71,72,76
10/3/98,01,03,06,10,14,15,16,17,19,20,26,31,35,39,50,53,58,63,76,78
10/2/98,07,09,20,25,27,29,32,35,42,43,44,47,57,61,64,70,74,75,79,80
10/1/98,01,10,12,19,21,24,26,33,37,39,41,43,55,61,63,69,70,77,79,80
9/30/98,03,08,15,23,26,33,34,39,42,47,56,59,60,61,66,70,71,76,79,80
9/29/98,01,03,09,18,21,32,34,37,45,48,50,52,57,58,63,64,65,67,72,79
9/28/98,10,12,20,22,23,24,27,29,32,37,41,44,45,47,53,57,58,67,72,79
9/27/98,01,02,03,04,05,18,23,25,32,34,35,39,40,42,45,47,48,57,58,77
9/26/98,04,05,06,08,14,15,17,24,32,35,38,47,48,49,57,68,71,72,74,80
9/25/98,02,04,05,07,08,15,19,22,25,31,33,35,36,39,42,46,52,56,64,67
9/24/98,02,15,24,26,29,37,39,40,44,45,49,50,53,57,58,60,71,74,76,79
9/23/98,11,14,15,16,18,21,23,29,31,36,37,43,44,49,61,66,68,72,75,77
9/22/98,04,08,09,12,15,18,20,22,23,29,40,42,46,52,54,57,62,75,77,80
9/21/98,01,03,05,06,07,09,11,20,22,24,28,33,41,48,52,53,56,57,61,72
9/20/98,04,05,07,12,15,22,26,27,28,36,43,44,45,46,47,52,53,55,75,76
9/19/98,01,03,07,08,09,13,14,26,31,32,33,36,41,43,45,46,47,63,64,70
9/18/98,02,06,15,22,26,31,33,35,43,44,47,48,60,62,63,67,71,74,78,79
9/17/98,04,12,14,18,27,31,34,35,37,39,44,49,54,61,65,67,76,77,79,80
9/16/98,02,03,05,09,12,13,22,23,26,29,32,34,47,54,59,61,65,72,73,77
9/15/98,02,05,08,10,12,14,16,18,21,23,34,36,48,49,58,60,62,64,70,76
9/14/98,05,08,12,16,23,24,29,32,39,43,48,56,58,65,67,69,70,71,73,74
9/13/98,01,04,07,10,13,17,18,19,21,22,26,28,30,32,43,52,72,74,76,80
9/12/98,05,09,22,28,30,32,33,35,36,41,44,47,48,53,57,62,66,73,76,77
9/11/98,01,03,04,06,08,09,12,22,27,28,29,33,35,41,50,55,66,69,75,77
9/10/98,02,07,13,15,17,18,19,23,27,29,36,39,40,42,43,44,47,65,68,80
9/9/98,05,09,10,11,14,20,21,33,40,43,51,61,62,63,66,68,70,73,74,77
9/8/98,05,07,11,14,18,20,23,34,35,46,52,55,59,60,62,64,66,67,77,80
9/7/98,03,04,06,08,10,19,20,23,24,36,38,40,43,44,45,57,58,61,65,80
9/6/98,01,04,17,18,20,29,30,35,36,37,38,39,43,46,49,65,73,74,75,80
9/5/98,03,05,07,12,17,20,21,23,27,28,31,37,41,45,50,55,58,59,73,74
9/4/98,09,20,23,26,27,28,34,37,39,41,43,44,45,49,56,63,65,71,72,78
9/3/98,06,09,18,25,28,31,34,42,43,49,52,54,58,61,64,66,71,72,79,80
9/2/98,03,06,08,11,12,17,18,19,22,31,34,35,36,38,46,47,51,56,60,61
9/1/98,01,07,08,10,14,18,22,25,30,32,38,39,42,43,44,46,59,63,65,67
8/31/98,08,15,16,17,24,32,35,36,38,39,46,54,57,61,65,66,68,70,72,74
8/30/98,02,07,11,12,25,26,30,32,38,40,43,50,57,58,59,63,66,76,77,80
8/29/98,08,09,10,14,16,17,20,26,30,33,36,41,48,58,62,63,64,65,69,72
8/28/98,02,03,06,13,24,27,29,30,33,37,39,40,44,48,49,51,52,65,76,78
8/27/98,05,09,11,14,17,19,22,34,39,42,44,53,55,58,59,62,67,71,73,77
8/26/98,02,08,13,19,21,24,33,37,47,51,52,54,56,61,63,67,72,73,76,80
8/25/98,06,15,25,29,33,38,41,43,46,51,54,58,59,62,67,69,70,72,74,79
8/24/98,02,03,08,12,14,15,24,25,28,38,43,46,47,49,50,59,67,69,70,74
8/23/98,03,06,16,17,25,27,30,32,33,35,37,38,44,47,50,51,56,62,64,75
8/22/98,07,08,09,13,14,18,20,33,34,38,44,48,49,54,59,60,66,76,77,80
8/21/98,07,15,16,19,20,23,25,34,41,44,47,49,50,51,65,75,76,77,78,79
8/20/98,10,17,19,20,21,30,41,49,50,54,58,60,61,66,68,71,72,76,78,80
8/19/98,01,04,06,09,14,16,17,22,23,26,36,50,54,55,56,62,63,66,70,74
8/18/98,01,12,13,16,17,18,22,30,37,41,44,49,51,54,57,58,65,67,70,80
8/17/98,02,07,12,27,31,37,39,41,45,51,56,57,61,62,67,68,71,76,77,78
8/16/98,03,13,15,21,29,32,37,45,46,48,57,58,59,65,66,67,68,74,76,80
8/15/98,05,07,10,11,13,16,20,23,28,30,31,32,35,36,42,56,61,65,69,79
8/14/98,01,02,03,10,14,20,22,25,26,35,41,45,49,54,56,61,63,65,67,77
8/13/98,02,07,09,10,11,15,23,24,27,28,37,39,41,42,45,46,69,71,73,78
8/12/98,07,14,18,27,28,30,32,36,41,42,46,47,49,50,51,61,62,68,76,80
8/11/98,04,09,10,18,23,27,30,31,35,38,48,49,52,58,61,64,65,66,75,76
8/10/98,05,09,10,18,19,20,24,26,27,36,43,46,52,61,62,64,71,72,76,79
8/9/98,03,04,08,14,18,20,27,28,29,38,40,42,43,47,57,58,68,70,74,79
8/8/98,01,08,09,17,19,26,28,31,43,45,47,52,54,58,62,73,74,75,77,80
8/7/98,06,07,08,12,13,15,28,33,35,47,52,60,63,65,70,71,75,78,79,80
8/6/98,02,03,06,08,09,11,17,19,20,21,22,24,25,32,35,36,42,46,63,69
8/5/98,01,03,04,06,08,10,13,15,17,20,35,36,38,39,41,51,52,55,56,73
8/4/98,03,07,12,14,27,31,32,34,40,41,42,43,45,47,49,55,59,64,66,78
8/3/98,02,07,08,28,30,31,35,39,43,45,56,61,65,68,72,74,75,76,77,78
8/2/98,05,12,13,29,35,37,39,41,44,45,48,50,52,56,57,60,68,74,78,79
8/1/98,06,13,14,16,20,21,26,29,36,43,44,49,55,63,65,67,69,70,71,74
7/31/98,01,03,12,17,21,23,24,30,38,43,45,50,53,55,57,60,61,63,64,71
7/30/98,02,04,05,06,12,16,19,30,36,38,43,50,51,56,64,65,72,74,76,80
7/29/98,02,03,10,13,16,19,32,33,34,38,47,55,59,61,66,68,69,74,77,78
7/28/98,08,10,14,15,17,21,22,24,26,34,43,46,47,49,53,56,65,67,78,79
7/27/98,06,08,09,13,17,19,20,30,39,42,60,64,65,67,69,70,74,76,77,78
7/26/98,01,03,04,13,16,18,25,28,29,32,35,46,53,54,57,58,60,63,66,74
7/25/98,02,04,05,07,10,18,22,24,25,27,36,37,46,52,55,58,59,64,69,73
7/24/98,07,13,22,25,34,43,44,45,50,51,52,53,57,61,62,63,68,75,79,80
7/23/98,02,07,08,17,20,32,47,48,50,52,53,56,59,62,66,68,72,73,79,80
7/22/98,11,15,19,20,27,35,36,37,40,41,44,45,46,47,49,58,68,73,77,80
7/21/98,07,08,09,15,16,18,21,22,37,40,41,47,51,52,55,56,65,67,71,77
7/20/98,02,03,04,05,07,08,14,20,21,34,40,46,49,51,59,61,68,69,72,74
7/19/98,03,06,08,11,18,21,25,28,29,36,37,40,49,52,58,60,62,66,68,73
7/18/98,03,07,11,12,14,17,28,30,31,32,33,35,39,41,43,50,58,61,65,67
7/17/98,04,06,09,20,22,27,28,30,31,39,40,41,46,56,58,62,68,69,79,80
7/16/98,01,05,06,09,11,26,35,36,39,42,43,46,47,55,60,62,70,75,77,80
7/15/98,04,12,13,17,24,25,29,39,40,47,48,49,51,52,55,57,61,66,72,77
7/14/98,03,17,20,23,27,28,29,36,38,39,42,48,50,52,62,65,69,78,79,80
7/13/98,07,10,11,14,15,16,21,24,25,30,32,34,38,54,55,63,64,65,71,76
7/12/98,02,07,09,10,16,22,29,33,34,35,38,39,42,46,48,52,62,73,74,77
7/11/98,06,09,14,18,20,26,28,29,32,33,37,46,51,55,60,62,64,65,78,80
7/10/98,01,03,04,12,13,14,23,27,30,31,35,37,38,48,50,55,60,64,72,77
7/9/98,16,18,19,22,24,31,33,36,38,44,46,56,60,61,62,63,64,72,76,79
7/8/98,01,08,11,21,25,28,31,36,37,50,51,53,54,59,62,69,70,71,73,77
7/7/98,06,11,16,17,21,23,26,27,33,34,46,48,49,54,57,58,65,71,72,80
7/6/98,05,07,08,12,13,22,24,26,40,43,45,46,47,53,56,62,64,67,70,74
7/5/98,06,09,11,17,21,25,31,35,37,41,44,45,52,57,59,63,65,66,70,76
7/4/98,01,10,13,14,20,29,30,32,36,39,40,41,53,54,56,57,58,59,71,79
7/3/98,02,05,06,13,17,19,24,37,41,42,48,50,53,63,64,67,70,71,76,78
7/2/98,06,10,21,30,31,33,34,36,37,52,54,55,57,58,65,66,67,68,70,79
7/1/98,01,04,13,14,18,21,25,28,32,34,42,44,48,52,58,70,72,73,75,79
6/30/98,03,04,08,09,10,13,15,20,22,25,28,35,42,46,68,72,73,75,78,79
6/29/98,05,08,11,16,20,24,32,42,44,49,54,58,63,65,66,68,69,70,71,80
6/28/98,08,10,11,12,17,23,34,36,39,44,45,47,52,54,58,63,64,70,73,76
6/27/98,05,12,13,16,20,21,33,38,39,45,46,55,56,57,58,59,65,66,70,77
6/26/98,02,08,14,16,23,30,34,35,38,42,43,48,55,56,57,67,73,77,78,80
6/25/98,03,10,13,15,18,19,23,36,37,39,41,42,46,48,54,59,61,66,77,78
6/24/98,01,02,12,16,20,21,23,27,34,36,40,42,46,55,63,65,67,69,70,73
6/23/98,17,19,20,21,23,25,27,28,30,34,36,39,47,50,58,59,61,62,70,78
6/22/98,01,12,15,18,23,24,25,30,41,44,50,54,57,58,60,64,66,68,74,77
6/21/98,01,03,04,07,08,13,15,21,28,34,35,43,52,58,64,70,71,73,78,80
6/20/98,02,05,08,12,14,18,23,26,27,31,35,37,45,46,51,52,64,74,75,80
6/19/98,10,11,18,19,21,28,29,36,44,47,49,50,51,56,57,65,68,73,76,78
6/18/98,03,06,11,13,21,27,37,41,44,46,48,49,52,59,63,66,70,75,78,79
6/17/98,02,06,10,16,17,23,25,26,31,38,43,48,51,52,53,55,64,67,70,77
6/16/98,03,05,09,10,14,20,30,34,35,36,39,43,45,54,58,61,64,66,73,75
6/15/98,05,06,14,16,17,23,24,25,30,34,36,42,43,46,53,55,63,67,73,76
6/14/98,05,08,10,11,13,16,18,19,23,31,32,34,37,51,54,57,71,72,74,76
6/13/98,09,10,18,21,25,27,33,34,35,36,42,43,48,51,54,55,58,63,72,77
6/12/98,04,13,15,19,26,30,32,33,34,35,40,41,44,50,53,56,61,72,74,78
6/11/98,01,05,06,12,27,34,40,41,43,44,47,50,51,53,54,56,63,70,76,78
6/10/98,01,13,27,29,30,35,41,47,48,49,50,52,54,57,65,66,74,75,77,79
6/9/98,04,07,22,25,28,29,33,34,39,49,51,53,58,60,63,67,72,73,74,80
6/8/98,08,09,12,18,19,23,25,27,28,38,40,41,45,47,54,56,62,72,77,78
6/7/98,04,07,14,15,24,28,35,45,53,54,56,57,63,67,69,70,71,74,75,80
6/6/98,02,03,05,07,13,14,16,17,18,20,27,34,36,46,47,51,56,58,76,79
6/5/98,13,20,25,27,28,33,37,44,45,48,50,51,54,55,56,59,66,69,73,74
6/4/98,10,12,17,18,20,22,23,24,25,27,35,41,51,54,56,57,58,67,72,76
6/3/98,01,02,18,22,23,24,26,30,32,35,36,45,55,56,60,66,68,69,76,80
6/2/98,04,08,18,19,21,22,23,33,34,36,37,39,42,48,55,56,62,69,77,80
6/1/98,01,05,12,13,18,19,22,23,25,32,33,37,40,56,58,61,64,74,79,80
5/31/98,10,11,23,24,26,34,37,41,42,50,51,52,57,60,63,64,68,70,74,76
5/30/98,04,09,11,12,14,17,29,30,37,38,42,44,48,54,56,64,70,71,74,80
5/29/98,02,10,11,12,21,24,25,28,34,44,45,46,52,57,59,60,67,74,79,80
5/28/98,02,03,15,16,21,28,29,30,33,53,55,56,58,59,60,61,70,71,74,77
5/27/98,01,03,05,06,07,09,15,19,20,23,31,39,52,56,57,58,60,66,72,75
5/26/98,03,09,14,15,17,21,23,25,27,31,37,43,51,52,58,59,73,76,78,80
5/25/98,03,05,07,08,10,17,20,22,28,30,39,45,53,54,61,65,66,68,70,72
5/24/98,06,08,11,24,31,32,33,34,39,43,44,48,50,51,53,58,68,69,72,75
5/23/98,03,04,12,16,27,28,29,39,40,41,43,46,54,61,63,65,69,72,75,77
5/22/98,06,07,12,14,18,24,29,32,33,40,43,47,49,50,51,57,64,69,71,73
5/21/98,01,05,10,11,16,24,26,27,29,30,38,45,50,53,60,69,71,73,75,76
5/20/98,03,12,19,21,22,24,25,26,27,31,32,37,40,45,51,53,55,61,65,78
5/19/98,05,06,08,10,12,26,27,38,39,42,54,58,63,66,68,70,77,78,79,80
5/18/98,08,11,12,15,19,20,23,27,33,37,41,57,58,63,64,69,71,72,77,78
5/17/98,09,11,13,16,17,22,29,30,33,34,36,39,42,48,52,54,59,64,65,79
5/16/98,03,05,09,10,11,17,21,35,37,41,43,47,51,58,62,64,67,72,74,75
5/15/98,03,12,17,32,33,41,43,44,45,46,49,55,56,58,65,66,71,73,78,79
5/14/98,01,03,04,09,10,23,25,34,42,43,47,49,53,54,56,59,64,75,77,79
5/13/98,01,04,11,16,17,20,25,27,35,39,49,54,61,63,66,74,75,76,77,79
5/12/98,03,05,09,11,16,22,26,27,28,31,47,48,50,52,55,58,62,67,69,70
5/11/98,01,03,08,17,20,21,24,25,26,28,32,33,41,45,46,63,69,70,75,76
5/10/98,05,06,08,14,20,26,32,37,39,40,41,44,61,69,71,73,74,77,79,80
5/9/98,05,07,10,12,21,22,31,41,46,49,50,54,61,72,73,76,77,78,79,80
5/8/98,02,05,07,15,22,27,28,30,35,39,41,43,46,62,64,69,71,73,77,80
5/7/98,05,10,20,27,31,33,38,41,42,47,50,52,57,58,59,67,70,71,79,80
5/6/98,14,15,16,19,21,25,27,28,29,31,39,42,44,54,57,62,64,65,68,73
5/5/98,03,06,07,08,09,11,12,22,23,31,32,37,43,47,55,59,69,71,73,79
5/4/98,04,05,08,24,26,28,35,39,43,45,46,48,53,56,63,67,70,75,76,77
5/3/98,10,12,15,18,19,24,28,29,48,49,50,51,58,61,67,69,70,71,78,80
5/2/98,03,04,08,15,16,23,24,35,36,40,46,48,52,60,61,66,67,68,69,75
5/1/98,03,07,08,12,22,23,27,29,30,33,34,40,43,48,49,63,70,71,76,77
4/30/98,03,06,11,15,16,19,25,27,30,32,33,35,43,45,49,52,53,61,65,76
4/29/98,01,03,07,08,11,13,15,31,37,42,43,46,48,49,55,56,59,70,76,80
4/28/98,02,06,08,15,16,19,26,29,32,35,37,38,41,50,51,54,56,67,72,79
4/27/98,04,12,25,26,30,34,39,45,47,48,49,52,58,60,61,70,73,74,75,78
4/26/98,01,04,05,10,14,16,18,22,26,28,31,33,35,40,45,53,54,55,64,79
4/25/98,09,20,22,30,32,33,34,35,39,42,44,46,47,51,57,60,67,71,74,75
4/24/98,08,12,14,18,21,22,31,34,40,42,51,52,61,62,66,75,76,77,78,79
4/23/98,04,14,19,25,28,37,41,43,47,48,51,52,59,60,66,67,69,73,76,79
4/22/98,03,05,07,09,11,16,17,22,25,27,29,35,45,50,54,61,65,71,75,77
4/21/98,07,09,11,24,29,33,34,47,49,50,51,53,56,58,63,65,67,68,71,76
4/20/98,02,04,07,08,10,12,16,18,19,24,31,32,45,51,65,66,70,73,78,79
4/19/98,01,02,14,16,24,30,32,41,43,45,47,49,50,52,58,60,69,74,76,79
4/18/98,01,08,12,14,16,17,25,26,31,34,40,48,49,52,62,64,68,76,77,79
4/17/98,05,07,08,10,11,14,15,16,27,45,53,56,62,63,70,71,72,75,76,79
4/16/98,04,10,17,18,21,22,23,32,35,36,44,46,51,54,55,58,64,65,70,73
4/15/98,05,06,12,14,22,23,25,30,36,41,45,46,57,65,67,68,71,74,75,78
4/14/98,01,03,09,10,20,27,32,35,43,57,62,63,64,66,69,70,72,77,78,80
4/13/98,04,07,14,15,18,19,21,22,24,31,39,40,41,46,58,61,69,70,72,78
4/12/98,01,03,04,11,15,20,22,31,33,34,38,41,47,54,65,66,67,74,75,78
4/11/98,02,05,06,11,13,15,17,23,25,26,42,47,48,49,50,51,53,57,68,72
4/10/98,03,07,08,10,11,14,15,16,27,29,30,31,46,48,56,57,59,68,69,78
4/9/98,01,02,04,09,10,11,12,23,25,29,33,35,37,39,43,49,55,67,69,77
4/8/98,07,10,13,14,16,21,24,30,31,38,39,41,42,44,55,56,71,72,74,78
4/7/98,01,03,05,23,32,34,39,43,45,52,57,63,67,73,74,75,76,78,79,80
4/6/98,12,19,21,26,27,28,35,36,37,38,41,44,46,50,53,59,64,68,70,73
4/5/98,03,07,10,13,18,23,31,33,34,36,37,40,41,47,49,52,59,67,77,80
4/4/98,03,04,06,08,28,30,32,34,39,42,44,52,55,56,60,62,68,71,75,78
4/3/98,05,10,14,19,23,24,26,27,31,32,45,46,47,48,54,55,57,64,71,77
4/2/98,08,09,12,14,21,25,29,38,42,44,48,57,58,61,65,68,69,76,77,79
4/1/98,02,07,08,10,16,18,19,27,28,38,40,46,48,50,56,60,67,69,73,77
3/31/98,01,06,09,10,13,15,27,33,41,45,47,48,50,52,54,61,63,70,75,76
3/30/98,04,06,15,19,21,27,30,40,46,48,59,61,63,64,67,71,74,76,78,79
3/29/98,12,13,18,25,26,28,29,30,35,37,49,53,54,55,62,68,74,75,77,78
3/28/98,04,11,18,22,23,24,28,39,42,48,50,52,56,64,65,69,71,76,77,78
3/27/98,02,08,13,14,23,24,26,30,39,41,42,43,59,64,66,68,70,74,75,78
3/26/98,01,02,07,18,19,25,28,29,35,37,38,39,40,46,49,51,60,68,69,72
3/25/98,07,10,11,18,19,21,23,30,39,41,48,49,54,58,59,65,66,70,74,77
3/24/98,10,14,16,19,28,35,42,47,48,52,55,58,59,64,67,69,72,73,77,78
3/23/98,01,02,08,16,17,20,21,28,31,37,41,43,44,49,52,55,72,76,79,80
3/22/98,03,07,13,17,27,28,30,38,41,42,46,48,49,50,62,63,69,70,71,72
3/21/98,04,05,06,08,13,14,15,16,21,24,33,34,44,59,62,71,73,74,75,77
3/20/98,01,06,15,18,20,23,30,31,40,45,49,51,52,53,55,56,57,59,74,75
3/19/98,07,17,21,25,27,30,32,39,43,48,51,58,59,63,65,66,70,72,75,80
3/18/98,01,02,09,10,16,22,24,28,29,38,39,41,43,45,50,53,56,60,75,79
3/17/98,03,10,13,14,17,19,26,32,34,36,37,39,45,51,52,58,65,68,72,74
3/16/98,04,09,14,15,18,19,23,33,34,36,38,39,40,51,57,63,69,70,73,74
3/15/98,01,02,03,06,08,14,15,24,25,27,28,30,31,35,43,58,68,70,71,79
3/14/98,01,03,11,13,19,20,25,31,34,36,47,53,57,58,65,67,68,70,79,80
3/13/98,04,16,18,23,28,29,35,39,45,50,51,52,55,56,57,63,65,67,73,80
3/12/98,03,10,18,21,30,32,33,35,38,39,42,43,52,60,61,71,72,73,75,78
3/11/98,01,04,08,09,18,19,22,28,32,33,34,39,46,48,50,51,59,67,70,78
3/10/98,02,13,24,25,26,28,30,32,38,41,43,49,65,66,68,70,73,75,76,78
3/9/98,09,11,13,17,22,23,33,35,43,46,48,57,62,67,68,69,70,72,73,78
3/8/98,01,04,05,09,14,17,19,21,27,29,34,36,45,50,53,63,64,72,74,75
3/7/98,03,04,10,15,16,20,22,27,34,38,40,41,47,51,52,55,57,63,67,73
3/6/98,13,14,18,19,21,25,26,27,30,34,37,41,42,46,47,57,60,68,71,78
3/5/98,05,09,10,11,12,15,16,19,26,28,36,41,42,44,46,49,53,59,65,71
3/4/98,05,14,16,17,20,22,29,31,32,35,43,45,56,57,61,66,74,76,77,79
3/3/98,01,12,20,23,30,32,35,39,41,42,44,46,50,51,54,60,65,66,71,77
3/2/98,04,07,09,17,19,26,27,28,29,38,51,52,53,60,61,64,65,68,72,77
3/1/98,01,03,07,11,14,21,24,28,42,45,48,49,50,51,56,59,66,67,74,75
2/28/98,01,10,15,17,21,24,39,41,46,48,50,52,57,60,64,67,71,72,78,79
2/27/98,02,04,17,19,22,24,28,29,30,33,42,46,51,53,56,60,66,68,75,80
2/26/98,02,04,10,16,18,21,24,28,30,38,40,44,45,63,66,68,70,73,77,79
2/25/98,01,05,06,10,12,18,24,26,28,32,34,37,44,50,52,53,65,69,74,75
2/24/98,03,04,05,07,08,09,10,16,20,23,26,27,28,35,36,48,50,57,63,78
2/23/98,09,12,13,16,18,19,26,31,35,41,43,47,51,54,56,58,64,67,70,71
2/22/98,04,06,15,17,19,21,24,25,27,28,38,40,54,60,62,64,70,74,77,79
2/21/98,01,04,14,16,17,21,30,31,34,35,39,42,43,46,52,56,57,59,62,64
2/20/98,03,05,11,12,14,22,24,30,34,35,39,44,51,52,54,62,65,66,73,78
2/19/98,02,17,20,22,26,34,39,40,41,51,52,53,56,60,63,67,68,69,75,76
2/18/98,01,06,07,11,22,27,35,36,47,52,55,57,58,59,63,66,68,70,72,80
2/17/98,03,13,15,18,23,24,29,43,44,47,51,53,58,59,60,63,64,72,73,79
2/16/98,06,08,09,10,14,19,21,23,24,27,28,32,36,43,44,45,51,59,68,74
2/15/98,05,06,10,13,15,17,22,28,32,37,40,43,49,56,60,65,67,74,76,80
2/14/98,02,05,12,13,15,16,19,21,36,37,52,53,56,57,63,64,65,72,77,80
2/13/98,05,06,07,09,10,16,21,36,42,43,47,48,49,56,66,67,68,77,78,80
2/12/98,02,03,04,14,17,23,27,29,31,36,43,46,47,54,55,59,63,66,67,78
2/11/98,03,06,08,11,13,16,17,20,21,24,25,32,36,50,52,55,67,69,75,78
2/10/98,01,06,09,11,17,23,25,26,37,49,53,56,59,60,62,65,66,68,70,72
2/9/98,04,10,13,24,29,31,34,40,47,49,51,55,60,64,65,70,73,75,76,79
2/8/98,07,15,16,28,30,36,40,42,45,48,49,55,60,61,62,63,69,70,74,77
2/7/98,03,04,05,06,15,16,19,22,26,27,30,32,39,44,45,57,62,65,70,77
2/6/98,03,10,14,17,23,24,38,43,44,53,55,57,60,62,63,64,65,67,71,79
2/5/98,03,04,10,13,14,25,26,34,35,36,48,49,54,55,59,64,65,67,70,77
2/4/98,01,02,03,05,06,10,18,22,27,32,38,41,43,46,48,50,57,58,64,77
2/3/98,02,06,08,11,20,24,34,36,39,44,47,48,51,52,55,56,68,74,75,76
2/2/98,03,10,12,15,17,24,28,29,34,39,41,44,46,47,52,53,59,66,68,78
2/1/98,04,13,19,22,26,27,35,37,50,51,56,57,58,62,63,68,72,73,75,76
1/31/98,01,03,04,06,14,21,24,27,29,30,35,37,38,51,53,57,62,66,72,74
1/30/98,05,09,13,16,18,23,29,30,32,35,36,39,42,44,45,48,55,58,70,80
1/29/98,04,07,14,15,20,21,29,31,50,51,53,55,56,58,60,65,69,71,75,78
1/28/98,01,03,04,12,17,18,19,23,25,29,34,38,40,41,45,52,58,60,70,78
1/27/98,03,09,14,18,19,21,23,31,33,34,44,46,47,50,56,68,74,77,78,80
1/26/98,05,06,08,09,26,30,35,37,39,41,43,50,54,55,60,63,66,69,79,80
1/25/98,01,02,14,15,18,22,25,29,42,44,54,58,60,62,66,67,68,70,74,77
1/24/98,02,07,10,11,12,13,17,22,25,26,29,31,33,37,39,41,45,46,61,75
1/23/98,02,04,05,06,12,13,17,22,24,27,38,45,46,47,51,62,67,74,75,80
1/22/98,01,10,12,14,18,21,23,33,43,44,50,54,59,61,65,67,68,71,75,76
1/21/98,08,09,10,11,12,14,15,16,36,38,40,46,54,56,58,60,61,64,70,74
1/20/98,05,06,08,11,12,18,19,28,34,35,36,41,54,61,64,67,68,70,75,80
1/19/98,11,12,14,15,19,23,34,39,40,46,47,49,52,55,58,60,61,67,72,75
1/18/98,02,08,10,18,21,26,32,36,40,43,53,54,58,60,61,62,66,71,73,77
1/17/98,02,04,20,22,24,26,28,34,36,41,44,46,48,50,51,54,57,62,75,78
1/16/98,03,04,07,09,10,12,13,19,26,43,45,46,51,53,57,66,72,76,77,80
1/15/98,02,03,04,05,08,11,19,22,30,31,33,41,50,53,54,62,66,69,75,76
1/14/98,03,09,11,19,23,25,28,30,35,45,46,47,57,62,63,68,72,73,76,80
1/13/98,05,16,18,19,20,26,28,34,36,41,48,51,54,59,60,61,63,77,78,80
1/12/98,02,03,08,09,12,21,23,28,33,34,40,41,47,48,61,63,66,68,70,72
1/11/98,03,12,16,17,19,22,23,30,31,37,42,45,47,51,52,61,66,72,75,80
1/10/98,04,07,12,22,23,27,32,37,39,40,44,46,53,61,62,63,69,71,76,78
1/9/98,04,05,08,11,12,20,25,27,28,30,35,38,51,55,56,62,68,70,76,78
1/8/98,06,07,11,12,15,22,24,26,29,32,36,37,50,51,54,62,68,71,78,79
1/7/98,03,06,10,11,12,14,18,22,35,40,46,50,56,59,60,61,64,71,78,79
1/6/98,01,17,19,26,36,38,39,43,44,50,52,56,60,62,64,66,67,70,72,76
1/5/98,01,09,10,15,16,18,28,33,35,38,39,49,51,52,56,58,61,70,78,79
1/4/98,04,06,07,19,21,26,29,31,37,42,47,52,54,56,61,65,69,70,72,73
1/3/98,01,10,12,13,15,19,21,23,26,28,29,32,38,39,45,51,52,53,61,71
1/2/98,02,08,13,15,16,18,24,32,35,41,42,44,45,50,51,58,62,66,69,75
1/1/98,15,22,27,34,37,38,39,43,46,47,52,56,59,62,63,65,70,74,78,79
12/31/97,01,06,09,14,21,25,30,34,37,44,47,52,54,60,63,64,65,67,70,79
12/30/97,05,15,16,26,27,32,34,43,45,53,60,62,69,71,72,73,76,77,79,80
12/29/97,01,04,06,13,14,16,17,20,22,23,29,32,33,41,53,55,58,70,71,75
12/28/97,04,06,10,12,13,21,34,45,51,55,56,57,58,63,65,69,72,73,77,78
12/27/97,01,06,08,12,21,32,35,49,50,56,59,60,62,64,65,67,70,71,72,78
12/26/97,11,23,34,35,36,37,40,41,43,46,51,55,61,62,65,66,72,73,75,77
12/24/97,07,09,11,12,23,24,31,34,36,38,40,47,53,60,63,66,69,70,76,80
12/23/97,01,08,11,13,25,26,31,35,36,49,50,52,53,57,59,60,61,65,77,78
12/22/97,01,02,04,10,14,19,21,23,34,35,37,42,44,50,57,62,73,75,77,80
12/21/97,02,04,13,22,28,30,32,33,36,41,53,54,55,58,61,71,72,75,77,78
12/20/97,02,06,07,12,14,22,30,36,37,39,40,42,57,58,61,64,66,69,72,79
12/19/97,05,20,21,23,26,29,33,34,36,44,47,50,57,58,64,66,70,72,76,78
12/18/97,08,10,15,20,22,30,39,42,43,46,48,54,57,58,59,60,65,70,74,80
12/17/97,02,05,07,09,13,19,21,23,25,31,35,36,37,45,50,61,62,73,74,79
12/16/97,02,03,07,10,13,17,20,22,25,27,31,33,43,45,57,69,73,74,79,80
12/15/97,02,04,05,06,18,22,25,27,34,35,53,57,60,64,66,67,71,72,73,75
12/14/97,02,07,08,11,15,22,29,30,34,38,39,41,44,49,61,63,64,71,73,78
12/13/97,05,11,14,15,16,17,19,22,25,27,37,44,45,47,54,57,60,62,74,77
12/12/97,01,04,09,18,23,25,26,27,39,43,44,46,49,54,56,65,67,71,72,76
12/11/97,03,05,06,17,22,25,26,29,30,33,35,42,44,45,49,52,56,60,76,79
12/10/97,03,06,07,09,15,17,18,23,33,39,41,56,58,67,69,70,72,73,74,77
12/9/97,03,05,07,09,10,12,14,19,23,26,28,30,32,39,43,47,66,67,68,72
12/8/97,01,02,06,12,17,19,26,34,35,39,45,51,61,62,64,65,66,67,70,71
12/7/97,01,02,08,12,13,15,19,20,34,36,45,54,56,64,66,73,75,76,78,80
12/6/97,06,09,17,18,21,24,30,33,41,46,47,50,52,53,54,55,60,63,68,77
12/5/97,12,18,22,23,26,28,29,30,36,37,39,46,47,49,56,58,60,71,74,77
12/4/97,02,06,08,13,14,17,18,19,22,25,38,47,50,52,58,60,66,68,70,80
12/3/97,05,12,13,16,20,23,28,30,32,38,39,40,46,47,53,55,57,61,73,80
12/2/97,10,12,25,26,29,30,35,36,38,40,45,49,52,57,64,65,66,71,76,78
12/1/97,04,07,17,19,24,25,27,29,31,37,39,45,47,51,53,60,61,63,70,72
11/30/97,02,06,08,11,19,20,32,36,38,40,44,45,48,50,51,59,60,71,72,77
11/29/97,11,15,16,22,23,26,29,32,35,37,39,42,50,53,60,63,67,70,74,80
11/28/97,01,06,21,26,33,35,40,42,44,47,48,50,56,64,66,68,71,73,79,80
11/27/97,01,14,19,20,22,24,30,39,52,53,57,60,63,68,71,73,74,77,78,80
11/26/97,05,06,19,20,23,32,37,40,41,49,51,52,58,59,60,63,64,66,68,79
11/25/97,01,04,09,13,17,18,19,21,26,31,41,45,46,47,48,51,53,59,60,79
11/24/97,07,09,10,19,23,27,28,34,42,44,46,48,49,53,63,64,69,73,77,80
11/23/97,01,04,07,08,10,17,18,21,30,44,47,51,58,59,65,72,73,74,75,80
11/22/97,02,07,08,20,27,32,36,37,40,44,49,52,53,54,58,62,63,66,69,71
11/21/97,04,05,06,22,23,26,29,32,41,48,50,62,66,69,70,72,76,77,79,80
11/20/97,03,07,08,09,22,23,36,42,43,47,49,53,54,59,60,63,64,70,72,74
11/19/97,04,09,10,16,18,20,24,33,43,47,48,54,58,60,62,64,66,68,70,78
11/18/97,08,10,11,12,15,19,20,23,26,31,35,36,40,45,61,62,63,75,76,79
11/17/97,08,09,14,19,21,27,28,29,31,33,35,38,45,55,57,63,73,74,78,80
11/16/97,02,03,04,05,08,14,17,19,26,28,36,40,52,54,56,59,60,62,63,66
11/15/97,04,09,10,16,20,28,30,33,34,35,38,45,53,54,56,58,62,65,69,72
11/14/97,04,05,06,09,15,19,20,21,26,32,37,38,46,48,49,52,54,65,68,74
11/13/97,03,08,12,13,14,21,24,26,27,28,29,34,39,43,53,54,57,64,72,77
11/12/97,05,11,12,14,23,25,32,35,36,37,38,48,54,61,64,67,68,69,71,75
11/11/97,02,11,15,17,21,23,30,31,34,37,40,41,51,54,59,60,62,69,72,75
11/10/97,01,03,07,19,23,24,26,28,29,31,35,39,46,56,58,62,72,74,76,78
11/9/97,07,09,10,13,19,20,24,38,39,45,52,53,55,57,58,59,62,64,66,68
11/8/97,09,11,17,24,26,29,30,31,33,44,45,49,51,53,64,66,70,71,72,77
11/7/97,01,02,07,11,12,15,16,24,26,35,39,42,44,51,59,60,61,68,75,79
11/6/97,02,10,14,15,18,19,20,28,33,35,38,39,44,45,53,55,59,66,74,79
11/5/97,01,02,03,05,10,17,24,29,31,36,39,42,54,58,64,65,69,71,76,79
11/4/97,02,05,06,09,10,14,16,22,32,33,36,37,43,48,50,51,56,59,69,71
11/3/97,02,15,20,23,25,26,29,37,38,39,40,43,45,49,52,55,58,60,71,76
11/2/97,02,08,10,13,16,18,21,22,26,27,36,39,43,45,61,62,67,69,70,77
11/1/97,03,05,06,08,17,19,24,27,35,37,39,43,44,45,57,58,63,72,74,77
10/31/97,01,04,05,06,10,18,20,26,27,29,36,39,40,43,48,53,56,59,62,73
10/30/97,02,04,09,19,21,29,33,36,42,43,46,49,56,58,65,67,76,77,78,79
10/29/97,05,10,18,27,29,32,33,35,53,61,62,63,64,65,66,67,68,71,74,78
10/28/97,01,04,09,10,14,19,20,29,33,34,35,37,44,46,49,50,66,67,72,76
10/27/97,02,04,05,16,17,19,23,32,33,49,50,51,58,66,67,69,70,74,79,80
10/26/97,01,05,12,14,16,17,24,25,33,35,38,43,44,46,52,56,63,66,67,69
10/25/97,01,05,07,10,13,21,26,35,36,43,56,60,61,64,66,68,69,75,76,80
10/24/97,01,05,07,10,12,13,15,20,31,32,33,51,56,60,61,65,68,71,72,80
10/23/97,01,10,11,17,24,26,29,30,33,34,36,46,54,57,58,62,67,71,74,78
10/22/97,01,05,06,07,10,18,19,26,28,31,33,35,42,46,53,54,56,58,74,77
10/21/97,01,02,03,04,17,21,25,28,31,35,44,46,47,49,54,66,69,76,78,79
10/20/97,05,07,08,22,23,24,35,36,40,47,50,57,58,61,62,63,66,74,78,80
10/19/97,06,12,13,16,27,28,34,38,39,43,51,58,61,62,63,69,74,75,78,80
10/18/97,01,15,21,27,29,33,38,43,47,56,59,60,61,63,66,70,71,74,76,80
10/17/97,02,12,16,20,22,25,26,27,28,40,41,48,49,56,61,67,68,69,70,79
10/16/97,02,19,26,27,34,35,39,41,42,51,52,53,59,62,67,72,73,77,79,80
10/15/97,01,03,10,12,16,17,24,28,34,43,49,52,57,58,65,67,69,74,75,78
10/14/97,12,13,15,25,34,35,37,39,40,43,44,54,55,59,62,63,68,69,72,74
10/13/97,01,07,08,13,17,20,25,26,35,40,41,42,43,47,64,67,68,69,70,75
10/12/97,01,02,11,18,20,21,29,43,47,49,51,56,58,60,64,68,76,78,79,80
10/11/97,01,07,08,14,20,21,32,42,44,52,55,56,57,61,70,71,72,74,77,78
10/10/97,01,05,06,07,11,12,35,36,42,44,46,47,48,49,52,56,60,69,71,76
10/9/97,02,03,04,07,20,24,26,29,32,36,39,41,42,44,54,59,73,76,77,79
10/8/97,01,03,05,08,16,23,25,35,36,40,44,46,47,48,49,55,57,59,66,67
10/7/97,01,02,03,12,14,15,28,32,43,44,46,47,53,54,65,68,76,77,78,79
10/6/97,02,05,07,11,12,15,18,37,41,44,49,50,51,65,67,69,71,77,78,79
10/5/97,05,09,17,19,31,32,37,38,42,43,44,46,49,52,53,68,77,78,79,80
10/4/97,01,08,09,11,12,17,26,27,33,39,41,47,48,49,52,54,57,61,63,75
10/3/97,06,07,09,10,20,22,24,25,27,29,40,45,46,49,58,61,65,66,67,73
10/2/97,01,03,11,12,14,15,16,24,28,31,34,37,38,39,40,50,51,57,69,75
10/1/97,05,09,13,18,20,25,33,35,36,39,47,49,53,57,59,64,65,67,68,72
9/30/97,01,03,11,12,15,16,21,24,28,30,31,47,50,51,52,55,61,62,70,76
9/29/97,01,09,10,14,15,19,20,23,29,33,36,42,49,50,51,56,62,74,78,80
9/28/97,01,02,07,11,12,13,17,20,22,23,24,27,39,49,55,61,66,71,74,79
9/27/97,01,02,08,13,16,17,24,33,34,35,40,50,60,62,65,66,68,69,77,80
9/26/97,02,03,05,07,15,17,18,19,20,23,24,25,27,32,37,39,41,44,55,64
9/25/97,01,03,05,11,14,21,22,25,34,36,37,45,47,49,50,57,65,67,73,76
9/24/97,03,09,12,15,22,23,24,26,32,36,40,41,43,45,48,52,63,76,77,80
9/23/97,01,04,14,21,22,23,24,35,41,43,47,48,52,64,66,73,74,75,76,80
9/22/97,10,22,26,28,34,35,38,40,43,45,47,50,52,54,56,59,63,67,74,80
9/21/97,03,13,26,35,38,40,43,47,49,51,53,57,58,65,66,67,69,72,76,78
9/20/97,06,07,11,13,21,26,31,32,33,35,43,48,49,51,57,61,65,73,74,77
9/19/97,04,08,17,24,25,27,30,31,33,38,39,40,41,44,49,55,59,60,61,71
9/18/97,03,05,17,21,22,28,29,34,35,37,40,46,48,50,56,62,73,75,76,78
9/17/97,06,09,14,17,23,25,27,32,38,41,42,50,52,58,60,62,64,67,73,78
9/16/97,01,04,06,12,17,20,22,31,32,35,36,39,43,48,50,52,59,65,67,80
9/15/97,03,05,06,22,24,25,27,32,33,35,41,42,43,44,47,50,60,71,75,80
9/14/97,10,15,16,20,23,27,29,36,39,46,48,50,51,55,56,63,65,71,78,80
9/13/97,01,02,03,06,19,22,27,28,29,30,35,37,39,45,50,60,65,72,76,78
9/12/97,04,05,14,16,19,21,26,30,31,32,39,40,43,52,55,56,76,77,78,80
9/11/97,01,08,17,21,28,31,32,43,47,51,54,55,60,65,66,67,68,69,72,73
9/10/97,04,05,06,08,11,15,25,31,32,33,35,36,39,45,56,62,66,73,74,76
9/9/97,01,10,12,19,22,24,33,35,37,40,42,49,50,56,60,61,65,71,73,80
9/8/97,02,06,10,11,12,16,21,25,26,27,33,42,43,48,49,55,65,69,72,80
9/7/97,02,03,08,15,19,20,25,38,42,43,45,47,48,49,56,62,65,69,70,75
9/6/97,08,12,13,21,23,27,38,39,43,44,49,59,60,62,63,64,66,68,69,79
9/5/97,01,09,12,15,31,34,41,42,43,46,47,50,60,61,64,69,72,78,79,80
9/4/97,01,04,07,10,16,19,31,33,36,37,39,46,48,49,63,69,71,72,73,79
9/3/97,03,11,19,27,30,34,35,38,40,44,45,46,51,54,57,63,72,75,76,78
9/2/97,02,08,09,15,19,24,25,32,34,48,52,55,58,69,70,71,73,74,76,77
9/1/97,04,16,19,21,22,25,29,36,41,43,46,50,54,56,58,63,65,67,70,80
8/31/97,02,07,10,11,18,28,34,35,38,41,44,47,61,64,66,67,69,75,78,80
8/30/97,04,09,17,23,26,31,32,37,40,44,45,46,47,48,49,55,60,69,72,78
8/29/97,07,08,10,14,16,17,18,20,23,31,34,36,46,47,48,52,64,67,68,78
8/28/97,03,10,12,13,23,33,34,35,42,46,49,56,57,58,63,69,75,77,79,80
8/27/97,05,07,13,15,27,29,40,44,46,50,53,55,56,61,62,66,70,74,75,79
8/26/97,02,03,09,16,18,19,24,32,35,38,39,42,47,54,56,57,65,68,78,80
8/25/97,04,11,12,18,22,23,24,34,35,41,46,53,56,59,65,68,69,70,76,79
8/24/97,01,06,23,24,30,33,38,42,46,49,50,51,53,56,58,59,62,71,75,80
8/23/97,01,03,06,15,17,18,20,27,30,36,40,49,50,51,53,54,56,58,72,73
8/22/97,07,08,17,18,30,31,35,38,44,47,53,57,62,68,69,70,72,75,77,78
8/21/97,06,07,16,19,24,26,29,33,39,43,44,45,54,60,62,64,67,70,71,80
8/20/97,01,06,16,29,30,31,36,40,41,43,48,54,56,59,61,65,72,73,76,78
8/19/97,04,08,10,13,17,19,21,27,37,39,45,47,51,55,63,64,65,67,74,76
8/18/97,03,08,11,15,22,25,26,28,33,44,48,53,60,61,62,65,67,71,74,78
8/17/97,04,11,21,23,24,28,34,35,39,40,42,50,51,52,53,54,58,61,66,73
8/16/97,04,10,13,15,17,22,26,31,46,52,55,56,61,62,63,64,70,73,75,79
8/15/97,01,05,09,11,13,15,17,21,26,29,30,33,36,44,50,51,53,65,69,71
8/14/97,03,04,14,21,26,27,32,33,37,45,51,53,56,58,59,60,63,70,76,77
8/13/97,04,06,08,15,24,25,31,35,36,37,41,42,44,45,47,64,69,70,72,76
8/12/97,01,02,05,06,07,09,15,18,20,27,31,36,37,41,47,56,57,61,70,75
8/11/97,02,04,05,07,10,14,16,19,24,25,32,34,42,58,65,67,68,69,76,80
8/10/97,01,02,03,04,06,08,10,22,24,28,47,51,62,64,67,69,70,72,78,79
8/9/97,03,05,16,18,23,26,30,31,32,39,41,43,45,46,47,51,59,65,69,79
8/8/97,03,07,10,14,16,17,28,34,37,46,51,54,56,57,61,65,69,74,77,79
8/7/97,02,04,13,23,25,27,30,31,37,40,42,44,46,50,54,58,59,63,67,79
8/6/97,04,08,09,11,13,14,16,19,25,32,39,40,43,46,48,51,54,58,59,71
8/5/97,01,10,11,15,20,24,28,31,33,40,42,46,49,51,53,54,70,71,75,77
8/4/97,02,03,06,15,29,30,36,39,41,46,47,48,50,51,52,58,61,67,73,80
8/3/97,06,10,15,22,23,25,29,31,32,36,47,51,55,57,59,60,63,64,74,79
8/2/97,02,05,14,18,22,23,26,28,29,37,46,50,53,60,61,64,65,71,72,73
8/1/97,02,05,08,09,10,14,22,23,31,32,34,38,39,41,42,47,52,54,59,78
7/31/97,10,13,19,22,27,31,32,36,37,39,43,45,56,59,60,63,73,75,79,80
7/30/97,06,16,17,18,19,20,22,24,25,27,32,38,50,51,53,56,67,68,74,75
7/29/97,01,05,11,14,17,23,31,32,34,35,39,43,51,52,53,58,72,74,76,79
7/28/97,02,04,06,13,16,19,21,23,33,39,42,43,49,54,55,57,63,75,79,80
7/27/97,04,05,08,10,18,20,21,25,27,29,41,47,51,54,55,57,58,65,75,77
7/26/97,03,07,12,17,18,26,32,33,37,38,44,45,49,53,54,57,58,61,76,80
7/25/97,01,03,11,19,20,24,44,45,47,49,52,55,57,60,62,69,71,78,79,80
7/24/97,09,12,16,18,20,35,42,44,45,49,52,55,58,62,67,72,73,77,78,79
7/23/97,09,10,14,18,21,24,25,31,32,39,40,41,44,45,48,50,62,69,71,79
7/22/97,07,15,19,21,24,32,33,36,38,43,48,51,55,65,68,73,74,76,77,79
7/21/97,01,02,04,05,09,11,16,22,26,27,29,36,51,61,67,69,70,72,73,76
7/20/97,02,03,10,12,17,21,22,24,36,51,53,54,55,59,68,69,70,72,73,80
7/19/97,02,04,07,10,17,21,27,30,32,33,34,39,40,42,49,56,66,69,72,73
7/18/97,05,06,14,24,28,36,43,50,56,57,58,61,62,65,69,71,72,73,76,78
7/17/97,08,09,11,14,23,28,34,38,43,45,47,52,58,59,62,63,66,76,78,80
7/16/97,01,02,08,14,26,28,38,40,41,42,49,55,62,63,64,65,67,72,74,76
7/15/97,05,07,10,24,31,37,40,52,53,60,61,63,64,65,66,71,74,77,78,79
7/14/97,02,08,09,13,14,15,18,22,24,32,37,41,47,50,54,56,72,76,77,80
7/13/97,10,13,15,17,33,37,42,44,47,53,54,55,58,59,62,69,72,77,79,80
7/12/97,03,04,11,13,14,15,19,24,34,43,44,47,49,51,56,60,66,67,70,73
7/11/97,06,08,19,26,29,30,32,35,40,41,53,54,56,60,62,66,71,72,73,76
7/10/97,02,06,07,10,12,13,14,19,21,27,33,41,44,45,46,49,52,67,73,75
7/9/97,03,11,13,15,19,22,30,35,36,38,39,43,47,52,56,57,58,60,61,78
7/8/97,01,02,05,08,10,13,16,17,19,20,24,42,43,53,55,57,67,69,73,80
7/7/97,02,08,09,10,12,14,15,18,31,38,41,45,46,57,59,66,67,69,76,80
7/6/97,02,09,13,15,21,24,25,26,27,29,31,34,35,37,46,52,54,72,74,78
7/5/97,02,17,22,23,25,28,29,41,50,51,52,53,56,60,61,62,63,68,74,78
7/4/97,01,09,17,21,22,36,39,40,46,50,59,61,62,65,67,68,69,71,73,77
7/3/97,07,08,15,21,29,32,41,43,44,48,49,60,61,64,66,67,72,73,74,76
7/2/97,01,02,15,17,26,27,29,31,33,36,45,46,49,51,57,59,60,66,74,79
7/1/97,03,08,10,13,19,20,21,40,42,47,48,50,51,55,58,59,64,72,74,79
6/30/97,01,03,07,20,27,28,32,33,38,43,48,50,51,56,58,62,67,70,72,73
6/29/97,04,06,13,14,20,22,24,25,31,34,39,43,48,49,50,57,61,63,64,66
6/28/97,03,15,18,19,23,28,31,36,41,47,51,52,53,60,62,64,68,70,75,76
6/27/97,12,16,21,22,28,29,30,36,49,52,53,55,58,64,67,70,72,75,76,77
6/26/97,01,03,10,21,22,28,29,30,32,33,40,44,58,62,65,69,73,76,77,78
6/25/97,04,10,11,14,15,16,18,31,33,34,38,45,46,50,61,62,68,70,76,79
6/24/97,01,07,09,12,15,22,27,30,35,40,41,42,44,48,54,60,61,68,70,78
6/23/97,01,05,11,21,22,23,30,33,34,36,37,38,46,49,51,60,66,69,74,77
6/22/97,01,11,14,17,19,21,26,28,33,39,40,41,43,46,47,49,57,61,73,80
6/21/97,02,05,06,09,12,14,15,16,21,39,43,46,48,52,56,57,59,61,68,80
6/20/97,03,08,09,11,18,21,22,26,27,31,37,39,41,52,56,58,66,71,77,78
6/19/97,04,07,09,16,25,26,27,31,39,44,45,47,48,58,62,69,72,73,74,76
6/18/97,04,06,07,10,12,20,21,24,38,44,47,49,50,55,57,60,62,65,67,68
6/17/97,06,09,10,17,18,19,23,28,29,34,35,39,55,58,70,74,77,78,79,80
6/16/97,05,07,18,19,22,24,26,27,28,29,44,45,48,53,63,67,70,71,72,74
6/15/97,04,08,09,13,21,22,24,33,39,40,51,53,55,56,61,66,71,73,75,78
6/14/97,07,09,12,16,28,30,31,45,49,52,55,59,62,65,68,71,74,76,77,80
6/13/97,02,06,11,12,18,31,37,38,39,40,43,44,47,54,58,61,63,65,70,76
6/12/97,02,08,09,12,19,23,26,27,28,39,42,43,48,49,51,57,66,71,72,78
6/11/97,08,12,13,14,22,27,37,39,41,49,57,59,62,63,66,68,74,76,79,80
6/10/97,16,19,34,38,39,43,45,49,53,56,57,60,63,66,68,69,70,71,73,74
6/9/97,09,10,14,16,21,24,29,30,36,37,43,51,52,53,55,56,67,72,76,79
6/8/97,02,04,05,10,13,14,25,29,30,32,45,46,47,48,56,61,66,69,74,79
6/7/97,02,04,08,15,18,20,27,28,32,33,36,38,41,49,51,66,67,71,73,80
6/6/97,11,17,20,21,24,31,32,34,36,38,46,49,54,55,57,58,61,63,64,78
6/5/97,07,09,13,17,23,24,28,29,30,33,37,44,53,55,56,62,64,71,73,80
6/4/97,04,05,06,14,15,18,23,30,32,35,38,39,40,58,59,65,70,72,75,76
6/3/97,01,02,14,25,28,29,30,32,34,38,39,46,48,53,55,57,58,60,69,76
6/2/97,03,07,08,10,14,16,17,20,21,26,33,34,37,40,44,52,53,58,62,70
6/1/97,01,08,09,11,16,19,24,31,32,35,39,45,48,52,57,65,67,68,73,76
5/31/97,04,08,12,18,19,20,25,27,33,36,39,43,47,50,51,66,70,72,73,75
5/30/97,08,16,17,20,21,25,31,32,35,37,39,47,48,54,60,61,62,63,64,72
5/29/97,03,15,21,25,26,33,40,45,50,51,53,60,65,66,67,70,74,76,77,78
5/28/97,01,08,14,15,16,21,35,37,39,45,51,54,61,64,65,71,72,73,74,78
5/27/97,05,15,16,17,18,19,28,30,40,41,50,54,55,58,64,65,66,68,75,79
5/26/97,10,11,12,15,24,25,28,33,36,40,41,47,50,51,53,54,59,61,68,71
5/25/97,02,21,23,24,37,38,39,44,49,50,51,53,55,58,61,64,71,73,78,79
5/24/97,05,08,19,20,26,31,33,36,40,41,44,45,48,51,57,61,68,74,77,78
5/23/97,04,07,16,18,26,28,34,41,45,51,54,58,62,68,72,73,74,76,77,78
5/22/97,05,06,12,14,21,27,31,32,34,37,42,44,53,64,65,66,67,68,69,77
5/21/97,03,06,08,09,12,15,17,19,20,23,24,27,31,32,34,35,38,41,75,77
5/20/97,03,08,09,15,19,21,22,27,30,39,43,44,54,59,61,62,68,76,77,80
5/19/97,01,08,09,10,12,13,16,20,21,23,24,28,32,37,38,48,63,69,71,75
5/18/97,04,06,08,12,15,18,19,23,27,34,35,36,37,41,47,49,53,63,71,72
5/17/97,02,08,18,21,27,32,36,37,38,48,51,56,64,68,70,71,72,76,77,80
5/16/97,01,04,05,07,11,16,21,23,33,36,42,43,45,46,50,55,60,66,76,78
5/15/97,02,03,11,12,19,31,35,40,43,51,52,54,57,60,64,70,73,76,77,79
5/14/97,04,06,08,09,14,17,21,24,26,27,31,36,44,47,48,50,60,65,68,74
5/13/97,01,03,04,12,15,17,19,20,27,34,39,40,50,53,54,62,65,66,68,73
5/12/97,04,19,21,28,31,36,37,39,41,45,52,53,55,57,61,63,65,68,74,78
5/11/97,03,12,17,20,22,23,25,26,28,29,38,47,52,53,61,62,65,67,76,80
5/10/97,03,15,17,20,21,26,31,33,35,44,55,57,64,65,67,72,73,76,77,80
5/9/97,01,08,16,19,21,30,31,35,36,37,38,40,41,45,54,62,67,68,69,78
5/8/97,01,02,03,10,11,12,16,17,19,24,28,35,37,39,52,54,57,73,76,77
5/7/97,04,05,08,10,12,19,28,39,40,41,49,50,54,57,59,60,63,64,70,79
5/6/97,01,03,06,09,12,14,17,22,27,33,46,48,50,54,59,70,72,75,78,79
5/5/97,02,08,20,24,26,34,35,36,39,40,46,47,49,52,54,60,61,62,68,71
5/4/97,01,02,04,07,11,17,23,27,33,34,35,37,51,55,60,66,67,78,79,80
5/3/97,11,12,19,24,25,26,30,33,34,39,40,47,48,50,58,59,61,69,71,78
5/2/97,05,06,09,13,15,16,19,20,22,27,31,32,33,37,39,51,53,62,76,78
5/1/97,03,05,09,10,12,15,20,25,31,32,39,40,44,48,55,56,68,69,71,74
4/30/97,01,03,07,10,11,13,15,19,22,25,36,38,46,50,54,60,65,69,73,75
4/29/97,01,09,10,25,30,32,35,42,48,49,51,52,54,58,60,69,71,73,75,77
4/28/97,02,06,17,22,29,31,32,40,45,48,50,57,61,62,63,68,71,73,76,80
4/27/97,08,09,14,15,17,19,28,29,30,32,43,44,46,49,61,64,68,69,75,80
4/26/97,02,05,09,10,12,13,18,22,31,33,36,39,46,49,52,54,62,63,67,73
4/25/97,02,04,09,13,19,30,37,42,44,46,48,49,52,53,59,62,68,74,76,79
4/24/97,03,08,12,15,16,22,27,33,34,35,40,45,47,50,54,55,62,69,73,79
4/23/97,02,04,07,10,16,23,25,28,31,33,36,37,52,55,61,66,72,74,77,80
4/22/97,05,06,07,08,13,16,23,32,40,46,51,54,57,60,61,65,69,74,75,77
4/21/97,03,07,14,18,23,25,28,30,31,32,36,38,51,54,59,61,63,64,69,70
4/20/97,03,08,13,16,18,19,24,26,41,42,52,55,63,64,65,67,71,75,76,78
4/19/97,04,06,09,12,16,17,24,26,28,32,34,35,37,40,42,49,56,59,64,78
4/18/97,05,06,10,17,18,19,20,23,33,39,41,46,51,57,60,65,66,67,72,73
4/17/97,04,16,17,18,19,21,27,28,33,34,46,50,61,65,67,69,71,78,79,80
4/16/97,02,03,08,10,11,15,19,23,25,26,29,31,42,44,46,59,62,71,72,76
4/15/97,01,03,04,05,17,19,25,26,33,35,37,38,42,43,45,48,52,56,75,80
4/14/97,02,06,07,09,13,15,19,28,30,35,37,40,42,50,51,52,63,65,66,72
4/13/97,02,08,17,19,28,29,30,31,35,37,44,46,47,52,64,66,69,70,75,77
4/12/97,01,03,06,10,12,15,17,24,25,27,35,37,39,44,47,53,58,61,63,79
4/11/97,07,12,13,16,23,28,34,36,37,41,43,44,49,53,55,57,65,67,70,80
4/10/97,05,10,12,16,26,27,29,32,40,43,50,51,52,66,72,73,74,75,77,79
4/9/97,05,09,14,17,20,21,26,28,31,33,38,43,47,48,49,60,64,78,79,80
4/8/97,03,07,15,20,21,23,30,33,35,36,37,38,45,50,61,67,70,74,75,76
4/7/97,02,04,10,16,19,20,26,27,32,33,43,49,53,56,58,63,64,70,76,78
4/6/97,01,08,11,12,15,20,25,26,28,38,44,49,51,58,61,64,66,67,72,77
4/5/97,02,04,11,13,16,18,23,30,31,34,42,45,49,51,53,70,72,73,75,77
4/4/97,08,10,15,16,17,18,24,25,26,27,34,56,60,64,70,71,75,77,78,80
4/3/97,03,18,19,20,26,27,30,31,32,35,36,38,40,45,54,66,67,75,79,80
4/2/97,06,12,14,19,21,29,30,32,35,45,46,48,51,53,64,69,70,72,76,78
4/1/97,03,11,12,13,26,29,35,37,40,41,46,55,57,59,65,66,67,73,74,76
3/31/97,01,09,14,19,22,23,31,33,35,37,40,42,52,55,59,67,69,72,74,78
3/30/97,09,13,16,17,23,32,33,37,38,40,41,42,50,57,62,71,72,73,76,78
3/29/97,03,04,17,18,19,26,30,32,35,37,59,60,61,62,65,66,69,72,77,79
3/28/97,04,06,08,09,21,23,27,33,35,36,41,45,47,52,53,64,70,71,76,80
3/27/97,02,07,09,12,15,17,23,25,29,33,34,42,45,47,48,49,55,60,72,80
3/26/97,01,12,14,18,21,27,35,40,42,45,53,59,60,62,63,66,67,72,74,79
3/25/97,06,09,12,14,19,22,30,31,42,44,46,58,59,61,64,68,69,72,75,76
3/24/97,11,13,19,26,28,36,42,46,53,56,57,58,59,62,64,66,67,70,77,78
3/23/97,01,02,03,05,09,15,17,18,19,22,29,30,34,43,48,55,59,61,64,79
3/22/97,03,05,07,10,11,12,14,16,18,26,34,37,40,44,50,57,69,70,75,76
3/21/97,03,04,18,19,28,31,36,46,52,53,55,56,64,65,67,68,75,78,79,80
3/20/97,03,13,16,18,21,22,30,31,43,48,49,50,51,58,61,63,66,69,70,73
3/19/97,01,08,15,16,18,19,24,30,32,35,48,50,53,57,62,68,71,72,74,75
3/18/97,03,04,07,08,14,18,19,20,25,30,44,46,47,54,58,59,60,66,70,80
3/17/97,03,07,18,23,27,28,38,39,40,44,48,53,54,57,60,63,69,71,77,78
3/16/97,05,10,12,13,19,20,21,25,27,32,33,36,38,39,48,53,55,60,65,72
3/15/97,03,04,05,13,14,15,26,33,34,36,44,46,49,50,52,57,61,66,68,72
3/14/97,12,14,17,21,25,27,32,39,41,42,46,47,51,58,62,65,69,74,77,79
3/13/97,03,06,15,17,22,23,24,32,35,39,40,41,44,48,58,59,63,70,75,76
3/12/97,01,07,10,11,12,24,33,35,37,44,47,48,49,50,53,54,64,66,75,76
3/11/97,02,03,04,06,13,15,17,26,30,41,46,48,51,52,55,59,67,71,73,78
3/10/97,03,11,13,15,16,19,20,24,35,37,42,45,48,52,55,63,64,77,78,79
3/9/97,08,10,15,16,18,23,24,36,38,41,45,46,47,49,66,70,73,76,77,80
3/8/97,02,13,15,16,17,22,24,28,38,47,48,57,58,59,62,63,64,70,74,80
3/7/97,10,20,27,29,31,34,36,40,49,50,53,55,57,59,61,65,68,69,72,75
3/6/97,09,14,17,18,20,27,30,32,39,45,50,51,52,53,56,57,61,62,66,74
3/5/97,01,08,19,20,26,27,29,31,35,38,41,44,45,49,50,51,55,62,68,76
3/4/97,01,03,06,09,10,12,19,25,26,35,37,47,52,53,55,56,58,61,71,78
3/3/97,03,09,12,27,29,32,39,41,43,44,53,55,57,61,63,66,70,72,75,78
3/2/97,13,14,23,24,27,43,44,48,51,52,54,56,58,59,60,64,75,77,78,79
3/1/97,11,14,16,17,26,27,29,33,34,37,40,46,47,50,58,60,61,67,68,79
2/28/97,01,04,12,14,16,21,25,31,32,36,37,41,45,46,48,59,61,68,72,79
2/27/97,05,08,09,11,17,26,31,35,39,40,41,44,47,54,59,61,62,74,75,78
2/26/97,03,08,14,17,26,29,31,33,37,52,56,57,58,59,62,67,68,73,76,79
2/25/97,11,18,19,20,21,22,25,28,29,30,36,47,49,51,55,59,62,66,68,73
2/24/97,02,06,07,14,18,19,25,27,30,33,37,38,42,52,56,58,60,66,67,75
2/23/97,03,07,14,20,24,25,27,30,34,36,41,50,52,56,60,63,69,71,72,79
2/22/97,03,08,10,18,23,24,28,31,34,41,42,52,53,54,55,57,62,65,68,78
2/21/97,04,06,07,12,17,19,21,23,25,34,35,41,43,45,56,57,59,61,70,76
2/20/97,02,03,04,05,20,21,24,27,28,31,36,42,45,52,54,64,69,73,77,79
2/19/97,01,04,10,14,15,16,18,21,23,24,28,33,40,45,62,63,64,67,71,77
2/18/97,10,11,17,24,30,33,39,40,45,50,51,54,58,61,63,66,72,74,75,78
2/17/97,02,06,10,13,16,22,23,24,27,31,37,39,41,46,48,52,61,66,68,80
2/16/97,03,04,12,16,21,28,31,46,48,50,51,53,57,59,61,67,70,71,77,79
2/15/97,01,08,09,14,16,21,26,35,38,39,41,43,46,53,54,59,61,62,68,74
2/14/97,07,12,13,22,29,30,31,32,33,36,39,40,41,42,52,55,59,72,73,76
2/13/97,04,10,11,15,20,26,35,40,42,50,52,55,60,64,66,72,73,76,77,78
2/12/97,02,05,09,12,15,17,26,31,32,37,38,50,53,54,58,65,72,76,77,79
2/11/97,01,03,06,09,10,11,17,21,23,24,31,32,35,41,42,44,53,57,59,62
2/10/97,03,08,09,16,23,29,30,32,38,39,42,50,52,57,59,68,73,75,76,77
2/9/97,07,08,12,16,21,24,26,29,31,39,40,45,48,52,59,62,65,71,75,79
2/8/97,08,11,16,18,19,25,34,36,37,39,50,53,56,63,65,67,70,73,75,79
2/7/97,02,12,13,18,21,25,27,31,32,34,36,42,49,50,55,57,66,67,75,76
2/6/97,13,14,15,17,19,20,24,36,40,44,48,51,55,67,68,70,71,76,78,79
2/5/97,01,05,06,10,14,15,18,26,27,28,29,30,32,49,52,55,63,69,76,78
2/4/97,05,07,10,11,13,17,20,23,26,28,30,32,48,55,58,60,69,70,74,80
2/3/97,02,07,09,11,12,18,20,25,28,30,35,46,47,49,50,53,55,64,67,71
2/2/97,05,09,18,21,22,26,27,31,34,38,41,43,44,50,55,58,59,66,76,80
2/1/97,01,04,05,10,12,13,16,20,28,34,39,41,43,44,45,47,68,71,75,79
1/31/97,03,05,09,12,18,19,24,25,30,32,40,45,46,47,50,52,53,57,77,79
1/30/97,06,07,09,13,16,18,19,20,25,29,31,34,36,37,39,62,65,66,73,74
1/29/97,10,19,20,23,27,33,37,38,39,40,41,42,49,52,54,56,65,66,71,80
1/28/97,03,05,06,10,21,27,29,30,32,37,39,49,50,53,54,56,59,64,65,77
1/27/97,12,13,15,18,21,22,26,32,34,40,46,52,59,60,61,67,69,73,77,80
1/26/97,04,05,07,17,22,24,30,37,39,45,55,60,62,64,65,73,74,76,79,80
1/25/97,07,08,09,10,16,25,26,27,28,29,36,40,46,51,53,58,65,68,79,80
1/24/97,04,06,08,10,14,16,22,24,30,32,38,41,45,49,50,53,57,69,76,79
1/23/97,06,09,10,13,21,22,30,38,42,45,46,52,53,56,62,63,71,72,77,79
1/22/97,01,07,09,13,18,21,27,29,33,35,36,37,50,51,53,56,57,66,70,72
1/21/97,11,13,14,16,19,20,25,30,33,39,41,43,47,48,60,61,65,67,70,71
1/20/97,01,07,08,12,16,18,23,24,27,29,30,31,44,46,49,50,54,62,63,72
1/19/97,02,08,14,32,34,37,40,42,47,48,49,50,58,59,63,65,69,71,74,76
1/18/97,03,04,25,29,40,43,47,48,53,56,58,60,61,64,65,71,73,74,75,78
1/17/97,02,08,09,10,16,24,29,34,36,37,40,43,51,54,56,62,64,68,71,79
1/16/97,03,05,12,20,24,31,34,38,41,43,51,53,58,60,68,69,70,71,76,78
1/15/97,04,06,15,18,19,22,25,28,31,33,47,49,55,56,57,58,59,64,67,68
1/14/97,01,09,13,15,20,26,29,31,33,41,44,51,55,56,57,63,64,70,72,76
1/13/97,04,11,13,24,25,27,28,30,32,39,52,57,58,61,62,67,70,72,76,77
1/12/97,01,08,16,17,20,28,33,36,40,44,51,54,57,58,62,66,68,69,71,78
1/11/97,10,12,13,15,17,20,28,31,37,39,47,49,51,56,63,64,65,66,69,76
1/10/97,03,04,05,15,23,26,27,32,48,53,54,58,59,60,62,69,73,77,79,80
1/9/97,02,05,20,21,41,42,43,44,45,52,54,55,59,61,62,67,69,77,78,80
1/8/97,03,14,15,17,18,24,29,30,34,35,37,40,44,47,48,55,66,68,75,77
1/7/97,01,03,08,12,14,18,21,22,24,26,27,47,50,56,57,62,63,69,71,73
1/6/97,02,09,12,13,16,21,22,26,28,29,30,31,37,39,43,45,50,62,63,72
1/5/97,03,04,06,07,14,24,34,40,43,47,49,54,55,56,66,67,68,70,76,78
1/4/97,02,03,04,10,14,15,20,24,40,46,49,50,51,57,60,61,62,69,73,79
1/3/97,03,04,08,15,26,30,32,33,36,43,47,48,49,57,60,63,67,68,74,75
1/2/97,01,09,13,16,23,30,37,45,47,48,59,61,63,70,71,73,76,77,78,80
1/1/97,03,05,07,17,19,20,22,29,36,37,41,42,46,49,53,57,61,67,75,79
12/31/96,08,10,13,14,15,16,31,33,35,41,43,47,52,54,61,62,63,64,67,74
12/30/96,04,06,11,13,26,28,30,31,33,34,38,39,40,57,59,63,68,70,73,74
12/29/96,01,07,09,12,17,18,20,23,24,30,31,36,59,60,64,66,68,72,74,79
12/28/96,09,11,12,14,16,17,30,33,47,48,50,56,57,60,61,63,71,72,75,78
12/27/96,04,06,08,11,13,16,21,25,27,29,30,31,35,37,43,45,50,57,63,76
12/26/96,01,16,21,22,25,28,30,32,33,36,47,54,55,57,60,61,68,70,71,75
12/24/96,01,09,12,13,14,17,22,33,38,39,41,43,45,46,57,58,61,62,72,78
12/23/96,03,05,06,07,14,15,19,23,27,31,38,39,47,48,50,53,57,64,71,72
12/22/96,04,07,14,15,17,18,24,27,33,35,37,41,45,48,63,69,72,73,74,75
12/21/96,02,03,07,08,10,18,21,26,30,42,43,46,50,54,58,61,71,72,74,76
12/20/96,01,02,07,13,21,22,26,27,38,39,42,45,48,49,58,61,64,68,72,74
12/19/96,06,09,13,16,19,20,24,32,33,35,36,37,38,40,52,54,55,57,65,75
12/18/96,05,09,10,16,20,23,25,30,32,41,44,45,52,54,57,63,64,73,74,78
12/17/96,03,05,06,10,21,24,26,28,29,38,44,52,55,57,62,63,64,71,76,77
12/16/96,05,08,16,19,24,32,33,39,46,49,52,59,63,64,65,66,69,70,71,77
12/15/96,04,09,12,17,19,26,28,34,35,38,41,47,48,51,56,61,67,70,72,77
12/14/96,02,08,09,10,15,22,26,28,32,33,39,47,51,52,54,57,59,72,74,76
12/13/96,04,06,08,11,12,16,18,21,22,26,30,44,47,48,50,55,58,61,78,79
12/12/96,05,06,07,09,12,14,15,17,22,29,48,51,52,54,56,63,66,67,68,69
12/11/96,07,14,16,17,19,23,34,35,37,38,45,46,51,54,55,58,62,63,64,72
12/10/96,01,04,08,17,21,22,28,30,33,39,43,44,49,61,64,67,71,74,77,78
12/9/96,02,08,09,10,11,20,24,25,30,33,40,41,42,48,49,58,59,63,64,77
12/8/96,01,12,24,27,34,35,39,50,51,54,55,56,59,61,66,67,69,73,76,79
12/7/96,02,09,11,13,16,19,20,24,29,31,33,34,35,45,56,59,60,63,64,65
12/6/96,01,08,15,21,22,23,30,32,46,48,50,53,55,58,59,60,62,67,73,75
12/5/96,02,03,07,11,17,23,30,31,37,40,47,50,56,58,61,66,68,73,76,77
12/4/96,03,07,12,20,23,25,26,29,30,31,32,33,34,49,52,68,69,74,75,80
12/3/96,01,06,07,18,22,27,30,31,36,39,42,49,57,63,64,67,71,72,77,80
12/2/96,01,04,14,17,26,28,33,35,41,47,48,51,52,56,57,59,61,76,78,79
12/1/96,07,16,24,26,27,28,31,32,33,36,37,52,54,56,61,65,70,75,76,79
11/30/96,02,09,10,11,15,16,17,18,19,22,38,43,45,48,55,63,64,74,76,80
11/29/96,01,02,04,05,08,11,16,17,27,28,37,39,50,53,55,57,58,64,70,80
11/28/96,02,06,07,13,20,22,23,29,42,62,64,66,69,71,72,73,74,76,79,80
11/27/96,01,06,07,08,12,28,31,34,44,45,46,50,57,60,61,63,65,66,78,80
11/26/96,06,07,08,09,14,15,23,29,33,34,40,45,49,54,56,59,63,71,74,78
11/25/96,04,07,13,15,20,28,32,33,36,37,40,41,51,55,58,70,71,74,76,78
11/24/96,04,05,07,17,24,33,35,43,44,45,46,53,54,55,60,61,63,68,73,75
11/23/96,02,05,16,17,18,20,28,32,36,45,47,54,57,60,61,66,69,73,79,80
11/22/96,16,18,19,21,25,27,32,38,42,44,46,52,55,56,57,58,60,61,70,80
11/21/96,02,03,17,20,26,32,38,41,42,50,52,55,58,60,64,68,72,76,79,80
11/20/96,10,17,18,20,27,32,33,38,46,47,54,56,60,62,67,73,74,77,79,80
11/19/96,05,08,10,14,15,17,20,27,34,41,47,49,50,51,53,63,66,70,77,79
11/18/96,01,02,06,07,14,15,16,23,27,28,36,40,52,53,54,59,62,68,74,78
11/17/96,03,08,12,14,19,28,31,33,41,43,47,51,62,63,66,70,73,76,78,80
11/16/96,02,05,07,11,21,23,26,28,34,37,38,39,46,51,57,60,65,66,70,80
11/15/96,07,09,22,26,27,31,32,35,36,38,40,44,48,51,53,59,67,72,73,79
11/14/96,06,07,11,16,24,28,29,35,39,40,41,44,55,59,63,65,70,72,78,79
11/13/96,01,02,03,09,11,17,26,28,31,34,41,42,45,50,51,53,59,60,70,73
11/12/96,01,12,14,15,24,25,28,31,32,33,35,52,53,57,58,60,64,65,75,77
11/11/96,01,04,05,07,16,18,23,24,25,26,32,46,54,55,59,67,69,74,79,80
11/10/96,01,02,04,08,13,21,31,32,33,37,43,46,52,53,63,70,71,73,75,79
11/9/96,04,09,13,14,15,18,30,35,42,49,52,53,55,57,58,62,71,73,78,79
11/8/96,05,14,15,26,27,28,31,32,43,47,49,51,53,55,61,62,66,72,75,79
11/7/96,01,06,07,10,14,22,29,30,31,41,42,44,50,55,56,60,71,73,79,80
11/6/96,01,02,05,09,19,26,27,29,40,44,53,54,55,56,61,62,68,70,76,80
11/5/96,01,02,03,04,16,22,23,25,34,36,41,43,48,50,51,57,58,62,65,73
11/4/96,03,06,08,09,10,11,20,27,34,37,43,45,50,54,61,62,69,76,78,80
11/3/96,01,02,11,12,19,24,25,27,28,35,36,37,39,42,44,60,66,67,70,79
11/2/96,03,04,06,07,08,12,15,23,31,33,36,37,49,50,51,52,56,69,76,80
11/1/96,03,04,05,13,17,18,21,23,27,29,34,42,45,47,50,56,75,76,77,79
10/31/96,02,03,05,06,09,10,15,16,28,32,43,51,55,60,61,63,68,69,70,74
10/30/96,04,05,08,17,20,21,24,25,28,34,35,37,39,46,49,54,62,67,69,79
10/29/96,04,06,08,15,16,21,25,29,34,35,38,44,46,61,62,64,67,69,74,80
10/28/96,03,09,17,25,26,28,32,42,43,44,45,47,50,53,55,63,72,75,77,79
10/27/96,02,04,05,10,11,14,16,21,37,38,43,47,50,51,57,60,63,64,76,77
10/26/96,02,04,06,15,18,19,29,34,43,44,46,48,54,55,65,68,70,74,75,77
10/25/96,01,03,14,18,22,24,26,28,35,36,40,49,51,52,53,67,75,77,79,80
10/24/96,11,17,18,20,24,25,27,28,30,32,35,42,46,50,55,59,60,70,73,79
10/23/96,03,06,08,11,14,15,17,25,32,37,38,40,42,49,50,51,52,57,71,72
10/22/96,04,09,11,13,17,21,24,26,33,42,44,46,48,53,57,61,62,68,72,80
10/21/96,05,09,14,20,21,22,29,34,38,39,43,47,48,52,58,62,72,76,77,80
10/20/96,02,05,07,13,14,17,22,24,29,30,44,51,56,60,61,70,71,72,78,80
10/19/96,05,07,11,13,17,23,28,29,32,34,35,40,42,44,45,49,52,57,61,74
10/18/96,01,02,19,20,21,22,24,32,33,35,36,38,44,50,55,62,63,65,72,73
10/17/96,04,05,07,13,31,34,42,43,47,49,51,53,55,62,63,68,73,78,79,80
10/16/96,08,10,12,13,17,23,24,37,46,47,48,51,53,59,62,63,69,72,78,79
10/15/96,06,10,12,25,27,28,33,39,41,44,46,47,49,50,51,53,59,60,66,75
10/14/96,06,07,10,33,37,39,45,52,53,55,59,60,62,67,68,69,70,71,74,77
10/13/96,02,04,05,10,11,15,18,23,28,34,35,36,39,40,45,51,52,59,69,76
10/12/96,02,04,05,16,19,24,25,26,29,32,33,41,44,48,51,57,65,66,72,77
10/11/96,05,07,16,19,30,32,35,45,49,50,51,53,55,57,59,60,62,70,73,77
10/10/96,06,08,09,16,17,20,21,32,36,41,47,48,50,51,55,57,60,72,77,79
10/9/96,02,17,20,22,27,28,29,35,37,38,41,42,45,52,58,60,67,71,72,76
10/8/96,03,05,07,09,11,19,21,25,27,29,36,41,55,61,63,66,69,73,75,76
10/7/96,07,13,14,16,18,21,25,31,33,38,42,52,56,57,66,71,73,76,79,80
10/6/96,03,04,06,09,10,15,25,27,32,33,37,44,49,51,54,55,65,67,68,73
10/5/96,10,14,17,23,29,31,35,37,38,39,43,46,48,51,53,61,62,67,75,78
10/4/96,01,03,08,19,20,26,28,34,35,40,43,45,46,55,57,61,66,70,75,77
10/3/96,01,02,07,10,18,23,26,27,29,31,41,45,47,57,59,68,70,71,74,78
10/2/96,01,06,07,09,14,15,16,19,21,22,32,49,51,57,58,59,64,72,79,80
10/1/96,02,04,09,10,14,15,17,18,20,21,25,29,46,57,61,68,71,72,74,79
9/30/96,01,02,04,15,19,23,25,31,37,39,42,44,47,54,59,60,61,62,63,78
9/29/96,02,03,09,17,24,28,29,33,35,42,52,54,55,56,61,62,66,69,76,80
9/28/96,05,06,09,13,16,19,22,24,35,38,42,45,46,51,60,62,64,67,75,80
9/27/96,01,05,10,13,15,20,21,25,30,43,45,47,50,54,56,68,69,70,74,80
9/26/96,01,14,15,19,20,22,30,33,40,45,46,51,59,62,64,66,70,71,75,77
9/25/96,01,08,18,21,25,31,34,35,37,39,43,47,51,53,59,63,69,75,76,77
9/24/96,01,11,18,19,24,32,37,40,46,47,51,54,55,56,58,65,69,73,75,80
9/23/96,07,09,14,15,17,21,22,28,29,36,39,43,44,45,48,57,58,59,60,73
9/22/96,02,04,09,12,14,17,24,30,32,36,37,38,42,44,56,57,70,73,74,76
9/21/96,05,07,10,11,15,20,23,30,33,35,38,42,44,47,65,69,71,74,75,76
9/20/96,19,22,24,29,38,42,46,49,50,52,55,60,62,63,64,67,70,72,73,75
9/19/96,08,14,15,21,22,28,29,31,39,43,53,54,57,58,67,71,73,76,78,79
9/18/96,06,08,10,11,13,15,22,23,33,35,40,43,44,46,57,64,67,70,76,77
9/17/96,06,08,26,28,31,35,36,38,45,47,50,52,56,60,61,70,74,75,77,78
9/16/96,01,02,24,25,26,30,32,33,40,41,42,44,51,55,63,65,68,71,72,77
9/15/96,02,13,15,18,19,20,22,29,32,33,37,42,45,46,51,52,55,60,63,68
9/14/96,06,08,17,19,24,27,36,43,51,52,53,55,61,63,64,65,67,73,74,80
9/13/96,06,07,09,14,19,20,22,25,29,38,41,42,43,55,56,68,70,72,74,76
9/12/96,03,05,07,12,21,22,24,27,32,35,36,39,47,57,60,63,69,74,78,80
9/11/96,04,05,11,13,14,16,26,31,35,38,39,54,55,58,65,67,71,74,77,80
9/10/96,05,06,10,13,14,16,17,19,25,32,33,39,45,48,54,57,59,60,73,79
9/9/96,06,07,08,10,15,16,18,31,35,37,40,42,46,49,61,65,67,76,78,80
9/8/96,10,11,12,20,23,24,28,29,30,33,43,50,53,56,63,65,67,73,74,76
9/7/96,09,10,19,22,23,27,35,36,40,46,47,50,57,58,62,63,74,75,77,79
9/6/96,05,10,22,23,24,28,29,30,35,37,39,40,44,45,53,57,61,65,69,77
9/5/96,06,11,13,15,19,20,23,24,25,27,29,39,45,49,63,64,67,68,73,76
9/4/96,01,07,08,09,35,37,39,42,43,50,51,55,59,69,70,72,74,76,77,78
9/3/96,10,19,21,22,23,27,29,30,35,36,44,49,55,58,66,67,69,75,78,80
9/2/96,07,11,12,14,20,23,26,28,40,42,47,57,59,62,71,72,73,74,78,79
9/1/96,04,07,08,09,18,20,24,28,29,32,45,49,51,61,63,64,65,66,67,74
8/31/96,01,18,20,21,23,27,28,30,34,36,40,47,48,51,57,59,62,69,71,77
8/30/96,12,13,14,16,19,24,33,37,40,45,46,48,52,60,63,64,66,70,71,79
8/29/96,01,05,12,16,18,20,21,30,33,35,36,38,40,57,60,62,65,71,73,76
8/28/96,09,13,14,15,17,21,22,24,36,39,44,55,63,65,67,71,74,75,76,79
8/27/96,03,10,12,14,16,21,35,37,38,40,45,46,49,61,62,69,75,76,77,79
8/26/96,02,05,10,15,21,22,27,28,30,32,37,43,55,60,63,66,67,73,76,77
8/25/96,03,08,14,17,25,29,34,35,41,47,49,54,59,60,64,66,70,71,72,77
8/24/96,02,06,08,10,15,31,33,37,40,42,44,48,50,55,56,57,60,64,68,70
8/23/96,02,06,10,11,13,19,23,41,42,51,52,55,60,62,66,69,71,75,76,79
8/22/96,04,06,08,09,12,14,21,26,32,33,39,41,45,53,56,60,67,70,75,76
8/21/96,03,05,06,08,12,20,26,33,34,41,45,46,53,56,57,63,70,76,77,78
8/20/96,11,12,13,18,22,23,27,29,33,40,42,46,47,48,58,62,64,65,67,74
8/19/96,01,07,12,13,20,23,28,29,32,37,39,49,52,55,64,65,66,72,76,78
8/18/96,06,14,15,17,21,28,35,37,38,39,40,41,45,52,54,58,60,62,72,76
8/17/96,02,05,09,10,12,14,16,22,23,31,32,37,41,42,48,52,55,61,63,66
8/16/96,01,04,09,18,21,28,33,38,40,41,45,46,47,48,52,56,58,73,76,79
8/15/96,01,02,04,14,22,23,26,27,36,40,41,42,44,47,50,58,69,71,74,79
8/14/96,03,11,17,18,23,24,28,30,46,49,51,52,54,56,58,60,61,62,76,77
8/13/96,01,06,07,11,13,15,22,28,29,33,35,43,46,57,63,67,75,76,77,80
8/12/96,03,04,08,11,13,16,18,30,33,35,36,42,48,50,54,64,68,75,79,80
8/11/96,01,03,10,16,18,19,22,23,24,26,34,47,49,50,52,54,55,63,79,80
8/10/96,01,06,07,13,14,17,20,30,35,39,40,46,52,55,65,68,74,76,78,79
8/9/96,04,05,07,14,22,23,25,27,32,34,38,41,46,47,50,53,55,63,72,79
8/8/96,04,07,09,13,15,16,24,30,31,41,42,44,45,49,50,62,63,67,71,77
8/7/96,02,06,07,10,13,15,16,20,24,29,33,35,39,42,50,51,55,60,61,68
8/6/96,01,04,09,15,18,19,21,24,28,32,34,37,39,45,53,54,62,64,70,75
8/5/96,09,14,15,17,22,26,32,35,42,48,53,54,55,56,63,69,70,71,76,78
8/4/96,14,17,20,24,28,34,35,42,44,45,48,49,51,55,61,70,76,78,79,80
8/3/96,02,05,16,18,19,20,21,26,31,32,34,39,40,52,53,55,59,72,75,78
8/2/96,03,10,14,15,22,24,28,33,35,37,40,41,47,48,51,57,60,65,75,76
8/1/96,02,03,11,14,17,22,27,33,36,37,41,46,47,48,52,54,60,66,67,73
7/31/96,03,11,16,18,19,23,28,41,42,52,53,58,60,68,70,71,72,74,78,80
7/30/96,02,06,10,13,14,15,20,25,29,31,33,38,45,46,63,64,69,71,77,80
7/29/96,02,03,07,12,16,26,45,47,48,49,51,52,59,60,62,64,67,74,76,80
7/28/96,01,02,06,11,12,13,15,18,20,35,39,40,41,48,49,54,55,64,75,78
7/27/96,03,06,07,08,10,18,19,21,23,31,33,35,41,44,46,58,59,66,69,70
7/26/96,04,06,23,25,28,29,31,34,35,36,38,42,46,47,52,53,69,70,71,72
7/25/96,03,10,17,19,20,26,29,31,36,39,40,47,51,52,64,66,72,75,78,80
7/24/96,06,11,14,17,19,20,29,30,32,33,38,39,44,45,54,55,61,64,67,74
7/23/96,02,05,10,12,13,19,20,26,33,36,41,43,44,48,53,57,63,65,71,72
7/22/96,04,09,11,16,17,21,34,38,41,50,53,58,63,64,66,70,75,76,78,80
7/21/96,02,03,04,11,21,22,23,25,38,39,47,50,61,62,63,64,69,72,75,76
7/20/96,01,07,09,11,12,14,16,21,27,37,43,45,48,49,54,64,68,69,75,80
7/19/96,01,03,07,10,13,17,25,26,28,32,36,39,43,47,52,54,59,63,75,76
7/18/96,02,04,11,12,13,17,19,31,32,36,37,39,48,64,65,68,70,71,74,78
7/17/96,03,08,15,29,33,39,41,43,55,57,60,61,67,69,70,71,72,76,77,80
7/16/96,06,10,19,21,25,32,35,38,39,42,43,48,51,60,64,65,67,70,76,79
7/15/96,07,08,10,13,17,24,25,27,36,38,41,45,50,58,66,69,70,71,72,78
7/14/96,03,05,09,10,13,29,31,40,42,45,46,50,53,60,64,65,69,71,74,76
7/13/96,03,09,13,15,22,24,27,28,32,37,39,42,43,50,51,59,60,63,64,71
7/12/96,07,13,14,15,18,22,25,31,34,35,40,41,42,43,44,45,50,69,77,79
7/11/96,01,02,03,07,12,13,17,20,24,28,34,35,39,47,51,54,56,62,69,73
7/10/96,02,03,07,09,15,18,23,26,29,36,39,44,48,61,66,71,72,76,77,80
7/9/96,06,11,26,30,33,34,36,39,41,48,49,51,53,54,62,64,65,69,76,80
7/8/96,03,04,06,07,15,17,20,34,45,47,55,56,61,65,66,68,69,72,75,78
7/7/96,08,09,11,17,20,23,31,33,46,48,52,53,56,57,60,68,72,75,76,77
7/6/96,03,04,10,12,13,23,27,30,31,32,36,43,46,55,56,60,70,74,76,80
7/5/96,07,09,10,11,13,16,18,24,30,31,32,35,45,58,62,63,64,67,70,77
7/4/96,04,10,14,17,22,24,27,28,30,39,40,42,48,50,55,66,68,69,73,76
7/3/96,01,04,09,12,18,19,21,27,31,42,44,48,51,55,57,66,67,69,70,74
7/2/96,04,16,17,23,26,30,34,35,36,38,43,44,47,55,56,59,61,67,69,72
7/1/96,06,07,08,19,20,30,31,38,41,43,44,45,48,56,64,66,70,72,77,79
6/30/96,02,04,06,08,15,18,24,25,27,29,35,36,39,50,52,69,72,73,74,78
6/29/96,07,08,09,21,22,28,29,33,41,42,47,52,55,56,62,64,70,76,78,79
6/28/96,01,07,11,16,25,27,29,37,48,49,50,53,54,56,57,61,65,75,78,80
6/27/96,04,15,20,23,25,26,32,35,38,45,48,49,54,58,65,66,67,68,77,79
6/26/96,01,11,12,14,16,17,24,32,39,40,57,61,63,70,71,73,75,77,79,80
6/25/96,06,12,17,21,25,32,33,41,43,44,46,47,57,59,60,64,66,70,76,79
6/24/96,05,09,10,12,18,20,25,31,33,35,43,45,46,49,52,58,59,64,67,69
6/23/96,02,07,10,16,19,21,24,26,29,34,36,37,42,46,62,64,69,70,74,76
6/22/96,06,10,15,16,26,32,38,45,48,50,52,53,58,61,63,70,74,75,78,80
6/21/96,02,05,07,08,25,27,28,35,38,42,54,63,64,65,67,70,72,73,74,77
6/20/96,03,05,07,17,18,19,21,27,37,46,47,54,58,59,60,64,70,71,72,78
6/19/96,02,06,08,17,27,33,36,41,43,44,49,51,52,56,57,63,66,67,75,78
6/18/96,01,08,09,10,14,15,16,19,22,25,26,27,35,40,48,53,59,65,71,75
6/17/96,02,05,06,09,11,16,17,22,27,29,35,41,44,48,51,55,60,64,70,80
6/16/96,03,04,05,09,11,16,18,20,23,24,35,41,42,59,60,64,69,73,77,79
6/15/96,01,02,05,06,07,08,23,24,26,29,31,38,47,56,58,59,63,65,73,78
6/14/96,08,10,11,16,20,21,28,31,33,37,43,45,46,50,60,61,64,65,67,74
6/13/96,01,02,07,12,13,14,16,19,20,23,29,42,48,49,50,52,55,62,71,80
6/12/96,02,04,05,08,11,17,19,21,28,34,42,50,51,52,54,55,68,72,74,76
6/11/96,02,03,05,06,14,18,23,27,33,34,43,47,52,53,54,58,65,66,70,72
6/10/96,03,07,12,15,19,22,29,30,36,52,55,60,61,62,64,66,67,71,75,79
6/9/96,05,10,15,18,19,21,24,28,40,47,48,58,63,64,66,69,71,72,73,74
6/8/96,02,03,04,05,10,21,33,35,38,39,40,43,47,54,57,58,64,68,74,78
6/7/96,07,11,16,32,37,40,43,51,52,53,54,55,60,61,71,72,73,74,77,78
6/6/96,06,10,11,12,16,22,28,29,31,37,39,41,42,52,54,55,58,63,66,71
6/5/96,02,03,06,07,11,12,14,16,17,31,35,38,40,42,43,44,47,57,77,80
6/4/96,02,04,07,09,12,13,16,25,26,35,41,47,51,52,53,58,61,69,71,75
6/3/96,03,06,11,26,27,28,30,31,33,40,47,50,52,56,58,59,60,62,68,77
6/2/96,02,07,15,23,26,29,39,42,50,54,56,57,58,59,60,65,68,71,74,75
6/1/96,02,12,15,21,23,25,32,34,43,50,51,58,59,63,67,68,69,75,77,78
5/31/96,05,07,08,11,14,15,19,21,29,32,33,34,37,41,51,53,65,74,76,78
5/30/96,03,07,11,17,20,22,23,29,30,35,39,46,51,55,56,63,64,67,71,72
5/29/96,03,09,12,18,19,20,23,28,29,30,37,41,42,45,53,57,63,66,70,71
5/28/96,04,06,10,12,14,22,24,30,34,38,39,42,44,48,49,50,56,57,62,78
5/27/96,08,11,14,19,22,24,31,36,37,39,41,46,49,54,55,56,62,67,68,79
5/26/96,07,08,11,14,24,25,28,29,30,36,43,45,47,48,54,57,66,68,70,77
5/25/96,15,16,18,23,25,27,31,36,37,45,46,54,55,64,68,69,70,71,72,78
5/24/96,10,16,17,21,24,31,33,35,39,41,48,50,54,56,61,65,68,71,74,78
5/23/96,01,02,06,09,10,11,20,22,24,27,28,36,47,48,49,52,54,67,75,77
5/22/96,05,08,09,10,11,15,18,21,23,28,30,31,44,45,50,51,57,61,64,73
5/21/96,03,04,06,07,08,11,21,22,26,31,33,34,37,53,57,58,62,65,70,71
5/20/96,06,10,15,19,20,21,29,33,36,43,49,61,62,66,67,68,70,72,77,80
5/19/96,02,03,07,12,16,18,19,20,21,28,41,43,54,55,56,57,58,60,76,79
5/18/96,03,11,12,16,18,22,26,27,29,39,40,47,49,50,51,53,54,59,65,76
5/17/96,03,06,08,18,27,29,38,43,48,53,54,58,60,63,66,70,73,74,78,79
5/16/96,03,08,10,19,25,26,29,30,33,37,42,44,47,48,51,52,62,66,70,79
5/15/96,01,12,13,14,19,23,27,32,33,41,51,52,54,56,59,60,62,74,77,80
5/14/96,01,05,18,22,26,28,30,37,38,41,43,46,56,57,67,70,71,75,76,77
5/13/96,14,16,19,22,23,30,31,32,34,42,53,57,61,66,67,68,69,73,77,78
5/12/96,04,08,10,12,14,21,24,25,28,43,44,45,47,50,51,54,55,70,76,77
5/11/96,10,13,22,24,27,28,39,42,43,44,45,53,54,57,58,60,62,65,76,79
5/10/96,02,12,15,17,18,20,22,25,31,32,34,36,37,42,54,56,58,67,76,80
5/9/96,01,02,04,05,09,11,24,25,27,28,33,35,40,44,46,49,53,55,66,67
5/8/96,04,05,07,10,11,17,23,26,33,36,38,48,49,51,52,55,56,57,60,67
5/7/96,06,08,13,14,20,24,36,38,39,41,52,54,55,64,65,66,69,73,76,77
5/6/96,04,08,10,17,30,31,35,36,41,45,48,50,51,58,62,63,65,66,67,74
5/5/96,01,03,09,12,18,25,34,38,39,49,57,62,63,66,67,71,74,75,77,78
5/4/96,03,09,11,12,28,29,33,34,35,37,38,54,62,64,65,68,69,72,79,80
5/3/96,01,07,14,17,18,22,24,26,31,35,37,45,50,52,54,58,64,66,67,77
5/2/96,03,06,13,15,16,24,29,32,33,37,38,45,52,55,58,67,73,75,76,78
5/1/96,01,08,12,14,15,34,36,38,39,46,52,54,58,59,62,68,71,75,77,78
4/30/96,03,09,11,13,17,21,26,31,32,36,37,38,53,54,57,59,61,64,66,69
4/29/96,02,06,16,17,19,26,35,36,38,47,55,58,60,61,64,68,70,71,72,78
4/28/96,09,16,20,21,22,24,25,26,31,37,39,46,52,53,63,64,65,68,70,77
4/27/96,02,11,12,15,17,27,30,32,34,41,42,47,49,52,56,61,63,68,69,76
4/26/96,05,07,09,14,15,18,19,27,31,32,33,34,39,41,43,44,48,55,64,73
4/25/96,01,03,09,14,17,21,24,27,28,40,46,49,52,55,63,64,65,69,71,78
4/24/96,07,08,10,12,14,22,24,29,32,36,37,52,54,55,57,58,60,70,77,80
4/23/96,01,13,14,19,24,27,30,33,34,37,43,44,48,50,51,58,61,66,70,73
4/22/96,10,14,16,18,32,36,37,38,46,47,53,55,56,58,61,62,65,68,69,78
4/21/96,01,06,11,13,16,17,18,19,23,30,31,35,40,43,51,54,61,64,71,80
4/20/96,03,04,06,13,23,26,34,37,42,53,55,59,61,64,65,69,70,71,73,80
4/19/96,06,12,16,18,24,30,31,34,46,48,52,56,61,67,69,70,73,74,75,79
4/18/96,01,02,06,09,11,19,36,39,45,48,50,52,64,65,68,69,71,72,76,79
4/17/96,02,04,10,11,27,32,35,37,44,45,46,47,48,55,57,61,62,64,68,77
4/16/96,12,15,24,26,28,30,35,37,38,44,45,46,47,49,52,64,68,70,72,78
4/15/96,12,23,28,32,37,38,42,51,53,62,63,64,66,67,70,71,74,75,76,78
4/14/96,06,13,14,16,21,22,29,30,33,36,42,43,44,51,52,55,62,70,72,75
4/13/96,03,10,16,18,25,28,38,39,40,44,48,51,52,59,61,63,67,69,73,74
4/12/96,01,09,10,18,32,36,38,41,43,44,49,53,58,62,63,66,67,70,71,74
4/11/96,01,03,09,10,11,12,13,14,16,17,18,26,35,51,54,55,60,65,70,71
4/10/96,02,10,11,17,20,21,23,29,31,39,41,44,47,58,66,68,74,75,76,80
4/9/96,02,09,10,11,13,16,18,22,29,30,31,34,36,46,48,49,55,64,70,79
4/8/96,03,04,05,11,14,20,22,24,38,39,42,49,53,54,61,62,69,72,77,79
4/7/96,09,10,11,16,20,22,27,28,33,35,37,47,51,53,54,66,70,72,73,79
4/6/96,05,06,09,14,19,23,24,27,30,33,34,36,43,54,58,62,64,67,71,78
4/5/96,01,11,17,18,29,33,37,38,43,45,47,50,53,54,58,63,65,71,74,80
4/4/96,03,11,15,26,35,38,39,40,42,43,45,46,49,55,58,59,63,67,70,75
4/3/96,02,04,07,09,12,17,19,21,24,27,33,34,35,36,37,38,39,48,55,75
4/2/96,09,12,15,20,27,32,34,43,48,51,53,55,57,62,63,65,69,72,75,79
4/1/96,05,06,07,09,11,13,19,20,24,26,27,33,37,38,46,47,48,54,60,78
3/31/96,02,03,06,08,11,25,29,35,40,41,48,57,59,60,61,64,65,66,71,80
3/30/96,02,12,13,14,15,18,24,25,26,31,36,46,48,50,55,57,61,68,77,78
3/29/96,04,15,16,19,27,30,33,38,39,42,46,53,54,55,63,64,65,66,72,80
3/28/96,01,03,05,14,17,21,23,25,30,39,42,50,52,59,61,62,66,74,76,79
3/27/96,02,09,14,15,33,39,41,47,48,49,53,61,62,65,66,69,71,73,75,80
3/26/96,03,05,14,15,18,23,29,31,33,35,37,39,45,50,57,61,63,66,70,80
3/25/96,04,09,15,16,20,34,35,40,50,52,61,62,63,64,65,66,67,68,69,79
3/24/96,03,08,24,26,28,33,38,39,43,48,49,50,51,55,56,57,59,76,77,80
3/23/96,01,06,10,13,15,24,25,27,31,34,36,37,45,58,66,67,68,69,70,78
3/22/96,02,16,18,24,26,27,28,29,32,37,43,44,52,54,55,67,69,71,72,80
3/21/96,03,05,09,12,15,21,31,32,44,45,55,58,61,65,66,67,70,71,74,79
3/20/96,09,22,23,24,28,36,38,41,43,45,48,49,54,55,59,71,73,77,78,80
3/19/96,09,14,15,17,18,21,27,28,29,33,38,45,48,55,58,59,60,61,65,69
3/18/96,02,04,06,12,16,17,18,19,21,27,28,33,35,37,51,60,69,72,75,80
3/17/96,05,14,22,32,34,35,37,39,42,45,50,51,57,58,60,65,66,67,77,78
3/16/96,02,03,04,10,11,15,17,18,21,22,32,34,37,38,39,41,48,51,64,69
3/15/96,03,09,10,13,20,22,31,36,39,40,47,52,57,60,61,66,76,77,79,80
3/14/96,17,24,25,29,32,33,38,40,41,44,48,50,53,54,58,61,69,75,76,77
3/13/96,06,15,18,27,28,30,36,39,44,45,46,53,55,58,60,61,65,71,72,73
3/12/96,04,07,13,14,15,16,21,24,35,37,39,40,45,56,59,60,63,69,70,73
3/11/96,05,07,11,13,16,20,22,24,35,41,45,48,54,64,66,68,71,76,79,80
3/10/96,01,09,11,18,20,23,24,30,31,32,35,38,41,45,50,61,64,66,69,76
3/9/96,01,11,16,19,27,28,29,30,31,33,40,42,48,54,56,58,62,75,78,80
3/8/96,02,04,08,10,11,15,17,32,38,42,45,51,52,56,57,60,61,63,64,69
3/7/96,01,03,06,08,10,11,12,20,22,23,24,32,46,48,56,60,68,75,77,79
3/6/96,06,08,16,27,31,32,34,38,43,49,52,57,58,60,64,68,70,71,72,77
3/5/96,06,07,08,11,13,17,26,28,35,37,38,49,54,57,59,60,61,62,65,72
3/4/96,07,12,13,16,20,21,30,31,34,48,49,50,51,53,57,59,65,68,75,79
3/3/96,04,05,06,12,15,20,22,30,32,40,43,44,55,57,58,59,60,62,65,79
3/2/96,01,06,07,10,21,24,29,33,36,40,44,45,46,51,54,61,75,76,78,79
3/1/96,07,11,16,19,28,30,35,36,39,41,43,46,50,51,53,58,59,60,70,75
2/29/96,05,07,17,22,25,30,31,32,43,45,54,55,57,58,59,62,66,69,72,80
2/28/96,04,06,09,18,19,24,25,28,32,38,46,48,49,59,60,61,65,66,69,79
2/27/96,01,02,06,15,17,20,23,30,34,35,43,47,52,53,58,60,65,67,70,72
2/26/96,01,07,11,13,20,33,34,35,38,45,49,54,56,58,59,60,62,63,67,77
2/25/96,02,03,11,16,21,27,28,31,39,43,51,56,57,58,59,62,65,66,75,78
2/24/96,03,04,24,27,29,32,36,38,39,44,46,47,52,54,61,69,71,72,75,80
2/23/96,03,13,14,15,24,27,29,39,42,44,55,59,64,65,67,69,74,75,78,79
2/22/96,02,05,10,13,14,16,22,25,29,30,38,41,42,55,58,66,68,70,72,73
2/21/96,01,02,07,20,21,27,28,30,31,33,36,37,43,45,51,63,66,70,77,80
2/20/96,05,12,14,19,28,29,33,35,36,42,43,46,47,50,52,53,54,57,62,73
2/19/96,02,04,05,06,08,10,20,35,43,44,47,53,54,58,61,67,69,71,77,78
2/18/96,04,13,17,19,22,26,30,35,52,55,59,60,61,66,68,69,70,72,75,76
2/17/96,08,11,19,25,26,27,31,39,47,49,52,53,55,57,59,62,69,73,76,80
2/16/96,03,04,05,08,10,12,16,22,23,24,30,35,37,49,56,57,66,70,71,76
2/15/96,03,11,17,18,19,25,30,32,33,37,38,48,50,52,62,63,66,70,75,79
2/14/96,01,02,10,11,12,15,17,23,26,32,33,39,46,54,55,58,62,65,70,79
2/13/96,10,11,18,22,33,39,43,44,50,53,57,60,61,63,65,66,71,76,78,80
2/12/96,04,08,13,17,24,33,36,40,43,49,50,51,52,57,61,63,65,67,70,79
2/11/96,01,02,05,06,07,08,15,18,22,27,28,33,34,35,46,60,65,72,76,77
2/10/96,01,03,05,10,11,15,22,28,29,36,41,48,49,57,61,63,64,68,73,80
2/9/96,08,11,13,18,25,31,33,37,38,40,41,44,50,52,53,58,59,61,63,65
2/8/96,04,06,07,10,14,18,20,25,27,30,37,39,40,45,46,50,58,62,74,80
2/7/96,01,05,08,10,13,14,17,18,22,23,43,44,48,50,65,72,74,75,76,78
2/6/96,15,19,21,22,39,41,43,44,46,48,52,60,63,65,66,68,69,70,74,77
2/5/96,06,07,10,12,20,21,25,37,39,42,50,55,59,61,64,66,70,71,75,79
2/4/96,17,18,22,26,30,35,36,39,42,43,47,48,53,55,56,67,72,77,78,80
2/3/96,01,05,11,20,26,31,42,47,51,53,54,57,58,61,63,65,69,72,75,79
2/2/96,02,04,18,19,20,21,22,23,27,34,37,39,42,53,54,62,71,72,75,77
2/1/96,05,06,07,09,23,26,28,29,31,32,38,40,41,44,46,56,57,61,63,67
1/31/96,04,05,06,07,08,11,12,15,17,23,34,36,38,41,47,57,70,72,75,80
1/30/96,01,02,03,10,17,18,20,21,22,28,29,36,45,47,48,57,67,72,77,80
1/29/96,10,16,17,20,23,24,29,32,33,37,38,48,51,53,56,59,61,63,67,72
1/28/96,01,06,13,15,25,28,29,35,36,37,42,45,46,57,58,62,65,71,72,76
1/27/96,05,10,15,19,20,21,23,24,30,32,34,40,46,48,52,61,65,69,71,74
1/26/96,10,15,16,17,20,23,30,34,36,40,41,50,53,55,61,66,68,75,78,79
1/25/96,02,03,05,10,16,18,19,20,34,35,39,44,49,52,53,54,63,65,74,77
1/24/96,01,04,05,12,17,18,21,34,40,41,42,46,48,49,50,53,57,58,63,67
1/23/96,03,07,10,17,21,22,23,24,38,39,43,44,45,52,62,64,72,73,78,79
1/22/96,01,04,06,08,13,28,36,40,44,45,48,50,53,57,63,68,69,70,76,78
1/21/96,09,13,15,18,30,35,37,39,44,45,46,50,53,58,59,60,63,70,73,79
1/20/96,02,05,06,16,20,22,25,27,29,32,36,50,53,57,59,66,71,75,78,79
1/19/96,10,11,12,20,22,23,24,29,31,32,35,37,38,56,57,59,61,62,73,76
1/18/96,04,05,06,08,13,16,18,19,24,33,39,40,42,43,47,57,59,60,64,78
1/17/96,05,09,10,13,15,17,23,28,29,30,35,37,40,43,45,48,51,55,58,61
1/16/96,01,02,04,12,14,21,24,40,43,45,46,50,51,59,63,65,66,72,75,79
1/15/96,03,05,07,16,17,24,25,28,30,34,35,39,43,44,53,57,58,62,66,79
1/14/96,05,10,16,21,29,31,32,33,36,39,42,47,54,57,60,61,64,66,69,70
1/13/96,02,08,10,12,14,19,24,26,32,37,39,40,44,46,52,54,61,69,72,73
1/12/96,01,04,05,12,18,26,28,38,42,43,47,48,50,62,65,66,73,75,78,80
1/11/96,06,07,15,19,20,23,24,28,34,37,40,45,46,52,56,60,66,69,76,80
1/10/96,05,07,12,14,19,25,28,30,35,41,49,54,55,57,62,68,71,72,74,78
1/9/96,18,20,22,27,28,31,33,38,40,43,52,58,60,61,62,63,70,74,75,77
1/8/96,02,04,12,13,20,22,24,25,28,29,35,38,41,46,50,57,60,69,73,77
1/7/96,05,07,08,09,11,13,19,23,26,30,32,36,40,50,54,57,61,65,70,76
1/6/96,02,07,08,17,25,32,34,43,52,56,63,67,70,72,73,74,75,77,78,79
1/5/96,01,06,10,11,15,19,20,21,22,32,41,49,53,56,62,71,73,74,79,80
1/4/96,06,11,20,26,28,33,34,36,37,39,42,44,45,55,60,64,65,67,76,80
1/3/96,02,04,08,15,19,20,25,27,31,41,44,49,51,52,59,66,67,73,76,77
1/2/96,04,09,10,29,30,32,35,38,41,42,48,49,50,62,64,68,69,72,76,78
1/1/96,02,06,07,11,14,17,18,20,30,34,36,41,43,52,60,61,70,74,75,76
12/31/95,01,03,09,13,14,15,17,21,31,34,37,38,39,43,47,50,66,69,75,77
12/30/95,03,07,08,12,19,26,28,34,35,40,46,55,56,60,63,67,70,73,77,79
12/29/95,04,08,09,16,17,20,22,29,33,39,43,47,48,49,54,59,63,76,78,79
12/28/95,05,07,08,16,20,22,26,29,31,32,43,49,58,59,64,67,68,69,78,79
12/27/95,03,07,08,15,20,24,26,28,32,40,45,61,62,63,67,70,71,73,77,80
12/26/95,01,03,04,15,24,28,34,41,45,49,50,51,63,64,65,67,71,72,74,80
12/24/95,06,11,12,13,16,19,22,24,25,26,32,36,48,58,63,64,65,67,74,80
12/23/95,04,06,09,21,25,26,27,29,32,36,37,40,44,47,49,58,59,62,66,72
12/22/95,03,07,14,15,18,19,20,21,22,41,42,43,50,51,54,55,65,71,74,80
12/21/95,02,03,05,14,18,20,27,35,38,42,45,46,47,52,62,63,71,74,75,76
12/20/95,02,09,14,27,28,34,35,47,51,55,58,61,62,64,65,68,72,73,77,80
12/19/95,04,09,14,15,18,19,21,30,35,45,46,48,55,58,60,66,70,74,75,80
12/18/95,15,18,21,30,31,34,38,41,42,44,48,50,51,52,57,58,67,74,78,79
12/17/95,01,13,18,27,30,31,39,41,42,43,45,46,49,50,51,58,61,65,68,79
12/16/95,01,02,08,19,20,26,27,30,33,34,41,45,55,57,59,60,62,63,64,66
12/15/95,01,04,07,13,17,22,26,32,34,35,40,43,44,48,54,55,64,69,72,76
12/14/95,01,02,10,13,26,27,40,44,46,47,50,55,56,59,61,62,68,71,74,79
12/13/95,03,09,10,12,14,34,37,39,43,44,46,49,51,59,60,62,68,74,75,76
12/12/95,11,14,17,19,23,30,35,38,40,44,49,51,52,56,57,61,69,72,77,80
12/11/95,02,06,09,23,26,31,33,42,46,52,56,57,58,60,62,65,66,68,73,76
12/10/95,08,14,17,19,21,31,38,41,43,45,48,49,56,61,62,66,69,72,76,78
12/9/95,04,09,11,26,28,33,36,37,44,45,47,49,52,53,58,64,66,68,71,78
12/8/95,01,06,08,11,27,29,35,38,40,42,45,51,53,57,61,62,65,66,70,76
12/7/95,03,07,09,11,22,27,28,31,33,38,39,45,46,47,48,52,58,64,66,75
12/6/95,04,08,13,15,17,18,19,27,32,33,34,47,54,55,56,65,69,71,73,75
12/5/95,01,08,10,14,21,28,29,36,37,42,45,46,49,51,52,59,61,66,77,80
12/4/95,02,04,05,21,22,27,31,37,42,44,51,54,57,63,66,69,73,76,77,80
12/3/95,06,10,14,19,24,27,28,30,36,41,42,45,46,47,51,55,57,62,63,77
12/2/95,01,15,21,27,30,34,42,43,44,48,51,52,56,59,61,64,65,67,71,73
12/1/95,02,12,13,15,19,23,28,29,33,38,48,51,63,65,66,67,68,69,72,74
11/30/95,07,12,16,18,20,21,27,29,31,36,41,45,61,62,65,66,67,73,74,77
11/29/95,05,06,07,14,15,16,23,30,34,42,44,49,54,56,61,62,70,75,76,78
11/28/95,01,11,18,20,21,26,32,33,34,35,47,49,52,58,62,66,72,76,78,79
11/27/95,05,17,34,40,42,45,48,50,54,55,62,64,65,66,69,70,74,76,78,79
11/26/95,02,04,07,09,26,30,33,35,38,39,48,49,52,54,57,58,59,61,69,76
11/25/95,14,15,18,19,23,25,26,27,28,30,35,36,51,53,57,60,61,67,77,79
11/24/95,05,08,09,14,15,18,21,28,29,31,34,36,38,43,48,50,60,71,75,77
11/23/95,05,08,14,15,18,26,31,39,47,50,51,52,53,54,61,63,70,74,76,80
11/22/95,10,11,15,19,23,26,30,35,36,37,39,41,42,47,48,49,57,64,71,77
11/21/95,01,04,11,18,26,27,31,34,35,44,50,54,55,61,63,67,68,74,76,78
11/20/95,04,05,06,09,16,28,31,33,34,36,40,41,42,43,45,51,53,70,75,78
11/19/95,11,19,20,21,23,31,35,36,38,39,44,47,50,52,60,61,70,75,76,80
11/18/95,06,10,11,13,16,19,22,24,35,42,48,49,51,63,66,67,71,73,75,80
11/17/95,09,15,16,20,34,39,43,47,52,53,59,66,70,72,73,74,76,78,79,80
11/16/95,03,04,06,07,17,19,21,24,26,34,37,39,42,44,48,51,57,67,70,79
11/15/95,01,05,08,09,14,19,21,36,37,44,45,51,52,57,60,71,73,75,76,77
11/14/95,04,05,06,10,21,25,27,33,34,43,46,48,49,50,54,55,63,65,69,75
11/13/95,03,09,14,16,21,24,32,37,46,47,51,52,53,55,58,61,63,75,78,80
11/12/95,14,18,23,27,29,30,32,36,39,41,45,46,52,56,59,69,70,73,78,80
11/11/95,03,04,11,12,13,15,21,23,32,34,37,41,46,47,48,58,67,70,77,79
11/10/95,07,22,23,26,28,29,32,34,36,39,47,49,52,58,60,71,73,74,77,80
11/9/95,03,07,10,13,19,21,24,26,30,32,38,40,44,47,48,50,56,68,72,80
11/8/95,06,09,16,17,18,23,24,25,29,32,39,44,45,46,51,62,63,69,72,80
11/7/95,06,08,09,14,16,17,22,23,25,27,32,35,38,41,49,52,59,67,69,79
11/6/95,02,03,14,20,28,29,30,31,33,39,41,47,56,58,60,63,64,67,76,80
11/5/95,05,06,09,17,19,20,27,30,35,38,43,44,49,51,53,54,67,72,76,77
11/4/95,01,04,05,06,08,13,14,16,24,30,32,41,47,54,55,56,59,62,73,79
11/3/95,07,15,17,18,21,22,30,33,41,42,43,46,47,55,58,65,66,71,72,74
11/2/95,06,07,19,20,22,25,28,29,31,40,42,43,48,49,50,58,68,72,78,79
11/1/95,03,06,07,08,14,16,20,25,27,30,31,35,43,48,50,54,58,61,62,79
10/31/95,07,10,14,19,20,30,38,39,40,45,48,52,60,62,66,73,74,75,77,80
10/30/95,03,06,08,13,16,18,21,22,34,37,42,45,47,53,58,59,63,64,68,78
10/29/95,04,09,10,16,18,20,26,28,32,34,40,44,45,46,51,54,63,67,73,80
10/28/95,02,09,17,23,27,28,29,32,36,37,40,43,54,56,58,61,66,73,75,77
10/27/95,05,12,13,16,17,23,24,27,28,31,41,43,44,47,53,60,71,72,73,79
10/26/95,01,09,13,15,17,18,31,35,37,40,41,43,44,45,48,51,56,70,77,78
10/25/95,01,09,14,16,17,21,23,24,34,39,40,46,48,57,60,61,67,70,71,79
10/24/95,03,07,08,17,23,24,28,34,35,41,45,48,57,62,68,69,76,78,79,80
10/23/95,05,17,19,24,34,37,39,40,41,43,49,50,57,59,63,66,70,71,78,79
10/22/95,03,16,17,27,28,31,33,34,38,43,45,47,52,58,59,61,64,67,73,74
10/21/95,05,09,13,14,16,20,23,28,37,45,46,47,56,61,64,68,70,72,75,78
10/20/95,01,06,07,10,12,16,18,23,25,31,41,47,49,54,58,59,60,66,76,80
10/19/95,05,07,08,14,15,17,20,21,22,27,31,34,35,37,40,44,55,56,61,69
10/18/95,04,05,09,12,13,16,18,26,37,41,50,55,57,65,66,67,68,69,75,80
10/17/95,01,03,05,09,12,15,18,31,32,42,43,44,51,56,57,66,67,71,72,78
10/16/95,01,07,08,15,18,20,24,27,29,34,53,55,56,57,62,67,68,73,78,80
10/15/95,01,02,03,08,26,27,32,42,44,47,51,54,55,58,61,65,73,75,77,78
10/14/95,20,25,26,27,29,31,32,34,40,48,55,56,60,62,63,70,73,74,75,80
10/13/95,03,04,07,20,22,32,35,36,38,39,42,43,51,52,58,65,66,68,72,75
10/12/95,06,13,14,18,23,27,29,33,37,38,45,48,49,52,55,57,60,63,77,80
10/11/95,01,02,05,06,07,16,21,29,42,44,46,49,50,51,52,58,60,61,64,78
10/10/95,01,12,15,18,26,27,31,36,39,41,43,53,58,60,63,64,72,74,77,78
10/9/95,02,18,25,26,30,32,34,36,37,40,43,45,48,54,57,63,67,74,77,78
10/8/95,02,06,11,16,19,22,32,41,42,44,49,52,53,55,60,61,64,65,73,80
10/7/95,01,10,11,12,16,19,24,28,30,32,45,49,50,54,57,66,68,71,72,75
10/6/95,01,03,08,14,17,22,23,24,27,31,33,35,44,46,48,51,61,68,73,78
10/5/95,01,03,04,11,16,19,20,21,31,32,39,42,54,63,66,72,76,77,78,80
10/4/95,08,09,11,16,17,22,25,29,32,34,42,43,46,53,56,59,62,64,73,74
10/3/95,02,07,12,13,15,16,18,19,31,33,38,41,50,52,55,60,63,72,75,79
10/2/95,01,02,03,07,08,12,24,27,28,46,50,58,59,62,64,68,69,74,75,79
10/1/95,01,02,03,04,09,11,14,30,34,45,54,55,56,59,65,67,70,72,73,74
9/30/95,07,11,15,16,20,21,26,35,46,50,52,54,56,61,62,63,69,72,75,77
9/29/95,04,11,26,30,34,36,40,42,46,48,49,54,59,61,62,63,65,72,73,79
9/28/95,08,09,10,15,25,28,34,35,37,40,42,47,53,54,55,57,65,71,75,78
9/27/95,03,10,17,21,24,26,30,37,40,41,46,48,50,51,54,62,64,72,77,78
9/26/95,01,04,05,14,17,32,33,36,39,40,51,52,56,58,59,62,63,66,67,77
9/25/95,03,05,08,23,24,30,32,36,40,42,44,48,53,59,61,69,70,72,74,75
9/24/95,02,03,11,15,18,27,40,41,49,52,55,57,58,60,61,67,69,70,71,79
9/23/95,02,09,13,14,18,19,22,24,27,33,34,36,37,45,47,54,70,75,76,77
9/22/95,01,05,06,16,18,22,30,31,33,35,37,39,42,46,47,51,52,56,73,80
9/21/95,08,10,11,16,20,30,31,41,43,45,47,51,53,56,62,66,71,75,77,80
9/20/95,07,09,14,15,18,19,23,24,25,28,35,45,48,52,58,59,60,66,67,74
9/19/95,04,05,15,24,27,36,43,45,46,50,53,58,61,63,67,68,72,74,79,80
9/18/95,02,09,15,19,20,25,27,28,35,38,39,43,45,46,47,57,60,63,74,80
9/17/95,01,05,11,13,14,19,23,29,30,34,40,47,48,61,63,65,68,73,74,79
9/16/95,02,04,07,08,14,21,22,25,26,32,36,40,43,45,59,62,66,72,74,79
9/15/95,04,07,09,13,18,20,24,26,31,38,42,45,48,49,54,60,65,74,79,80
9/14/95,03,05,07,16,17,22,29,31,37,40,42,49,51,54,58,59,67,69,70,72
9/13/95,01,10,15,17,18,23,26,28,30,33,34,35,37,42,44,50,54,61,74,77
9/12/95,03,06,12,17,26,27,34,37,40,46,50,55,56,61,65,67,69,70,73,78
9/11/95,01,05,06,09,11,12,14,18,21,24,28,31,33,45,50,58,66,68,74,79
9/10/95,01,04,05,06,11,15,21,22,32,39,45,51,53,56,61,63,70,72,73,78
9/9/95,01,05,11,13,14,23,30,31,39,45,53,56,61,62,63,66,67,72,76,79
9/8/95,01,05,11,15,21,27,42,44,46,48,53,58,61,63,67,72,73,77,79,80
9/7/95,06,07,09,15,16,18,24,33,34,36,37,46,55,56,61,62,66,67,68,69
9/6/95,09,11,17,28,29,30,32,36,42,46,47,49,51,54,58,62,68,74,75,78
9/5/95,11,12,13,14,16,19,21,26,33,34,35,47,49,54,55,66,69,71,74,78
9/4/95,04,07,11,12,16,26,30,35,39,45,46,49,51,57,59,61,62,65,69,79
9/3/95,09,11,12,14,33,35,38,40,41,47,48,49,52,55,56,57,70,72,73,78
9/2/95,05,08,13,23,24,26,30,31,33,34,36,47,49,53,55,57,58,65,67,80
9/1/95,01,03,04,11,13,16,17,20,26,28,32,35,41,62,65,67,68,74,77,79
8/31/95,02,04,10,11,16,20,22,23,32,33,34,36,38,50,60,63,72,74,77,79
8/30/95,03,09,12,18,23,28,41,46,48,49,50,52,55,59,66,69,70,74,76,78
8/29/95,03,06,07,09,12,19,23,24,38,39,48,50,56,57,65,73,74,76,78,79
8/28/95,01,12,14,23,26,29,31,38,43,48,49,50,52,61,63,65,66,72,76,78
8/27/95,08,09,20,24,28,36,41,46,50,59,60,61,65,66,68,69,74,75,76,80
8/26/95,10,11,16,18,19,24,29,31,33,34,35,38,40,42,43,54,59,65,69,77
8/25/95,07,08,14,17,18,20,21,25,31,40,41,42,45,49,51,61,64,65,67,68
8/24/95,03,09,10,11,16,18,20,23,26,28,31,32,35,39,42,44,66,67,73,76
8/23/95,01,02,10,11,12,13,15,24,25,32,37,39,48,50,56,58,62,63,69,70
8/22/95,01,11,12,13,20,25,28,31,33,37,46,48,49,55,58,61,69,70,72,80
8/21/95,02,16,18,20,21,25,29,37,38,40,47,48,50,51,61,62,64,70,74,79
8/20/95,03,21,24,32,41,42,44,47,50,51,53,56,58,59,62,67,70,72,78,80
8/19/95,03,04,06,07,12,16,17,19,22,27,28,35,37,47,56,62,64,70,71,72
8/18/95,04,06,07,09,13,15,22,27,30,33,34,43,50,60,61,64,68,72,75,80
8/17/95,01,03,04,05,08,15,16,20,26,27,28,39,40,45,46,47,55,70,75,78
8/16/95,03,07,09,10,13,24,28,32,33,35,36,41,42,48,51,58,69,70,72,75
8/15/95,01,03,04,06,24,27,34,36,37,39,40,42,46,53,56,64,68,69,71,79
8/14/95,03,06,15,21,23,26,30,34,37,46,49,52,53,58,61,62,65,70,75,79
8/13/95,05,06,08,10,15,16,19,21,30,38,39,41,44,48,49,51,55,60,70,73
8/12/95,02,05,16,17,19,21,29,45,46,49,51,54,56,57,61,62,63,65,67,80
8/11/95,09,13,15,24,25,27,28,30,35,36,40,41,43,53,58,59,61,64,66,76
8/10/95,03,05,07,11,14,15,19,20,28,31,37,39,49,56,57,65,67,70,72,76
8/9/95,02,05,11,12,15,18,25,26,37,42,44,48,49,50,61,63,64,71,74,78
8/8/95,01,05,10,14,20,24,31,38,40,41,45,47,50,63,66,69,70,71,73,80
8/7/95,03,05,08,09,11,12,18,27,29,32,35,36,42,47,49,50,68,72,73,77
8/6/95,02,05,07,12,16,20,31,32,33,35,43,44,52,53,66,67,69,73,74,76
8/5/95,02,04,10,11,13,14,24,25,32,34,37,42,48,50,52,57,58,63,65,74
8/4/95,08,10,13,16,18,21,22,24,27,33,34,35,40,44,49,62,65,69,74,78
8/3/95,01,03,07,09,13,14,17,18,21,29,35,42,43,44,50,54,55,64,76,79
8/2/95,02,05,06,15,17,22,23,27,32,34,36,37,41,43,52,57,66,68,69,76
8/1/95,06,08,09,11,17,19,22,23,25,26,32,36,39,52,55,58,61,66,73,80
7/31/95,01,04,12,13,16,21,24,32,36,37,39,40,45,52,53,54,66,75,76,77
7/30/95,02,08,17,20,27,30,32,37,40,53,58,62,63,64,65,68,70,71,76,79
7/29/95,01,06,09,17,20,21,28,32,37,41,45,47,53,59,64,66,71,72,77,80
7/28/95,03,07,09,15,16,27,35,39,53,54,55,57,61,62,63,65,66,67,68,80
7/27/95,04,06,10,13,14,19,23,26,27,30,39,43,44,47,49,56,58,66,70,80
7/26/95,02,05,08,10,13,14,19,21,23,27,36,39,42,53,54,56,62,72,74,80
7/25/95,02,03,04,07,08,10,16,18,21,24,25,28,33,37,50,53,58,60,61,63
7/24/95,05,07,09,12,13,22,26,27,30,41,47,49,50,51,64,74,75,76,77,78
7/23/95,01,02,16,21,31,35,38,48,49,50,51,55,58,61,68,70,71,74,76,77
7/22/95,01,05,06,08,16,30,34,35,36,42,46,48,50,51,52,59,60,62,63,73
7/21/95,02,05,07,15,16,22,25,32,34,41,43,49,52,58,59,65,72,74,78,80
7/20/95,06,09,10,14,22,27,30,38,39,45,46,48,49,54,62,63,65,72,76,79
7/19/95,02,03,07,15,20,22,28,32,33,35,37,48,49,50,55,56,63,66,69,73
7/18/95,01,06,16,17,19,30,31,34,37,38,42,43,45,50,51,58,67,68,70,77
7/17/95,01,02,03,05,07,14,24,25,29,35,40,43,52,53,63,67,70,73,77,79
7/16/95,03,07,23,25,26,29,34,39,40,43,44,45,48,53,57,62,65,68,72,78
7/15/95,04,05,06,10,16,19,20,22,23,28,29,31,32,33,45,52,56,59,62,76
7/14/95,03,05,07,14,15,22,35,38,44,46,49,53,57,60,63,64,70,75,78,80
7/13/95,02,06,13,14,16,20,23,37,40,47,51,55,56,58,63,72,73,77,79,80
7/12/95,01,03,04,05,09,13,16,25,34,35,37,40,50,51,52,59,70,71,78,80
7/11/95,02,06,08,09,12,16,22,23,25,30,35,37,39,40,45,54,57,60,77,80
7/10/95,10,11,12,18,29,40,45,48,50,52,56,58,59,65,66,67,70,73,74,80
7/9/95,01,04,07,09,11,12,17,18,19,20,23,33,42,43,51,55,61,68,72,77
7/8/95,06,10,13,14,15,19,23,24,27,28,38,50,53,56,57,62,64,66,67,76
7/7/95,05,08,09,14,19,21,23,25,39,41,47,48,55,58,59,60,61,72,74,80
7/6/95,08,15,18,24,27,28,31,34,37,42,46,47,51,52,53,57,64,65,72,73
7/5/95,10,11,12,13,15,18,23,25,26,37,38,39,41,45,51,53,57,59,65,80
7/4/95,06,08,13,17,20,27,29,32,37,38,43,55,56,58,61,68,69,72,74,76
7/3/95,16,18,23,24,29,32,36,37,42,45,46,48,49,61,69,73,75,77,78,79
7/2/95,02,11,16,17,18,23,31,38,40,45,53,54,55,66,67,69,71,72,74,76
7/1/95,03,04,09,10,14,15,20,21,25,31,36,39,42,44,46,57,59,60,77,80
6/30/95,05,15,16,17,18,22,26,27,31,33,35,36,53,56,60,61,67,71,72,74
6/29/95,04,10,19,20,22,25,29,34,38,41,50,53,55,62,63,65,75,76,79,80
6/28/95,01,02,03,07,13,15,17,21,30,32,35,36,37,42,44,55,60,61,63,77
6/27/95,02,04,05,06,17,19,30,39,42,43,48,51,54,62,64,67,71,74,75,77
6/26/95,02,03,05,07,08,16,20,36,38,42,51,52,53,54,56,58,60,67,71,74
6/25/95,03,04,07,16,23,24,29,39,43,47,54,56,59,60,61,64,65,66,77,79
6/24/95,02,06,07,13,16,19,20,23,24,30,37,38,47,50,54,59,61,68,73,78
6/23/95,01,02,03,16,17,19,22,25,31,36,45,54,55,57,58,59,64,67,68,75
6/22/95,11,12,16,21,23,24,31,35,36,37,38,40,41,48,51,61,72,75,76,78
6/21/95,06,13,15,18,35,36,39,40,42,43,45,50,52,55,56,57,59,65,66,78
6/20/95,10,12,14,16,18,19,20,22,24,26,35,36,38,45,50,53,62,66,71,80
6/19/95,07,09,10,12,13,14,19,25,35,37,43,45,53,55,56,62,68,69,74,78
6/18/95,07,21,24,26,27,28,30,31,32,34,43,48,55,57,60,65,66,69,75,76
6/17/95,01,02,05,06,12,20,21,22,25,28,31,32,37,38,44,45,46,56,70,80
6/16/95,01,04,11,13,19,20,27,28,30,32,33,38,40,41,62,63,64,70,73,74
6/15/95,07,11,27,29,33,35,39,43,45,47,49,50,51,58,60,65,68,70,71,76
6/14/95,03,07,10,14,23,24,25,26,31,39,43,45,48,50,53,56,58,63,66,76
6/13/95,08,09,15,16,21,24,28,40,43,44,46,47,49,52,62,70,71,77,79,80
6/12/95,01,04,12,14,17,21,25,29,32,33,39,41,46,54,64,65,68,75,76,80
6/11/95,01,03,05,12,18,19,22,23,25,28,33,35,39,50,56,60,62,63,76,80
6/10/95,01,15,16,17,20,25,26,28,32,34,36,40,41,48,61,65,69,72,75,78
6/9/95,04,10,28,32,43,45,48,50,52,55,58,60,62,64,66,67,68,72,73,79
6/8/95,06,12,13,16,26,30,33,34,47,49,54,57,59,60,63,64,66,67,76,80
6/7/95,02,09,13,15,20,22,26,29,30,35,38,42,49,55,61,67,69,70,71,80
6/6/95,08,10,11,21,24,33,36,40,42,43,52,53,55,62,65,67,69,73,74,77
6/5/95,01,03,11,14,19,20,25,29,35,36,37,38,44,49,52,57,62,65,73,78
6/4/95,01,02,05,09,11,14,15,21,28,30,31,35,38,43,45,51,57,66,67,75
6/3/95,03,05,18,24,25,27,31,33,35,37,41,49,51,52,54,60,63,68,74,76
6/2/95,10,16,21,22,25,26,28,29,34,39,40,41,42,44,58,60,61,62,71,77
6/1/95,02,03,09,19,22,28,31,34,42,47,48,51,52,55,59,62,64,71,79,80
5/31/95,10,12,17,24,25,28,32,33,36,38,42,48,49,52,56,58,72,73,75,76
5/30/95,15,16,20,21,26,28,33,37,43,51,55,59,62,64,66,67,72,75,77,78
5/29/95,02,12,15,18,19,25,26,27,29,39,41,44,57,69,70,74,75,77,78,80
5/28/95,01,02,07,08,09,10,11,12,13,31,32,42,45,51,53,62,65,66,72,73
5/27/95,03,08,09,12,16,23,24,26,34,35,41,42,53,54,57,58,62,64,67,78
5/26/95,02,03,06,26,29,31,35,36,38,42,44,45,47,49,50,57,61,65,68,71
5/25/95,04,05,12,24,26,30,32,35,37,38,41,52,57,61,65,66,73,74,77,78
5/24/95,01,05,06,07,08,09,23,24,29,36,40,50,51,55,57,60,67,73,77,78
5/23/95,03,06,13,18,20,24,29,30,33,34,36,41,42,47,48,51,60,68,71,72
5/22/95,05,06,07,09,14,19,21,25,27,29,31,33,36,39,44,48,51,52,57,58
5/21/95,01,02,04,06,13,18,20,23,26,29,33,36,40,46,55,61,62,71,75,78
5/20/95,04,11,12,13,25,26,28,29,38,43,45,49,57,60,63,65,66,67,68,70
5/19/95,03,04,05,07,11,17,18,19,28,29,36,38,46,58,60,67,69,70,76,78
5/18/95,03,06,09,13,15,21,25,32,37,47,48,49,50,53,60,62,66,69,70,73
5/17/95,12,22,24,25,26,32,34,39,40,41,42,51,56,59,60,68,71,72,76,79
5/16/95,03,13,14,20,21,24,27,28,31,32,39,41,48,54,55,61,69,70,71,78
5/15/95,02,07,09,11,18,20,21,24,25,29,33,36,37,42,43,49,56,64,68,77
5/14/95,11,15,23,24,39,42,44,45,49,51,53,54,56,57,67,71,73,74,76,79
5/13/95,06,11,12,17,18,20,28,31,32,35,38,40,41,54,57,58,60,62,67,70
5/12/95,01,02,04,06,08,15,20,21,23,24,34,35,36,52,58,63,68,70,72,75
5/11/95,07,09,12,13,15,17,19,21,22,24,26,34,35,38,40,51,52,53,59,68
5/10/95,01,04,09,11,14,19,20,31,37,42,45,46,48,51,54,59,61,63,75,80
5/9/95,02,09,13,15,20,21,24,28,30,33,35,38,41,45,49,57,62,71,73,78
5/8/95,01,02,15,18,23,29,31,34,36,40,42,44,46,48,50,61,67,76,78,79
5/7/95,01,02,07,08,10,12,16,21,27,29,32,33,37,39,43,47,60,61,67,79
5/6/95,04,05,06,13,20,25,29,30,32,33,35,43,46,58,62,67,69,73,75,78
5/5/95,07,14,17,20,25,26,34,37,39,43,44,46,52,60,66,71,73,74,76,80
5/4/95,02,13,19,25,27,42,44,50,51,53,54,55,59,61,62,63,65,71,76,80
5/3/95,10,16,18,19,22,23,26,33,36,38,40,41,44,45,57,58,65,68,73,77
5/2/95,10,13,15,21,25,26,27,30,31,32,37,44,53,59,62,69,73,74,76,79
5/1/95,01,06,10,13,17,19,21,25,30,38,39,41,43,53,55,56,57,59,65,73
4/30/95,07,14,16,21,22,28,30,31,37,38,44,45,46,49,63,70,71,75,76,80
4/29/95,01,03,06,12,20,22,26,28,38,41,46,47,49,51,56,57,60,70,74,76
4/28/95,01,07,10,11,17,26,27,28,35,37,50,51,52,53,60,61,64,68,70,74
4/27/95,03,04,08,14,16,17,18,30,32,37,39,47,54,60,61,65,67,73,78,80
4/26/95,03,04,12,15,16,18,25,26,29,32,45,49,50,56,58,66,68,69,71,80
4/25/95,09,16,19,21,22,23,25,27,29,36,41,42,46,53,55,59,61,68,70,77
4/24/95,02,03,05,13,16,18,19,23,24,25,27,43,47,51,52,55,62,64,69,80
4/23/95,04,07,19,21,23,26,33,34,36,46,47,50,52,54,58,59,64,76,78,80
4/22/95,01,07,13,14,16,17,19,21,22,30,39,43,48,52,55,57,58,59,62,77
4/21/95,02,03,09,10,15,22,27,30,32,36,44,47,49,52,56,57,70,76,78,79
4/20/95,03,09,13,16,19,21,22,26,28,34,36,39,44,54,57,59,65,66,69,79
4/19/95,08,10,13,14,18,20,28,33,35,36,45,46,50,55,64,65,70,71,76,80
4/18/95,02,04,07,09,12,16,17,18,19,28,35,38,40,53,54,57,58,60,72,80
4/17/95,08,09,13,15,16,21,25,29,30,33,37,38,39,40,41,46,50,58,63,72
4/16/95,09,10,13,17,22,35,39,41,44,45,47,51,59,60,61,62,63,68,71,76
4/15/95,03,04,08,10,15,19,20,25,36,37,49,50,51,53,54,62,68,74,77,79
4/14/95,06,13,18,24,25,26,45,47,49,52,53,54,56,61,62,64,67,73,74,77
4/13/95,05,06,08,12,19,22,24,32,40,41,42,45,47,52,64,65,72,73,74,78
4/12/95,01,16,21,27,30,33,35,36,38,41,43,46,48,51,64,67,71,76,78,80
4/11/95,02,13,17,18,23,24,25,34,36,38,40,45,46,48,50,53,59,60,65,80
4/10/95,02,09,12,14,17,20,23,27,29,33,34,44,51,61,62,64,67,68,69,74
4/9/95,04,13,14,21,23,29,37,38,43,45,55,56,58,63,68,70,71,72,73,78
4/8/95,06,08,12,15,17,21,25,26,31,32,35,51,52,56,64,66,68,71,76,78
4/7/95,04,07,08,13,19,21,24,29,35,42,44,48,49,53,54,62,65,68,71,76
4/6/95,01,05,08,10,11,20,22,27,28,40,43,50,51,52,60,63,64,71,75,79
4/5/95,05,08,10,12,21,27,29,32,33,41,43,44,45,50,55,57,59,71,72,73
4/4/95,01,02,04,12,19,21,27,32,33,40,44,48,49,53,56,59,63,71,77,79
4/3/95,01,03,10,11,14,16,21,26,27,29,30,31,33,49,55,57,58,60,69,72
4/2/95,01,02,06,08,09,16,20,22,28,34,38,40,44,45,50,56,62,67,71,78
4/1/95,11,18,21,24,26,34,36,47,49,50,55,67,68,69,70,73,75,76,77,78
3/31/95,15,16,17,18,20,21,23,28,29,30,33,34,38,52,60,61,62,69,71,72
3/30/95,01,02,03,09,10,14,21,33,45,49,50,51,53,54,58,60,68,73,75,77
3/29/95,04,05,10,16,21,28,29,34,36,37,38,41,43,46,47,52,54,64,75,79
3/28/95,02,03,04,06,09,10,17,19,28,33,38,45,47,52,55,64,73,74,75,79
3/27/95,04,10,11,22,25,28,31,37,38,40,47,53,57,60,62,65,68,70,72,77
3/26/95,05,11,13,15,21,25,26,28,36,37,39,41,50,51,60,61,65,69,72,76
3/25/95,03,04,14,18,25,26,27,30,31,36,46,56,60,62,68,71,73,74,75,80
3/24/95,01,04,08,09,14,15,27,29,30,34,36,41,46,58,62,65,68,69,70,78
3/23/95,02,07,13,16,18,19,30,35,39,41,51,54,58,64,67,68,69,75,76,77
3/22/95,10,14,20,25,26,28,33,34,35,42,45,52,59,61,66,70,71,76,79,80
3/21/95,03,22,23,25,28,31,37,41,42,43,45,48,50,56,58,63,68,73,75,79
3/20/95,05,10,11,19,21,26,31,36,38,39,41,47,49,51,52,53,59,62,76,79
3/19/95,02,03,10,15,17,18,23,26,35,38,39,43,48,56,60,64,71,76,78,79
3/18/95,02,05,11,12,13,19,23,25,30,34,37,43,45,50,53,63,69,72,74,78
3/17/95,04,13,14,20,22,27,28,36,39,43,46,54,56,57,60,61,65,67,71,76
3/16/95,03,06,07,11,17,18,20,23,29,31,34,46,59,62,64,68,72,76,77,80
3/15/95,01,07,08,09,17,19,26,28,33,37,44,47,51,55,57,59,68,69,73,78
3/14/95,02,05,09,13,15,16,18,20,25,32,34,41,48,49,54,69,72,74,75,80
3/13/95,06,09,10,14,29,30,32,37,38,40,41,43,50,51,52,60,64,65,66,73
3/12/95,10,11,20,23,27,31,35,36,40,43,49,52,55,61,66,69,70,72,77,80
3/11/95,04,06,07,14,16,23,30,32,37,39,41,50,59,60,62,63,71,72,74,76
3/10/95,01,03,09,10,14,15,18,22,24,27,33,39,44,52,57,58,61,65,68,74
3/9/95,11,36,38,39,41,42,43,45,46,49,51,53,55,56,57,66,68,72,75,80
3/8/95,04,08,12,19,20,31,37,38,39,45,46,47,48,51,59,64,67,70,74,79
3/7/95,04,05,18,20,27,30,31,33,38,44,47,48,51,53,55,56,59,60,69,76
3/6/95,03,05,14,23,31,32,36,37,40,41,43,52,60,64,65,69,73,74,76,79
3/5/95,02,04,06,25,29,30,33,36,38,39,42,47,48,49,56,59,61,73,76,79
3/4/95,03,04,05,06,07,09,13,22,24,25,30,35,36,38,45,46,61,73,76,79
3/3/95,03,04,11,13,25,26,27,28,31,34,47,54,55,57,59,61,69,70,73,80
3/2/95,01,02,03,06,07,13,14,15,18,23,24,25,39,51,52,61,62,64,68,79
3/1/95,03,06,07,10,20,29,30,31,40,44,49,53,56,57,68,69,71,72,73,80
2/28/95,05,06,13,16,19,23,28,29,33,37,42,45,46,48,54,57,66,69,71,80
2/27/95,01,05,12,13,14,17,20,23,27,31,32,33,35,37,45,46,51,59,64,77
2/26/95,01,02,03,04,11,17,20,31,33,34,36,38,53,57,59,60,64,65,67,76
2/25/95,04,07,15,16,18,21,22,23,26,28,30,39,40,51,55,57,63,66,73,75
2/24/95,01,07,09,12,17,19,20,26,34,38,42,45,46,59,60,66,68,71,72,77
2/23/95,04,05,06,07,09,10,13,15,16,26,28,33,44,48,50,51,58,68,73,74
2/22/95,06,10,19,21,25,31,46,49,50,51,57,58,61,64,70,74,75,77,79,80
2/21/95,02,04,08,13,14,23,28,33,36,41,51,54,58,59,61,66,67,72,74,76
2/20/95,06,14,17,18,23,26,27,44,45,47,48,51,52,53,60,61,66,72,73,80
2/19/95,03,07,08,09,11,17,23,25,26,34,35,41,45,46,47,53,54,55,66,73
2/18/95,06,10,12,17,18,22,24,28,29,34,36,45,51,53,59,60,61,64,72,80
2/17/95,01,03,04,07,10,15,19,21,28,29,34,36,39,47,52,57,68,69,72,76
2/16/95,12,13,22,24,25,34,36,39,41,42,43,48,50,56,58,61,67,71,74,76
2/15/95,12,13,15,16,18,32,39,43,46,49,51,53,54,56,65,66,67,68,72,74
2/14/95,03,07,15,18,21,23,24,26,45,48,53,61,62,64,65,66,70,76,77,78
2/13/95,01,03,04,07,09,12,21,23,30,37,39,44,47,48,53,58,59,60,62,79
2/12/95,05,08,09,13,17,19,22,32,44,51,53,55,60,61,63,66,69,70,71,74
2/11/95,01,02,03,07,22,27,28,30,40,44,51,53,59,61,62,66,68,71,76,77
2/10/95,01,06,08,13,15,21,27,30,39,41,42,45,46,51,56,61,64,66,70,74
2/9/95,02,03,04,11,12,13,14,15,21,35,36,38,47,56,57,63,65,66,69,73
2/8/95,01,03,15,20,30,36,37,39,41,45,53,58,59,64,66,68,72,74,75,79
2/7/95,06,11,17,25,28,29,30,33,38,41,42,52,53,58,62,66,69,70,71,75
2/6/95,01,05,06,11,13,16,18,21,23,26,27,33,47,55,58,59,64,66,76,79
2/5/95,02,07,10,12,14,15,17,20,21,36,41,46,49,54,55,56,64,65,66,70
2/4/95,01,05,06,10,13,22,32,33,34,35,36,37,41,47,48,60,61,72,75,76
2/3/95,01,02,03,04,08,10,11,15,16,20,25,37,41,42,45,48,50,56,58,75
2/2/95,04,06,12,13,18,20,21,25,29,30,32,45,57,58,59,63,72,75,77,79
2/1/95,02,03,10,11,12,23,29,42,43,48,49,52,58,59,68,69,71,73,77,79
1/31/95,05,09,15,16,17,24,33,34,36,37,39,42,47,53,62,65,68,70,77,78
1/30/95,01,04,08,14,17,22,25,35,37,38,39,42,49,52,53,55,60,62,71,77
1/29/95,16,19,21,23,27,32,35,36,37,39,42,45,49,50,51,54,56,60,68,71
1/28/95,01,07,13,16,17,18,25,26,27,28,29,31,45,46,51,55,56,72,74,77
1/27/95,02,06,18,21,24,34,35,36,37,38,39,43,49,56,58,59,60,62,76,79
1/26/95,01,05,10,11,16,19,22,24,29,31,36,37,44,47,50,56,67,69,70,76
1/25/95,01,02,03,10,12,15,17,22,28,33,50,54,58,59,61,63,68,73,76,78
1/24/95,01,02,05,09,11,14,21,35,37,38,40,43,45,49,56,57,66,67,76,77
1/23/95,03,04,07,08,18,19,22,34,36,37,38,47,49,51,53,56,61,73,76,78
1/22/95,01,02,04,10,12,13,29,31,33,42,44,46,47,54,57,63,70,71,72,76
1/21/95,02,03,11,13,14,20,27,32,34,38,40,43,45,51,52,58,64,69,70,80
1/20/95,06,07,13,17,26,38,44,53,54,55,56,57,61,64,68,71,76,77,78,79
1/19/95,05,06,07,08,09,10,11,12,22,27,35,40,42,47,48,49,56,66,70,72
1/18/95,05,08,10,17,24,28,33,39,47,48,52,53,57,59,63,65,72,75,77,78
1/17/95,05,12,15,16,19,26,27,28,29,30,37,41,47,49,50,57,59,67,68,74
1/16/95,03,06,07,11,14,19,24,27,29,32,34,36,44,51,54,58,59,61,70,73
1/15/95,05,07,12,13,14,16,18,36,48,49,51,54,57,65,67,68,69,72,73,79
1/14/95,04,06,08,11,16,17,19,27,29,34,35,39,51,53,60,62,63,66,71,72
1/13/95,03,11,17,21,27,29,30,31,32,38,46,57,58,60,63,69,70,71,72,73
1/12/95,02,03,04,08,14,19,33,36,41,43,51,54,56,59,65,69,70,72,77,80
1/11/95,01,14,16,17,20,24,26,28,34,37,40,42,44,55,60,61,65,73,75,80
1/10/95,04,07,09,12,21,22,23,39,40,43,45,49,51,53,55,56,69,71,76,78
1/9/95,01,04,14,15,16,19,21,23,27,32,39,40,42,50,51,52,55,59,69,80
1/8/95,10,12,13,14,15,33,39,44,45,46,47,51,56,58,60,64,66,72,79,80
1/7/95,01,04,07,09,11,12,16,20,21,23,26,29,30,37,43,46,56,66,78,80
1/6/95,11,17,20,26,27,28,32,35,36,39,42,47,57,58,60,64,74,75,77,78
1/5/95,10,14,19,23,25,29,33,35,37,41,43,50,53,58,60,61,72,75,77,79
1/4/95,01,10,17,22,25,26,33,35,37,38,45,46,49,60,62,65,68,70,72,79
1/3/95,08,10,16,24,25,27,32,34,36,40,44,45,50,52,53,54,60,63,64,70
1/2/95,03,05,10,11,14,16,17,28,29,30,33,35,38,41,56,57,63,69,74,80
1/1/95,04,11,14,20,21,22,24,27,29,33,36,38,39,46,50,54,57,58,74,77
12/31/94,13,18,25,27,29,30,35,38,39,40,42,51,52,53,57,61,63,64,70,79
12/30/94,03,07,08,11,12,14,15,26,27,31,35,39,45,47,51,55,72,75,78,79
12/29/94,01,02,03,05,10,12,23,32,34,37,40,44,53,55,57,58,63,64,68,75
12/28/94,03,05,08,09,14,16,17,19,20,28,31,48,52,55,56,57,58,65,73,76
12/27/94,01,09,14,18,20,24,26,30,33,36,38,50,53,56,60,62,66,67,68,76
12/26/94,03,10,11,15,19,23,25,26,30,35,41,45,50,60,62,64,67,68,71,74
12/24/94,12,17,21,22,25,29,30,31,33,37,39,43,51,52,53,54,56,57,79,80
12/23/94,02,03,05,08,09,10,13,15,33,45,46,56,58,61,63,66,73,76,77,79
12/22/94,03,12,16,25,32,34,35,40,42,45,46,47,49,52,59,61,63,72,73,76
12/21/94,02,12,18,21,22,29,32,43,46,47,48,55,60,64,68,72,74,76,77,78
12/20/94,03,06,10,17,19,28,29,35,41,43,45,47,50,51,54,57,61,66,70,77
12/19/94,02,07,19,30,34,35,38,40,46,47,49,54,55,57,62,65,67,75,77,79
12/18/94,01,03,08,25,26,28,34,35,37,39,40,41,42,44,46,48,50,62,66,76
12/17/94,04,11,17,23,26,27,29,30,34,36,37,42,57,60,61,66,71,72,74,80
12/16/94,02,03,05,06,14,26,33,36,41,50,57,61,62,68,69,72,73,75,76,77
12/15/94,02,05,07,16,18,21,23,24,33,45,47,53,55,57,58,64,66,70,72,75
12/14/94,09,13,14,16,18,21,24,26,30,33,40,42,46,53,61,62,68,76,77,79
12/13/94,04,18,21,26,27,28,35,37,40,47,49,50,62,65,68,69,73,76,79,80
12/12/94,03,14,16,18,19,27,32,35,36,39,41,43,46,52,58,67,71,78,79,80
12/11/94,02,17,19,20,24,36,41,42,44,45,47,53,54,58,62,65,66,74,76,78
12/10/94,02,03,04,06,17,37,39,41,43,49,51,52,55,58,60,62,65,68,74,79
12/9/94,02,08,12,15,22,25,33,34,35,41,46,51,56,59,60,65,67,70,77,80
12/8/94,09,11,12,13,19,36,37,40,41,42,43,46,48,54,68,69,70,72,79,80
12/7/94,11,20,25,31,36,39,46,47,49,51,52,53,59,62,63,67,68,72,73,80
12/6/94,02,08,11,15,17,21,25,29,30,32,37,41,52,54,56,61,62,64,79,80
12/5/94,05,13,18,20,22,26,30,32,37,40,46,47,49,51,53,56,64,67,77,79
12/4/94,03,04,08,12,13,15,19,24,26,27,31,32,36,40,42,49,57,62,70,73
12/3/94,05,06,09,11,14,22,30,33,35,42,43,44,50,53,55,62,71,72,73,79
12/2/94,01,04,09,13,22,26,27,44,50,55,59,61,62,68,74,75,76,77,79,80
12/1/94,05,06,10,15,19,20,27,30,35,45,48,49,50,52,55,62,63,68,78,80
11/30/94,02,07,11,15,17,18,26,28,30,37,38,41,44,58,66,71,73,75,78,80
11/29/94,03,06,09,13,15,17,19,23,24,25,27,33,48,51,69,71,73,75,77,78
11/28/94,07,10,13,14,19,21,29,30,35,42,47,48,51,52,53,59,60,66,68,74
11/27/94,05,06,09,15,17,22,24,25,39,40,41,42,44,45,48,67,69,71,75,76
11/26/94,06,08,15,21,23,26,27,34,35,41,44,46,47,53,54,55,63,66,76,77
11/25/94,03,04,06,07,15,20,22,23,27,28,29,33,34,36,38,41,67,72,74,77
11/24/94,01,03,04,05,22,24,30,33,40,43,45,46,51,58,65,67,69,72,78,79
11/23/94,06,07,08,11,15,16,19,28,30,53,60,61,62,63,66,67,70,73,78,79
11/22/94,02,05,06,12,17,28,33,34,40,41,44,46,53,57,60,62,69,71,75,79
11/21/94,01,02,15,18,20,22,23,31,32,35,36,41,43,49,51,57,60,62,63,79
11/20/94,01,04,07,10,13,24,27,36,37,51,53,56,57,60,62,66,68,69,70,78
11/19/94,05,13,14,18,20,23,27,29,30,34,52,58,63,66,68,70,71,72,74,76
11/18/94,05,23,27,32,34,36,38,41,44,50,59,60,61,64,65,66,71,74,75,79
11/17/94,04,07,11,23,26,27,28,32,33,36,43,45,47,50,52,63,68,70,71,78
11/16/94,03,04,05,13,19,24,28,41,42,46,50,54,55,63,65,66,68,73,76,78
11/15/94,02,03,04,12,13,17,22,29,32,39,47,49,57,63,64,65,69,70,73,78
11/14/94,09,11,13,20,25,26,29,32,35,40,41,42,49,50,52,62,67,70,73,80
11/13/94,12,13,15,18,20,23,25,27,31,33,34,43,48,50,52,70,71,72,75,77
11/12/94,02,05,10,11,17,19,23,24,25,38,43,45,53,54,63,67,69,75,76,78
11/11/94,03,08,10,15,16,17,18,26,29,30,31,40,42,45,51,52,53,54,72,80
11/10/94,03,08,28,30,34,35,39,43,47,48,53,59,60,65,68,75,76,77,78,79
11/9/94,01,04,07,10,13,19,21,25,34,40,45,51,52,56,57,65,73,74,79,80
11/8/94,08,12,15,17,18,21,22,33,34,35,40,49,50,54,57,60,62,71,72,77
11/7/94,04,12,13,15,16,18,24,35,38,39,41,42,44,53,57,58,60,72,78,79
11/6/94,01,02,05,06,13,15,17,20,25,29,33,35,40,41,49,52,67,72,74,75
11/5/94,03,08,12,15,16,17,18,28,31,35,37,45,51,52,57,60,64,75,78,80
11/4/94,01,03,09,10,11,12,13,16,17,23,26,34,35,37,47,53,63,69,70,79
11/3/94,10,13,22,24,25,37,45,46,52,54,57,58,67,70,71,72,73,74,76,78
11/2/94,03,13,18,25,26,27,40,41,45,52,53,56,57,62,65,69,73,75,76,79
11/1/94,03,08,10,14,21,24,31,35,40,43,50,51,58,61,68,70,74,77,78,80
10/31/94,06,07,09,14,21,29,32,35,38,48,50,51,55,58,59,68,69,70,76,77
10/30/94,09,11,12,16,19,21,26,27,31,32,50,60,61,62,65,67,71,74,77,78
10/29/94,01,03,04,05,24,36,38,39,47,52,53,57,58,59,62,67,68,69,75,78
10/28/94,06,12,14,16,17,22,23,30,46,48,52,53,57,62,70,71,75,76,79,80
10/27/94,02,03,04,07,09,11,23,29,31,32,34,38,42,49,50,59,61,62,70,79
10/26/94,10,12,13,15,16,18,26,28,31,33,38,42,44,47,52,55,57,60,76,77
10/25/94,01,03,06,11,12,17,20,26,34,35,40,43,62,64,69,72,73,74,75,77
10/24/94,01,09,10,12,22,23,31,34,36,37,51,59,61,63,64,66,70,75,78,79
10/23/94,10,12,20,23,26,27,29,30,34,37,38,53,59,60,63,66,69,71,73,78
10/22/94,02,06,08,15,19,20,30,31,36,39,42,52,55,56,57,61,63,64,77,78
10/21/94,03,14,22,26,37,40,41,42,46,47,53,59,61,62,64,65,69,71,76,80
10/20/94,03,08,11,15,27,31,34,35,39,40,47,50,52,58,61,62,66,68,76,77
10/19/94,03,04,09,19,23,24,26,29,31,37,49,50,51,53,58,61,64,68,73,75
10/18/94,03,05,08,09,16,23,28,35,37,39,41,45,52,53,58,64,66,71,74,75
10/17/94,03,09,25,26,30,36,49,53,55,56,57,60,61,62,66,69,73,74,75,77
10/16/94,16,18,19,23,24,27,28,32,39,40,47,52,53,58,60,61,67,69,71,74
10/15/94,05,11,16,18,19,23,25,26,31,32,43,49,53,56,58,66,67,70,71,80
10/14/94,06,11,13,16,18,24,27,31,39,40,43,44,49,53,55,56,60,74,75,78
10/13/94,01,03,13,18,19,27,29,31,33,34,36,42,48,52,57,58,59,60,64,65
10/12/94,05,06,07,12,18,20,31,34,36,40,42,45,46,50,59,62,66,71,72,80
10/11/94,04,12,15,20,23,31,33,34,35,43,46,50,53,54,61,62,69,71,75,76
10/10/94,07,08,11,15,19,22,24,27,30,31,33,47,48,51,54,63,66,68,70,74
10/9/94,05,10,14,16,19,22,24,26,28,31,35,36,39,42,49,53,54,60,62,80
10/8/94,06,07,11,20,26,27,30,31,38,39,44,47,69,71,72,73,75,76,77,79
10/7/94,03,06,09,14,18,19,21,22,31,36,38,39,40,48,51,52,56,59,63,64
10/6/94,05,06,14,19,24,25,28,29,34,36,37,38,53,54,55,60,61,63,72,79
10/5/94,06,08,15,18,20,21,24,37,39,40,42,43,47,48,50,55,58,63,65,66
10/4/94,01,06,08,10,16,26,27,28,30,42,43,52,57,59,64,65,66,77,79,80
10/3/94,06,10,11,14,16,35,40,41,43,46,49,51,58,65,69,73,74,75,76,80
10/2/94,03,06,08,13,14,19,22,23,26,33,35,36,42,43,45,49,54,64,65,70
10/1/94,03,08,12,20,25,34,35,43,46,53,57,60,61,62,66,67,68,69,72,77
9/30/94,01,04,05,09,17,20,26,27,34,39,42,45,46,49,53,60,65,73,79,80
9/29/94,06,07,12,13,14,22,34,35,41,47,48,49,52,58,60,65,69,70,71,78
9/28/94,04,05,08,16,17,23,28,30,31,32,33,35,41,43,49,57,62,66,71,75
9/27/94,01,03,04,07,10,14,17,18,19,25,32,35,36,38,43,48,59,63,67,76
9/26/94,01,06,10,13,16,17,21,22,26,27,29,37,48,51,52,56,63,76,77,78
9/25/94,05,06,11,15,19,22,27,30,42,44,49,51,52,57,58,64,72,74,77,80
9/24/94,04,07,11,17,18,37,39,43,44,46,48,51,56,59,61,67,73,74,76,80
9/23/94,02,04,10,16,18,29,30,31,32,36,42,44,48,55,61,62,67,68,72,78
9/22/94,09,10,13,14,15,18,33,41,43,44,50,51,55,57,63,67,71,74,75,76
9/21/94,04,05,06,08,16,17,21,30,33,37,44,45,46,52,59,61,62,70,75,78
9/20/94,10,14,18,21,23,25,30,31,35,40,47,49,53,58,64,67,70,71,76,77
9/19/94,08,09,13,23,26,30,33,39,42,45,52,54,56,57,58,66,71,72,74,76
9/18/94,11,17,20,21,37,38,39,41,44,48,49,52,54,58,60,64,66,69,70,80
9/17/94,03,04,12,15,18,26,27,31,37,38,39,48,49,51,52,57,58,61,63,71
9/16/94,03,11,13,14,21,23,24,29,31,32,41,42,45,52,61,69,70,72,73,78
9/15/94,04,06,10,12,21,24,31,32,35,36,37,42,56,63,68,69,73,76,77,78
9/14/94,04,12,15,19,29,32,37,42,43,44,45,46,48,50,64,67,71,73,74,75
9/13/94,12,17,20,23,25,29,31,32,35,37,42,43,45,48,55,56,74,75,78,79
9/12/94,11,12,14,24,33,34,36,41,42,49,50,51,53,56,59,67,68,72,74,80
9/11/94,10,11,14,18,19,25,27,28,31,33,41,42,51,53,55,59,63,65,67,75
9/10/94,02,12,14,15,16,17,19,20,21,24,45,49,51,53,55,64,66,77,79,80
9/9/94,04,17,26,27,28,36,41,44,48,49,52,53,55,60,61,65,66,69,78,79
9/8/94,03,11,12,13,15,17,20,24,42,46,56,59,60,64,65,68,71,72,74,79
9/7/94,02,07,08,19,21,26,28,29,32,33,38,46,49,51,52,58,62,71,79,80
9/6/94,02,08,13,16,19,20,22,24,30,32,33,39,43,44,51,57,66,67,75,76
9/5/94,06,09,10,13,28,33,34,46,47,48,51,53,54,60,62,65,68,71,72,78
9/4/94,01,09,16,19,25,27,29,35,37,40,44,49,50,58,60,65,66,69,72,77
9/3/94,01,12,17,28,29,30,34,37,44,45,52,53,56,58,60,64,66,70,76,78
9/2/94,14,17,22,26,29,32,33,37,38,41,58,61,62,66,67,71,72,75,77,78
9/1/94,04,07,08,13,16,17,18,20,22,26,29,35,36,38,50,68,72,76,77,78
8/31/94,02,03,05,08,11,18,21,28,29,36,39,41,45,52,63,64,66,74,76,78
8/30/94,04,12,16,17,18,24,26,28,30,32,38,42,49,55,59,70,71,74,75,80
8/29/94,01,03,06,08,09,12,16,26,27,39,42,52,53,55,64,71,73,75,76,77
8/28/94,06,07,11,13,14,16,26,28,30,32,37,39,43,47,57,58,66,68,79,80
8/27/94,01,02,06,13,26,27,29,36,38,45,46,51,52,53,56,57,67,68,76,80
8/26/94,05,07,12,17,22,24,26,29,32,33,34,46,51,60,62,65,70,71,79,80
8/25/94,01,08,13,14,17,20,23,29,32,41,42,43,45,48,57,58,63,69,72,79
8/24/94,01,04,12,13,14,16,26,31,35,37,45,57,58,59,63,67,73,74,77,80
8/23/94,03,04,06,10,13,14,16,19,26,30,33,35,39,45,48,54,55,57,68,76
8/22/94,01,03,05,30,31,32,40,41,42,49,52,53,56,57,59,65,67,71,77,78
8/21/94,05,06,08,12,15,20,21,27,31,35,41,54,55,58,63,69,70,72,73,80
8/20/94,04,07,09,10,13,15,20,23,28,30,34,37,39,41,42,54,55,56,64,66
8/19/94,01,03,08,10,19,23,27,32,33,36,37,39,43,45,50,56,69,70,79,80
8/18/94,01,05,08,13,19,23,24,29,30,37,41,51,52,57,59,60,65,71,72,79
8/17/94,05,08,09,12,20,21,29,31,36,38,46,51,58,59,60,63,64,67,71,75
8/16/94,06,11,19,22,24,25,27,29,33,34,36,40,47,51,53,56,63,70,71,79
8/15/94,12,16,18,20,24,29,31,34,35,40,41,42,43,54,55,59,62,64,78,80
8/14/94,04,05,06,09,14,16,25,26,31,48,51,53,54,58,60,62,64,68,73,74
8/13/94,03,06,09,15,19,21,22,24,30,43,52,53,54,57,60,62,63,68,77,79
8/12/94,05,07,10,14,15,23,24,28,30,38,39,40,42,56,57,59,62,71,79,80
8/11/94,01,02,04,07,14,17,22,33,36,45,46,49,58,59,60,67,68,71,73,74
8/10/94,09,12,17,22,23,24,34,36,39,45,46,47,50,54,66,67,69,74,77,80
8/9/94,02,07,08,15,17,21,26,33,42,44,45,49,52,56,59,64,69,72,77,78
8/8/94,01,02,04,05,07,11,19,25,27,39,49,61,64,66,67,69,72,74,75,76
8/7/94,05,08,09,10,11,12,25,26,27,29,30,32,36,37,40,42,49,52,74,77
8/6/94,04,07,09,17,24,39,40,42,47,53,57,58,60,64,65,66,67,72,73,79
8/5/94,01,02,03,08,09,11,12,17,21,24,25,26,27,38,52,54,59,64,73,75
8/4/94,01,04,05,18,19,26,28,30,38,46,50,53,55,56,58,63,69,74,76,77
8/3/94,13,15,19,22,23,29,32,37,39,40,45,48,49,53,56,58,59,72,77,79
8/2/94,01,04,11,15,19,22,23,27,34,36,42,44,45,49,54,55,57,64,65,78
8/1/94,03,05,07,10,16,17,23,29,33,34,35,37,38,48,51,59,67,75,79,80
7/31/94,03,04,07,12,14,20,28,29,32,37,38,42,43,49,52,59,65,69,70,72
7/30/94,05,12,13,20,21,23,25,27,28,37,46,52,53,57,66,71,73,77,78,79
7/29/94,05,06,08,19,25,26,29,32,34,37,42,44,45,50,53,57,60,66,69,75
7/28/94,03,08,11,13,26,29,33,34,35,36,43,48,55,62,64,66,71,72,75,76
7/27/94,02,04,05,07,16,26,31,36,39,40,45,51,58,59,62,63,70,71,72,76
7/26/94,01,14,17,20,23,28,35,36,37,38,48,50,60,61,62,64,71,74,76,77
7/25/94,07,10,16,17,18,21,30,34,42,43,50,51,54,61,62,63,67,69,70,73
7/24/94,04,08,10,14,15,18,25,27,29,38,39,40,43,49,63,64,69,72,74,79
7/23/94,04,07,09,13,14,18,21,27,28,30,35,39,43,47,54,58,62,68,72,78
7/22/94,04,07,08,11,15,16,17,23,34,35,37,43,47,48,53,54,57,60,70,76
7/21/94,03,06,09,10,15,21,23,27,28,29,41,47,48,54,55,59,68,71,77,80
7/20/94,03,07,08,11,23,32,39,42,43,45,49,51,52,54,56,61,67,70,73,78
7/19/94,04,08,09,10,12,15,24,28,37,44,45,50,51,52,56,58,60,66,75,76
7/18/94,02,06,11,12,18,19,25,33,37,39,44,45,46,51,53,62,63,69,72,79
7/17/94,01,03,06,11,13,14,18,24,25,26,31,35,36,46,50,52,57,60,63,75
7/16/94,04,12,16,17,19,20,27,30,33,38,42,56,60,61,66,67,71,73,74,77
7/15/94,02,05,07,09,12,16,27,31,38,47,48,55,59,60,61,62,63,66,67,69
7/14/94,03,05,14,17,21,25,30,31,32,38,39,43,45,52,53,67,69,71,73,74
7/13/94,03,05,06,30,33,35,43,45,48,49,51,55,60,62,66,69,75,76,77,80
7/12/94,09,11,12,18,19,25,31,32,38,39,41,47,54,57,70,71,74,75,76,80
7/11/94,03,06,08,09,23,25,28,32,35,36,43,45,46,47,53,56,64,67,73,76
7/10/94,03,05,10,11,16,17,23,28,30,34,44,46,57,59,61,67,70,71,74,78
7/9/94,07,08,09,10,19,20,22,28,34,41,51,55,56,58,59,62,63,65,67,79
7/8/94,02,09,11,14,15,17,19,20,23,25,28,33,34,37,45,46,50,64,76,80
7/7/94,04,13,16,17,19,29,30,32,34,35,40,56,63,65,66,68,74,76,77,78
7/6/94,02,04,07,17,18,27,34,37,38,41,53,54,57,62,64,66,72,77,79,80
7/5/94,12,24,26,28,38,41,42,45,46,47,48,53,58,59,68,69,75,77,79,80
7/4/94,02,04,06,09,13,17,19,22,27,29,35,38,42,43,48,54,55,63,72,74
7/3/94,01,03,06,18,20,21,22,24,27,28,30,32,42,50,56,58,62,75,78,79
7/2/94,03,04,17,20,21,24,25,26,27,34,35,38,44,56,60,64,67,69,74,78
7/1/94,12,13,14,23,27,33,35,38,45,46,47,59,60,61,62,63,69,73,74,78
6/30/94,05,15,16,25,27,29,30,34,36,39,40,43,46,47,51,52,73,74,79,80
6/29/94,07,14,19,20,23,25,26,28,34,44,47,50,51,53,59,60,63,64,73,78
6/28/94,03,07,08,09,20,25,26,28,32,36,39,42,45,48,57,61,67,75,78,80
6/27/94,03,07,16,27,29,30,40,45,47,49,56,62,63,67,68,71,74,75,77,79
6/26/94,03,05,08,09,11,13,25,26,29,32,36,47,51,54,61,62,67,71,75,78
6/25/94,01,02,03,11,17,20,21,22,27,28,29,33,42,44,51,53,54,68,69,78
6/24/94,03,10,24,28,32,37,38,39,40,41,42,48,49,50,59,61,62,68,73,74
6/23/94,07,10,11,22,23,28,38,40,41,42,48,62,63,65,66,68,71,74,79,80
6/22/94,04,06,08,09,13,14,17,18,20,34,36,41,42,43,50,57,64,69,73,78
6/21/94,10,26,32,37,38,39,40,45,46,48,51,53,55,62,64,65,66,69,70,80
6/20/94,06,14,15,22,28,29,40,42,46,49,50,52,58,62,63,64,66,70,76,80
6/19/94,05,09,14,18,21,24,26,27,29,32,33,37,41,43,49,50,53,57,74,76
6/18/94,02,06,09,11,17,20,24,26,29,33,37,47,48,54,65,69,70,71,72,80
6/17/94,01,08,12,14,15,17,20,24,25,35,37,40,41,47,49,56,63,68,76,80
6/16/94,05,11,12,14,20,22,27,29,31,35,41,43,50,61,66,70,71,74,77,80
6/15/94,01,16,17,18,23,31,36,37,39,44,53,55,57,58,59,68,70,75,76,78
6/14/94,14,18,25,28,29,31,32,36,43,49,52,53,55,58,61,64,65,69,75,76
6/13/94,01,08,09,11,13,23,25,29,38,39,41,50,52,53,55,60,62,66,72,74
6/12/94,05,07,11,15,17,19,26,29,30,31,37,42,47,54,65,68,71,74,78,80
6/11/94,05,10,14,18,24,25,26,29,36,37,42,45,47,48,50,52,54,63,64,75
6/10/94,04,11,13,14,15,26,27,30,32,38,46,48,49,51,60,61,64,65,73,80
6/9/94,09,10,20,21,23,24,32,33,38,39,40,45,48,54,65,66,69,73,76,80
6/8/94,06,09,16,25,26,27,31,35,36,42,45,47,52,54,64,66,67,68,75,78
6/7/94,06,12,13,21,22,24,31,35,36,40,43,52,55,56,59,61,63,68,70,80
6/6/94,01,03,08,10,11,14,17,20,21,22,30,36,40,48,55,62,66,73,74,80
6/5/94,05,10,28,30,32,38,39,43,46,53,54,59,60,61,63,66,67,68,69,78
6/4/94,02,07,14,15,20,22,23,31,34,38,40,44,50,52,55,58,60,61,62,76
6/3/94,02,05,06,08,12,13,23,26,27,28,31,35,41,44,49,50,54,58,63,64
6/2/94,14,20,22,23,24,28,33,34,35,36,43,44,48,51,52,55,57,60,62,69
6/1/94,02,10,11,18,26,31,34,41,51,53,56,59,60,64,68,70,73,74,75,77
5/31/94,02,04,09,11,13,20,27,28,34,38,40,42,59,60,64,66,71,73,74,76
5/30/94,02,05,11,21,30,34,41,43,48,55,56,57,58,59,62,65,67,72,74,77
5/29/94,02,06,11,18,19,24,31,36,37,46,47,51,58,60,61,63,65,67,74,79
5/28/94,05,07,08,11,22,34,40,41,45,46,47,49,51,54,56,64,65,69,70,74
5/27/94,02,05,10,19,21,29,34,36,39,42,43,44,51,56,60,66,68,69,78,80
5/26/94,02,08,10,11,12,15,18,21,26,28,30,33,39,40,52,55,57,61,74,79
5/25/94,05,15,16,19,20,26,29,31,33,36,42,48,54,56,58,59,60,76,78,79
5/24/94,05,10,15,17,18,21,25,31,32,36,40,42,45,49,52,53,63,67,69,72
5/23/94,02,04,06,10,15,21,23,29,33,40,46,54,56,61,62,64,66,75,79,80
5/22/94,06,18,19,26,27,30,31,39,40,43,45,46,52,58,60,63,67,69,79,80
5/21/94,09,12,14,16,23,24,26,29,31,34,49,51,53,61,62,63,66,68,72,79
5/20/94,02,03,05,08,12,15,17,27,34,41,43,46,51,55,61,66,72,73,75,77
5/19/94,05,06,07,08,11,16,19,28,37,45,47,49,52,53,54,60,66,67,71,79
5/18/94,07,10,16,17,23,24,27,34,35,38,44,47,52,53,64,65,68,70,77,79
5/17/94,06,09,11,12,15,21,32,35,39,48,49,52,53,64,67,73,76,78,79,80
5/16/94,02,06,17,18,19,20,22,26,28,38,45,46,47,49,54,60,63,66,72,73
5/15/94,01,02,04,08,14,20,31,33,36,37,45,48,59,60,65,71,75,77,79,80
5/14/94,02,03,08,11,14,19,20,22,28,31,43,47,52,53,54,58,63,66,70,78
5/13/94,07,11,13,16,18,19,23,31,34,35,37,46,54,60,61,65,66,69,77,79
5/12/94,01,02,04,06,24,30,33,41,44,50,53,54,55,56,57,58,59,66,70,80
5/11/94,06,09,17,29,30,35,37,38,42,44,47,51,53,54,56,57,59,65,71,72
5/10/94,06,07,13,18,19,20,22,23,32,33,35,41,48,52,53,63,74,77,79,80
5/9/94,01,05,07,11,23,30,33,39,40,49,50,51,54,59,64,68,71,74,75,79
5/8/94,01,02,07,14,18,28,32,33,38,43,44,46,51,56,57,60,65,67,73,80
5/7/94,04,07,09,11,17,22,29,36,43,47,49,50,52,59,60,69,71,74,79,80
5/6/94,04,05,06,07,08,11,16,25,29,43,46,50,54,59,60,66,68,69,72,75
5/5/94,09,10,14,20,21,22,25,35,37,43,45,46,50,58,62,69,73,78,79,80
5/4/94,04,05,09,10,11,17,19,24,35,39,44,49,50,51,61,65,69,74,77,79
5/3/94,06,23,26,33,34,38,39,41,42,44,46,47,51,54,58,60,69,75,77,78
5/2/94,04,06,09,13,17,28,30,39,41,42,43,45,47,50,65,66,68,71,73,79
5/1/94,01,05,09,11,14,15,17,18,19,20,24,25,27,29,36,38,54,56,66,67
4/30/94,01,11,14,16,18,21,26,27,34,43,48,52,54,55,64,65,67,70,73,74
4/29/94,06,08,11,12,13,14,20,28,31,42,43,48,50,56,58,59,63,67,68,78
4/28/94,05,06,08,11,15,16,26,29,34,35,38,39,44,54,56,62,67,73,76,80
4/27/94,03,08,17,19,22,31,33,36,38,42,44,45,47,52,56,61,62,72,73,77
4/26/94,02,04,15,17,21,24,27,32,33,37,38,40,42,46,49,50,54,55,78,80
4/25/94,01,03,07,12,16,18,20,21,23,24,38,39,43,44,45,50,68,69,71,76
4/24/94,01,10,14,17,20,31,36,37,38,40,45,48,53,54,56,61,63,64,71,78
4/23/94,04,06,09,11,12,16,17,25,29,30,31,34,35,36,42,43,60,71,78,80
4/22/94,02,03,05,13,14,16,17,21,28,30,34,47,49,50,52,63,66,72,74,80
4/21/94,10,12,13,14,16,23,25,28,30,31,32,33,40,44,48,49,53,54,67,69
4/20/94,05,07,09,11,18,22,29,30,39,41,46,52,54,56,59,61,70,72,75,79
4/19/94,06,08,11,14,15,17,26,27,28,29,34,39,44,46,50,53,56,58,61,64
4/18/94,01,08,12,15,16,23,33,34,39,41,43,51,54,56,58,61,69,73,74,75
4/17/94,03,09,13,21,22,27,38,40,42,46,52,54,56,61,63,67,69,70,76,77
4/16/94,05,10,16,17,18,24,34,35,36,43,46,48,58,59,63,64,66,69,73,76
4/15/94,08,09,14,16,23,25,31,33,35,37,40,45,46,48,53,57,59,62,64,67
4/14/94,02,08,10,12,18,26,27,31,33,34,44,45,48,49,50,55,62,64,68,70
4/13/94,02,08,09,10,13,20,21,25,28,39,41,43,44,58,59,62,71,72,73,76
4/12/94,02,17,27,30,33,35,36,38,42,47,49,51,55,56,57,61,63,72,77,78
4/11/94,01,04,05,12,14,19,22,27,28,35,41,42,45,55,56,59,64,66,74,75
4/10/94,02,09,10,11,12,16,17,22,23,26,29,35,38,44,47,56,58,73,79,80
4/9/94,06,07,08,09,12,13,14,21,25,28,29,35,37,38,41,54,69,72,74,78
4/8/94,01,03,05,11,13,15,17,19,24,26,27,30,31,47,57,58,59,64,68,80
4/7/94,07,09,12,14,15,17,18,29,36,40,43,47,54,58,62,66,68,74,75,78
4/6/94,05,08,10,22,28,33,38,39,40,44,49,52,62,64,65,69,70,73,77,79
4/5/94,02,06,10,14,15,19,22,25,28,34,44,53,55,57,59,64,65,76,78,80
4/4/94,02,12,20,23,31,37,41,42,45,46,49,55,56,58,68,70,71,72,75,77
4/3/94,01,02,17,18,20,28,35,37,41,47,48,49,56,59,63,65,71,73,77,80
4/2/94,02,04,07,11,23,28,33,42,43,47,49,54,55,58,62,63,64,66,71,72
4/1/94,03,05,06,12,19,23,28,34,37,39,40,44,49,52,57,60,65,73,74,78
3/31/94,07,08,10,14,15,22,31,34,39,41,47,51,52,53,54,58,61,69,74,77
3/30/94,01,09,14,17,18,19,20,21,22,24,31,34,35,57,63,70,71,75,78,79
3/29/94,01,07,14,17,22,25,32,36,37,38,40,51,52,53,62,63,64,65,71,78
3/28/94,01,05,07,12,14,19,22,29,35,38,41,49,50,63,66,67,68,72,74,75
3/27/94,06,08,09,10,13,14,24,34,36,40,45,46,54,55,62,68,74,75,76,77
3/26/94,04,05,08,10,12,16,17,18,20,30,33,34,35,39,65,66,70,71,73,80
3/25/94,01,14,19,20,26,27,28,38,41,45,47,52,53,55,57,59,65,68,74,80
3/24/94,03,04,08,21,22,29,30,32,37,38,39,42,43,45,46,58,67,68,73,78
3/23/94,02,06,08,23,31,33,34,37,40,45,47,48,60,61,63,69,70,71,73,75
3/22/94,01,18,19,23,26,30,36,47,50,51,58,61,65,67,69,72,74,75,76,79
3/21/94,07,15,20,25,28,29,34,39,47,51,52,57,58,62,65,66,69,72,76,77
3/20/94,02,04,08,09,12,28,34,35,38,43,44,47,50,51,54,65,69,72,76,78
3/19/94,02,04,12,16,17,19,29,32,33,35,43,44,47,48,49,52,55,62,68,78
3/18/94,04,05,06,07,13,19,23,26,37,46,48,59,65,66,67,68,69,70,71,77
3/17/94,02,13,16,17,22,24,25,28,34,41,45,47,48,53,56,58,65,75,76,79
3/16/94,01,04,08,09,11,23,26,30,33,35,36,38,39,46,47,50,69,74,77,78
3/15/94,01,02,04,13,14,26,28,30,43,45,46,47,51,52,56,58,60,66,68,74
3/14/94,06,19,22,23,26,27,28,30,32,37,38,42,43,44,46,52,53,62,69,80
3/13/94,02,03,07,13,19,20,21,28,31,32,38,39,48,49,51,52,53,57,61,78
3/12/94,01,02,04,19,20,31,35,38,43,44,49,52,56,60,64,65,69,74,75,79
3/11/94,04,05,06,07,13,15,16,28,29,31,32,33,34,50,57,62,65,66,67,76
3/10/94,04,06,07,08,15,27,39,42,49,52,56,57,60,62,63,68,71,78,79,80
3/9/94,07,11,17,19,21,23,30,36,37,39,41,43,47,49,53,65,67,71,76,77
3/8/94,01,05,11,20,22,23,24,28,30,31,32,38,43,55,60,61,65,67,72,79
3/7/94,03,07,09,10,15,19,20,24,27,28,30,31,37,38,40,48,53,55,58,71
3/6/94,02,10,12,19,22,28,29,31,32,38,41,42,50,54,56,65,68,70,74,79
3/5/94,02,04,05,06,20,31,32,36,37,43,48,50,53,55,58,62,64,66,71,78
3/4/94,08,12,13,17,18,28,30,31,35,36,39,41,45,48,49,50,60,65,77,78
3/3/94,03,06,07,12,13,14,15,16,20,25,35,42,53,55,60,61,62,63,64,73
3/2/94,01,04,09,14,27,37,47,51,52,56,57,58,59,62,64,68,74,75,77,78
3/1/94,02,08,11,12,14,17,28,39,41,43,51,57,59,64,65,68,69,72,73,78
2/28/94,06,12,13,15,18,21,23,35,40,41,45,49,62,63,64,68,69,71,79,80
2/27/94,06,17,21,26,29,30,31,35,40,43,45,47,52,55,57,58,62,63,68,75
2/26/94,09,12,21,24,25,26,32,33,39,45,52,53,54,58,62,65,66,70,72,73
2/25/94,04,06,15,16,20,21,26,27,28,29,48,53,57,58,64,66,73,74,75,79
2/24/94,05,11,18,20,34,40,44,48,50,51,53,58,60,61,64,66,68,72,73,77
2/23/94,06,09,10,15,16,17,20,27,34,36,43,48,50,58,59,60,62,69,74,75
2/22/94,08,15,20,22,25,30,32,34,35,41,42,44,51,57,63,67,72,74,78,80
2/21/94,03,08,13,14,15,18,21,45,47,48,49,53,55,57,64,66,68,69,71,72
2/20/94,03,12,16,21,25,29,30,31,33,34,35,40,41,44,56,59,61,64,67,79
2/19/94,08,10,11,15,17,20,21,26,29,32,33,46,48,53,55,58,68,75,77,79
2/18/94,01,09,11,16,28,29,33,34,39,47,48,53,58,59,64,66,71,76,77,80
2/17/94,05,10,13,16,23,27,30,38,40,42,46,47,48,51,56,60,64,69,72,80
2/16/94,05,07,09,11,17,19,23,29,30,32,35,36,40,44,58,61,63,65,70,78
2/15/94,03,07,13,25,28,30,31,41,44,51,54,55,59,60,62,70,71,72,73,76
2/14/94,02,04,07,11,13,14,16,18,26,31,33,36,43,50,51,55,58,59,63,66
2/13/94,06,12,15,18,24,28,33,39,41,47,54,58,59,62,65,70,73,74,77,78
2/12/94,04,09,10,11,20,21,31,36,39,40,47,57,58,63,68,75,76,78,79,80
2/11/94,08,31,33,34,35,37,39,40,44,47,48,49,59,60,61,64,66,74,75,80
2/10/94,02,04,05,11,17,23,27,31,35,37,41,48,49,57,59,60,64,70,76,80
2/9/94,02,03,04,09,11,19,27,29,31,32,39,56,59,61,63,65,74,78,79,80
2/8/94,03,07,10,12,23,24,26,27,28,29,31,33,34,45,55,57,58,59,66,70
2/7/94,01,02,07,12,17,25,26,30,33,36,41,43,45,46,47,48,52,53,73,79
2/6/94,08,09,11,15,18,23,24,26,30,33,34,48,55,56,67,69,75,77,79,80
2/5/94,05,13,14,17,18,22,23,30,35,40,42,43,57,66,68,70,71,77,78,80
2/4/94,01,12,14,20,22,24,25,27,30,31,38,39,47,53,55,60,70,72,77,79
2/3/94,07,10,12,15,27,28,43,45,46,48,55,56,61,62,68,69,71,74,75,79
2/2/94,04,05,07,08,11,12,23,28,30,32,34,38,42,55,66,69,72,77,79,80
2/1/94,04,17,20,24,30,40,41,42,46,47,49,56,59,60,64,65,68,71,72,80
1/31/94,05,06,08,09,12,16,18,26,29,30,33,40,52,54,57,59,61,70,71,72
1/30/94,02,08,10,22,25,27,33,36,39,43,48,50,52,58,59,69,70,71,72,80
1/29/94,04,09,11,12,20,27,29,40,44,45,48,50,51,60,62,64,66,70,73,77
1/28/94,03,06,09,11,14,15,21,22,36,50,54,55,56,58,61,69,70,71,75,80
1/27/94,04,08,10,12,23,24,25,42,46,49,52,55,58,61,64,67,71,72,75,76
1/26/94,02,05,06,11,12,15,17,18,22,32,42,44,47,49,53,56,65,71,78,80
1/25/94,04,05,07,11,12,14,15,20,26,30,34,38,40,41,57,60,61,62,64,71
1/24/94,01,02,04,06,11,12,17,18,19,21,24,31,36,49,53,54,55,57,58,76
1/23/94,04,09,12,13,14,16,21,23,26,32,33,34,38,44,47,49,57,63,68,79
1/22/94,01,03,10,11,16,22,24,28,30,33,46,48,50,55,59,62,64,66,70,75
1/21/94,05,17,19,22,23,26,28,32,36,45,50,52,54,59,60,61,68,69,70,76
1/20/94,02,05,11,17,18,25,27,30,34,37,42,45,49,62,64,66,68,69,71,77
1/19/94,04,12,14,15,21,28,33,35,37,40,47,48,53,56,63,64,66,67,74,76
1/18/94,05,06,15,17,20,27,28,39,41,43,47,49,50,52,55,61,62,67,70,77
1/17/94,02,06,09,10,14,16,18,23,28,33,37,40,41,45,50,57,63,67,69,79
1/16/94,03,04,09,15,17,20,23,26,34,40,42,47,49,55,61,64,66,72,75,78
1/15/94,06,13,14,19,22,25,26,28,31,35,38,53,54,56,63,69,71,73,74,77
1/14/94,05,10,15,20,23,27,32,33,44,45,46,49,50,52,55,59,63,69,72,77
1/13/94,07,08,09,10,11,12,23,25,30,33,37,48,49,54,58,62,65,66,69,80
1/12/94,01,08,10,11,12,16,26,32,37,46,47,51,57,60,61,63,65,69,75,77
1/11/94,07,14,16,21,23,28,37,38,41,48,49,56,57,60,69,71,72,75,76,79
1/10/94,03,06,21,29,30,38,42,45,46,48,55,56,66,68,72,73,74,76,78,80
1/9/94,02,08,10,15,18,23,29,32,36,37,40,41,46,51,54,61,70,73,78,79
1/8/94,01,03,13,14,16,20,21,28,29,36,44,51,55,56,59,62,64,66,69,76
1/7/94,01,02,03,15,22,23,31,41,43,50,52,53,55,63,64,66,68,75,76,80
1/6/94,04,07,12,16,17,19,23,32,44,47,49,51,55,57,60,64,65,71,73,79
1/5/94,04,08,09,11,12,15,18,25,26,27,39,44,45,58,62,67,68,70,75,79
1/4/94,03,10,20,21,22,26,30,35,38,40,45,47,48,55,59,60,63,70,71,76
1/3/94,01,05,21,22,23,24,26,30,35,37,41,55,63,64,65,66,68,70,74,76
1/2/94,01,05,08,13,16,26,28,33,35,42,43,46,47,50,54,57,59,61,64,72
1/1/94,01,02,11,12,18,25,26,30,32,42,48,58,60,65,67,68,69,70,72,74
12/31/93,04,08,20,22,26,30,31,37,38,40,46,55,56,59,60,68,70,75,77,80
12/30/93,06,13,14,15,19,25,28,29,32,42,44,46,54,56,58,62,67,68,71,72
12/29/93,02,06,09,13,19,21,24,26,28,32,35,39,40,42,43,51,57,63,71,73
12/28/93,03,04,07,08,12,13,15,19,25,35,36,37,38,40,48,49,65,72,79,80
12/27/93,04,12,19,20,21,24,25,27,28,35,44,47,53,57,59,60,64,66,68,77
12/26/93,04,11,16,17,27,29,34,35,37,43,47,49,50,51,62,63,67,70,71,72
12/24/93,01,17,18,25,31,32,36,39,45,47,49,55,62,63,66,72,73,74,79,80
12/23/93,01,10,12,14,15,21,22,23,27,28,29,31,35,37,45,56,61,62,65,77
12/22/93,01,02,05,08,12,29,31,37,41,50,55,56,57,58,61,62,63,65,67,74
12/21/93,05,06,09,16,28,30,36,37,38,39,40,51,56,58,66,68,71,73,75,80
12/20/93,03,12,15,17,28,30,33,41,43,44,45,50,55,60,64,65,71,75,77,78
12/19/93,02,04,08,12,18,20,29,32,33,37,38,42,49,50,51,55,57,69,77,78
12/18/93,02,08,11,14,20,22,26,31,44,47,49,51,56,58,66,68,71,73,75,78
12/17/93,03,05,06,10,11,12,19,27,32,33,35,37,38,40,45,48,61,67,71,76
12/16/93,10,11,13,18,21,22,26,34,35,40,44,52,58,59,60,64,72,74,76,80
12/15/93,01,07,14,16,20,23,24,26,27,30,36,37,38,46,47,51,56,59,75,77
12/14/93,03,04,08,09,18,20,22,26,31,44,48,49,53,54,58,63,65,68,69,78
12/13/93,02,05,06,07,12,19,21,22,28,33,34,36,38,40,41,43,48,57,69,73
12/12/93,04,08,10,12,18,25,34,38,39,49,52,56,59,61,66,67,74,76,77,80
12/11/93,04,10,11,18,19,23,26,27,32,33,36,54,58,60,65,67,72,75,77,78
12/10/93,01,03,14,17,18,19,21,22,24,27,28,32,37,47,52,53,62,64,69,73
12/9/93,06,09,11,12,17,18,23,26,28,32,33,35,40,51,53,57,66,67,69,74
12/8/93,01,02,04,08,16,17,18,25,27,33,42,49,52,53,59,60,61,62,75,80
12/7/93,01,05,06,07,17,19,21,22,28,32,45,49,53,55,57,61,63,69,70,74
12/6/93,02,07,13,17,18,19,21,27,29,32,36,39,44,55,58,64,65,66,74,75
12/5/93,08,12,15,18,19,20,28,34,40,41,44,57,63,66,67,69,70,74,79,80
12/4/93,07,12,14,17,18,24,31,38,40,44,46,49,57,64,68,69,70,71,74,76
12/3/93,05,07,08,10,12,17,19,24,25,30,31,34,36,42,47,51,62,65,66,73
12/2/93,08,10,18,21,22,27,29,43,45,46,51,52,53,55,62,63,69,70,78,80
12/1/93,07,10,23,24,27,33,40,52,53,54,55,58,61,66,67,70,73,75,77,79
11/30/93,01,03,04,06,07,13,14,22,33,37,45,46,57,61,63,66,74,75,76,77
11/29/93,02,07,11,14,16,17,19,23,33,35,39,54,62,63,65,66,67,68,70,75
11/28/93,01,06,09,19,21,27,33,34,37,39,40,44,45,47,51,52,55,66,70,76
11/27/93,03,09,11,14,17,21,26,32,38,39,42,43,50,51,58,61,65,67,69,76
11/26/93,03,07,08,16,22,25,34,35,36,42,50,54,56,61,64,70,71,72,73,75
11/25/93,01,02,10,15,16,19,24,29,38,47,51,53,57,58,64,67,69,70,74,77
11/24/93,01,06,07,17,25,29,36,42,43,44,50,57,65,66,69,71,72,73,75,77
11/23/93,03,06,07,12,16,23,25,30,31,32,33,34,43,44,48,52,56,59,63,67
11/22/93,02,03,04,10,15,22,23,26,42,43,45,46,47,49,54,56,62,67,74,77
11/21/93,06,07,12,23,26,31,34,37,40,41,42,43,51,55,56,58,59,66,67,79
11/20/93,06,08,09,14,15,21,24,28,31,36,40,41,42,44,50,59,65,70,73,79
11/19/93,06,09,11,15,20,24,30,32,36,40,42,43,49,50,53,54,60,68,71,80
11/18/93,11,13,17,24,25,27,31,32,44,45,46,49,52,56,60,63,70,72,76,80
11/17/93,07,11,15,19,21,23,29,31,39,40,41,48,53,56,67,70,72,75,78,79
11/16/93,01,08,14,20,21,24,28,33,36,38,45,46,50,56,62,64,66,67,69,73
11/15/93,07,11,16,17,21,24,25,27,39,55,56,58,59,60,62,65,69,70,73,77
11/14/93,02,03,05,07,12,15,17,26,34,36,37,46,52,59,60,61,73,74,76,77
11/13/93,09,16,17,19,21,24,25,26,28,31,32,33,35,40,41,56,69,70,72,75
11/12/93,01,02,05,07,14,22,27,28,31,33,34,35,46,54,56,61,68,71,74,75
11/11/93,02,08,11,19,23,25,29,38,46,49,54,56,59,60,62,64,68,71,77,78
11/10/93,03,07,08,09,10,12,13,17,19,24,32,36,38,43,50,57,64,70,73,76
11/9/93,01,05,06,07,08,10,13,19,25,34,36,39,45,49,51,56,62,74,75,77
11/8/93,02,08,09,12,14,18,19,25,30,32,39,42,43,51,53,54,58,61,66,68
11/7/93,07,12,14,19,27,29,31,32,34,37,38,40,46,50,51,58,63,64,67,77
11/6/93,10,13,25,26,28,29,30,31,37,41,50,52,56,58,62,71,72,76,78,79
11/5/93,02,06,07,14,15,17,20,28,38,41,45,48,55,59,62,64,68,73,76,77
11/4/93,01,03,06,09,17,19,21,23,26,28,29,48,51,52,64,66,73,74,75,78
11/3/93,02,08,15,16,20,28,29,39,42,43,44,45,49,53,54,57,61,70,71,76
11/2/93,02,03,12,14,15,21,22,25,27,31,32,52,54,55,59,64,66,69,71,73
11/1/93,06,13,15,18,29,30,34,35,37,42,46,49,56,57,62,64,67,72,73,78
10/31/93,02,09,11,15,19,21,26,27,34,39,49,52,53,54,55,65,66,69,73,75
10/30/93,01,07,08,09,17,20,21,22,25,27,28,30,32,40,54,61,63,70,78,80
10/29/93,03,08,10,15,23,25,26,28,31,43,44,46,50,51,53,57,58,64,66,67
10/28/93,19,20,26,29,31,32,35,36,37,42,43,47,48,59,60,69,70,71,78,80
10/27/93,01,02,07,08,15,18,22,23,28,30,34,37,42,49,64,66,68,70,76,78
10/26/93,06,11,26,27,29,30,38,40,41,44,46,60,61,62,63,66,71,74,78,80
10/25/93,02,05,10,11,13,16,17,28,32,34,35,40,45,47,49,55,62,63,65,74
10/24/93,01,06,12,14,15,18,22,23,25,28,30,40,42,45,53,54,59,62,64,79
10/23/93,03,04,07,15,20,21,34,36,37,41,53,54,56,58,64,72,74,78,79,80
10/22/93,02,03,04,13,14,15,19,22,29,40,45,46,50,51,56,58,60,66,70,75
10/21/93,06,10,11,13,18,22,25,28,43,46,48,53,56,57,62,66,67,71,79,80
10/20/93,06,07,08,10,12,15,16,17,19,25,29,30,34,37,38,53,72,74,75,78
10/19/93,04,06,09,18,19,22,23,32,33,35,40,42,43,44,52,56,63,64,68,74
10/18/93,06,11,17,18,22,25,31,33,37,39,48,50,52,54,60,68,69,71,75,78
10/17/93,03,06,15,24,25,27,28,29,32,33,34,39,42,45,48,49,53,63,74,80
10/16/93,04,05,13,18,20,24,27,33,35,36,41,43,46,54,55,58,59,73,74,79
10/15/93,03,07,08,18,21,22,27,32,34,37,50,52,55,56,64,67,70,76,79,80
10/14/93,03,07,18,22,24,38,39,40,41,46,47,51,52,59,63,65,70,72,74,75
10/13/93,05,08,14,19,24,30,31,33,39,44,52,54,55,56,58,63,64,67,71,78
10/12/93,07,12,15,25,29,30,35,37,39,47,51,54,55,59,64,65,68,70,77,80
10/11/93,09,11,16,19,20,21,22,28,32,41,46,50,58,68,69,72,74,76,78,80
10/10/93,01,02,05,06,11,22,32,38,40,42,44,51,52,55,57,58,70,71,77,78
10/9/93,03,06,08,09,17,21,22,26,30,42,47,55,57,63,64,65,67,68,73,79
10/8/93,04,10,13,17,23,24,26,28,31,32,39,41,46,50,51,53,60,62,63,71
10/7/93,03,07,23,26,29,32,33,40,42,45,47,52,55,60,63,67,68,70,71,77
10/6/93,01,07,09,16,21,35,38,42,44,47,48,51,55,57,66,67,68,69,72,79
10/5/93,02,03,05,07,11,14,19,21,24,30,35,40,41,47,51,54,56,70,71,78
10/4/93,01,11,21,25,28,29,32,39,43,44,49,50,51,59,65,66,72,75,77,80
10/3/93,07,17,19,22,24,25,38,39,42,44,45,47,48,52,53,55,58,59,62,71
10/2/93,01,08,11,15,17,31,35,39,40,48,52,53,55,58,59,66,77,78,79,80
10/1/93,02,03,04,13,19,22,26,27,33,34,38,53,56,65,66,71,72,75,76,77
9/30/93,04,12,18,19,23,24,30,39,42,46,49,50,63,65,66,70,72,75,76,79
9/29/93,01,04,07,14,27,28,29,33,36,41,43,47,52,55,59,62,70,74,76,79
9/28/93,12,16,17,26,27,29,31,35,36,43,46,48,50,59,61,62,64,67,70,74
9/27/93,01,05,07,16,26,33,36,40,45,48,54,55,58,59,63,64,68,75,77,79
9/26/93,05,06,10,17,19,27,29,38,39,43,44,45,50,51,59,67,70,73,79,80
9/25/93,02,07,09,13,20,21,28,41,47,48,51,53,55,56,59,60,62,63,66,70
9/24/93,01,13,14,15,18,22,23,30,31,32,35,36,43,48,51,69,73,74,76,78
9/23/93,05,08,09,10,12,13,14,19,20,28,30,31,33,41,45,57,62,73,77,80
9/22/93,01,04,11,13,18,20,22,23,35,37,38,45,51,54,57,58,63,64,66,72
9/21/93,08,10,11,16,17,23,24,27,28,30,33,35,50,52,63,69,70,74,76,79
9/20/93,06,12,19,20,23,35,37,40,41,46,47,49,51,52,61,64,68,69,76,78
9/19/93,07,09,15,17,18,29,36,39,44,45,52,57,58,61,66,67,69,77,79,80
9/18/93,02,05,07,09,10,13,18,19,23,27,33,37,47,49,51,52,60,76,77,79
9/17/93,04,06,14,15,17,18,20,27,28,29,30,41,46,49,50,59,61,64,70,77
9/16/93,01,02,16,17,21,23,25,27,28,29,30,33,46,51,52,58,60,64,72,77
9/15/93,01,03,04,07,08,15,18,21,24,36,37,39,44,45,50,54,60,61,64,79
9/14/93,10,11,12,15,16,18,19,26,31,36,39,41,53,55,61,66,68,69,72,73
9/13/93,01,03,07,11,15,19,20,23,32,33,34,37,40,49,61,63,65,67,68,76
9/12/93,05,06,11,19,20,21,32,35,37,39,42,43,46,47,58,59,61,64,74,77
9/11/93,01,06,11,14,20,21,22,25,26,33,35,38,39,41,43,44,47,58,59,60
9/10/93,03,10,11,18,19,25,26,32,36,40,41,44,55,56,59,66,68,69,76,79
9/9/93,05,06,08,10,15,24,25,26,27,28,35,38,40,42,44,59,62,69,74,80
9/8/93,04,08,16,20,24,27,29,31,33,36,40,49,56,60,62,64,68,70,75,80
9/7/93,02,03,04,06,10,20,21,24,35,39,41,42,55,59,61,62,63,66,75,77
9/6/93,01,02,06,08,12,14,16,23,29,30,32,42,46,47,51,53,58,62,74,77
9/5/93,03,08,09,10,13,17,32,35,39,44,46,49,50,55,61,64,67,69,71,80
9/4/93,08,13,16,17,21,22,28,29,32,33,35,46,55,56,57,72,77,78,79,80
9/3/93,02,04,11,15,20,33,39,40,48,51,52,57,59,61,65,67,71,73,76,77
9/2/93,02,13,16,22,33,35,40,41,44,49,51,52,54,63,65,70,74,77,78,79
9/1/93,04,06,11,18,23,31,33,34,36,37,42,46,54,56,58,60,66,71,73,78
8/31/93,02,03,05,06,13,18,21,24,27,31,34,37,38,43,52,55,63,65,78,80
8/30/93,03,07,10,13,16,17,18,19,23,34,40,43,47,50,56,60,65,71,72,75
8/29/93,01,06,08,14,15,16,18,19,23,30,35,37,42,43,57,64,71,73,76,78
8/28/93,09,16,17,21,25,39,41,42,50,51,58,59,60,62,69,70,74,75,78,80
8/27/93,02,06,12,20,23,24,27,39,40,41,45,47,52,54,55,57,67,68,71,80
8/26/93,01,06,12,17,22,29,33,40,43,48,50,52,54,56,57,59,62,68,74,76
8/25/93,03,11,12,16,18,19,20,22,25,26,38,40,45,50,52,60,64,74,75,78
8/24/93,01,09,13,16,25,26,41,43,47,54,56,57,62,64,69,71,73,76,78,79
8/23/93,07,09,12,14,15,18,21,24,28,29,36,37,48,53,56,69,75,76,79,80
8/22/93,01,10,19,22,23,24,25,27,28,33,34,42,43,44,47,54,64,65,73,76
8/21/93,13,18,21,24,26,28,33,34,36,37,38,44,45,46,57,65,66,69,70,78
8/20/93,10,11,14,17,19,25,27,29,31,35,43,45,48,49,50,51,52,54,59,64
8/19/93,04,23,26,28,31,33,35,36,39,47,52,53,55,57,62,63,73,74,77,79
8/18/93,02,03,05,06,08,17,19,21,23,29,34,44,53,54,62,65,67,71,74,76
8/17/93,01,05,11,15,34,36,39,41,43,47,49,51,53,55,57,58,59,65,73,77
8/16/93,06,11,15,24,27,31,34,43,46,48,49,52,56,59,60,67,74,75,76,77
8/15/93,04,09,10,12,22,23,27,30,31,34,39,43,44,49,52,54,55,62,71,79
8/14/93,04,05,09,10,12,14,18,22,23,25,32,47,48,52,54,59,60,76,77,79
8/13/93,03,07,12,16,18,22,25,28,35,40,43,52,53,61,62,67,69,71,74,80
8/12/93,01,09,16,18,19,21,23,27,28,35,36,39,41,42,43,51,60,65,72,77
8/11/93,02,09,17,19,20,22,31,33,40,42,43,44,53,55,57,64,67,72,78,80
8/10/93,04,05,09,11,16,21,23,27,28,30,31,34,39,42,56,57,60,66,72,73
8/9/93,01,13,17,19,20,22,23,28,32,33,34,36,42,47,52,54,66,68,73,75
8/8/93,02,06,10,14,16,22,36,39,46,48,53,54,57,59,62,64,69,74,76,79
8/7/93,01,05,11,20,27,29,30,32,42,47,49,50,52,53,59,63,67,69,73,74
8/6/93,03,09,12,14,20,24,27,32,34,39,51,52,55,56,58,61,71,75,77,79
8/5/93,04,09,18,19,23,24,28,32,35,40,42,48,51,52,53,54,57,58,68,78
8/4/93,04,05,10,13,25,28,30,33,35,41,43,45,46,57,58,62,66,67,68,75
8/3/93,07,10,11,17,22,23,25,30,32,33,39,42,46,47,49,57,58,65,70,74
8/2/93,09,20,29,30,31,39,40,41,47,48,51,58,64,65,68,70,73,75,77,78
8/1/93,01,04,10,23,30,33,36,41,45,49,51,58,62,64,65,68,70,72,76,80
7/31/93,03,06,07,09,10,15,28,29,33,37,44,45,47,48,49,52,57,63,64,78
7/30/93,03,07,09,11,12,16,18,24,31,32,38,40,42,47,48,50,55,63,79,80
7/29/93,01,09,11,13,17,18,21,28,31,33,34,35,40,43,53,57,63,65,67,74
7/28/93,08,09,10,12,15,17,25,27,29,38,39,40,45,48,50,56,57,58,71,75
7/27/93,01,08,12,18,22,24,28,34,41,42,50,52,55,63,68,71,75,76,78,80
7/26/93,06,09,10,12,15,21,26,32,33,36,37,46,47,51,54,58,60,72,74,76
7/25/93,01,04,05,10,14,20,25,37,40,44,45,49,51,52,61,68,69,70,76,78
7/24/93,03,11,12,14,18,19,21,33,36,41,49,50,53,56,57,60,64,73,76,80
7/23/93,03,16,22,24,30,31,32,33,35,36,37,42,55,60,63,65,67,76,77,78
7/22/93,01,03,05,07,14,16,20,23,27,31,32,35,41,42,45,46,63,64,65,73
7/21/93,03,05,16,18,24,29,31,40,42,48,49,54,55,56,64,65,70,73,79,80
7/20/93,02,09,13,19,20,24,27,29,31,34,40,47,52,57,65,66,68,70,72,75
7/19/93,07,10,11,15,20,25,37,39,42,43,45,46,57,58,59,64,68,73,74,77
7/18/93,03,04,05,06,07,21,22,24,26,35,39,52,57,61,64,66,70,74,75,79
7/17/93,09,10,13,18,20,24,25,30,31,37,42,51,58,61,62,64,70,71,74,78
7/16/93,01,03,04,11,13,20,22,26,29,34,46,50,51,58,60,67,72,73,77,80
7/15/93,04,05,10,12,15,16,21,22,23,33,35,42,53,57,59,60,69,70,77,78
7/14/93,11,12,16,17,24,26,34,43,45,46,47,58,59,64,65,68,69,71,75,77
7/13/93,11,19,20,23,31,37,39,41,51,52,53,54,56,57,61,63,64,67,72,73
7/12/93,09,14,15,17,19,24,30,32,35,40,43,45,46,49,50,54,59,64,67,79
7/11/93,15,16,21,25,26,34,38,40,41,45,47,49,50,52,53,55,59,60,70,72
7/10/93,02,05,11,14,16,22,27,34,38,42,49,55,61,62,65,71,72,76,79,80
7/9/93,04,06,14,15,16,17,18,22,24,34,36,40,43,44,52,54,57,63,64,67
7/8/93,03,09,10,13,19,20,26,27,33,45,48,49,55,57,64,65,69,71,73,77
7/7/93,02,04,07,08,18,22,25,28,31,34,35,37,38,42,55,59,60,67,68,75
7/6/93,01,06,08,09,11,12,14,15,22,23,30,37,38,39,52,63,66,67,68,76
7/5/93,04,09,11,13,15,22,24,29,31,40,42,45,54,55,60,62,64,71,73,78
7/4/93,01,02,04,05,07,13,17,18,19,21,28,32,34,39,42,46,65,76,77,80
7/3/93,05,08,12,16,21,28,29,31,37,39,41,42,45,50,59,60,63,69,72,79
7/2/93,11,23,27,28,29,30,37,39,42,49,52,53,55,59,62,63,64,72,73,77
7/1/93,05,10,15,17,22,26,27,28,29,30,35,39,42,43,48,49,54,67,70,76
6/30/93,01,02,09,10,13,14,21,22,25,27,31,36,38,42,54,57,61,62,66,72
6/29/93,05,06,08,14,25,27,30,44,45,47,48,57,60,65,68,74,75,76,77,80
6/28/93,07,13,14,22,24,26,29,32,33,35,36,44,48,50,57,66,67,68,74,76
6/27/93,04,12,15,19,25,26,27,30,32,34,36,40,42,50,57,59,62,69,72,76
6/26/93,02,04,05,07,10,13,22,23,25,37,38,39,43,49,52,56,61,64,68,75
6/25/93,08,09,11,14,19,21,22,23,25,31,32,36,37,38,46,50,59,66,71,73
6/24/93,02,03,05,08,10,12,13,14,24,25,28,38,40,55,65,70,72,75,76,77
6/23/93,02,03,05,08,18,20,24,25,30,38,45,50,52,55,65,67,69,72,76,78
6/22/93,06,07,11,13,15,17,18,19,26,30,34,36,38,39,42,44,47,63,77,78
6/21/93,03,05,07,18,19,22,24,28,29,30,39,41,50,53,55,62,67,71,72,77
6/20/93,07,12,22,27,30,31,34,40,41,44,46,53,56,65,67,70,72,73,74,76
6/19/93,05,06,07,14,15,16,30,33,36,39,40,47,55,56,58,59,63,65,66,70
6/18/93,04,05,07,10,14,23,28,29,34,44,47,54,56,61,63,64,66,72,77,79
6/17/93,01,03,05,18,30,40,42,47,51,52,54,58,59,63,64,67,69,71,77,78
6/16/93,08,09,15,16,17,18,19,26,33,35,37,38,47,51,54,63,64,65,70,71
6/15/93,02,03,07,16,19,22,23,31,37,39,41,42,44,45,47,48,51,69,76,77
6/14/93,02,04,17,19,23,24,27,30,32,41,49,51,57,58,59,63,69,73,76,80
6/13/93,01,03,04,06,09,15,16,19,21,28,37,38,40,46,61,64,71,76,77,78
6/12/93,03,09,10,15,30,31,33,34,38,39,44,47,49,54,64,70,71,72,76,80
6/11/93,02,06,12,21,23,24,28,30,32,34,36,42,53,58,60,64,66,67,74,76
6/10/93,08,13,15,21,23,26,30,34,36,41,45,58,62,63,65,67,69,72,76,77
6/9/93,04,12,16,23,28,32,37,45,49,50,51,52,61,64,65,68,70,72,74,75
6/8/93,15,18,26,28,29,37,40,41,46,47,48,50,52,55,57,59,61,62,73,77
6/7/93,01,09,10,14,15,16,18,21,27,32,34,40,44,51,58,65,73,76,77,79
6/6/93,08,10,11,14,25,32,36,40,45,54,57,58,59,60,63,68,69,70,71,75
6/5/93,05,07,15,18,20,22,24,29,32,34,38,39,49,54,56,62,68,75,76,78
6/4/93,01,03,05,06,10,13,14,20,25,33,40,50,52,57,60,67,71,76,77,78
6/3/93,12,13,15,17,25,27,28,30,34,44,49,53,54,56,63,66,67,69,78,79
6/2/93,05,06,07,14,17,20,22,30,37,40,45,46,59,60,62,68,69,70,76,80
6/1/93,01,02,04,06,07,13,21,23,26,31,46,51,55,59,60,63,74,75,76,78
5/31/93,06,13,15,21,24,27,29,34,35,43,44,48,52,61,63,65,69,74,76,80
5/30/93,04,07,08,09,11,16,19,23,27,34,36,42,44,48,50,52,61,69,70,75
5/29/93,01,02,11,13,16,21,23,24,27,33,35,40,41,45,46,54,64,74,79,80
5/28/93,03,07,12,16,18,20,23,24,27,29,32,48,49,53,59,66,67,69,70,76
5/27/93,03,05,12,14,15,17,18,28,31,36,40,44,47,55,59,62,66,67,70,78
5/26/93,04,05,06,15,17,25,26,27,32,33,34,37,38,43,48,52,60,65,69,70
5/25/93,02,09,14,15,18,20,24,29,30,39,46,58,59,60,64,66,68,74,75,76
5/24/93,03,08,12,16,21,23,24,27,29,36,40,50,54,57,59,64,66,74,76,79
5/23/93,04,05,07,08,15,22,23,26,30,33,34,43,53,55,63,69,74,75,78,79
5/22/93,06,09,10,11,13,14,15,22,24,25,34,39,44,50,62,65,69,74,75,78
5/21/93,04,07,08,10,20,24,31,35,42,43,51,53,54,57,60,62,67,68,73,75
5/20/93,02,05,09,13,14,18,20,22,23,26,30,35,40,45,52,62,65,70,72,75
5/19/93,06,07,08,11,17,20,24,30,33,36,38,42,43,44,50,59,68,73,77,79
5/18/93,06,07,17,20,21,22,28,32,33,34,40,44,47,52,59,61,63,65,77,78
5/17/93,05,10,19,21,27,28,29,40,42,48,49,55,59,67,68,69,70,72,76,80
5/16/93,01,04,05,06,15,18,23,25,32,35,37,38,39,40,44,46,53,56,68,78
5/15/93,01,03,08,09,13,14,17,21,39,43,45,48,49,54,57,61,63,68,72,74
5/14/93,03,06,08,09,15,21,22,23,25,33,38,45,47,50,54,59,61,72,73,77
5/13/93,09,10,18,20,21,22,28,29,31,33,35,49,51,58,64,68,72,73,74,77
5/12/93,02,05,06,07,11,16,19,28,29,33,41,50,52,53,59,60,69,72,78,79
5/11/93,01,02,15,19,24,25,35,39,46,49,55,59,60,62,65,67,69,71,77,79
5/10/93,09,11,12,13,15,16,20,25,41,50,51,52,53,59,60,61,66,67,71,78
5/9/93,01,02,03,05,06,08,09,12,19,26,27,28,40,43,46,56,58,68,73,75
5/8/93,04,13,15,17,18,26,28,38,39,42,45,49,55,58,64,67,73,76,77,79
5/7/93,14,15,21,23,28,37,40,47,49,54,55,56,59,60,62,67,68,71,74,78
5/6/93,02,10,11,12,13,14,23,33,36,38,45,49,50,51,52,53,54,56,71,74
5/5/93,10,11,14,22,28,31,32,41,42,44,51,53,54,62,66,67,68,73,77,79
5/4/93,03,07,11,17,21,22,24,27,30,35,36,39,43,50,51,58,61,66,72,74
5/3/93,07,10,14,16,20,25,26,30,31,32,34,44,45,48,56,60,62,67,75,80
5/2/93,03,06,07,08,10,11,14,15,20,34,36,41,47,48,53,56,61,69,73,76
5/1/93,02,03,06,08,12,15,19,24,29,36,38,45,46,53,55,57,59,60,62,67
4/30/93,04,18,21,24,25,29,39,42,44,45,49,60,65,67,68,69,73,74,75,76
4/29/93,01,03,14,15,19,20,21,30,41,47,48,49,62,63,64,65,67,71,73,75
4/28/93,01,07,08,10,15,22,23,27,28,30,42,47,48,49,55,57,60,62,69,70
4/27/93,01,02,10,11,16,17,18,22,25,27,35,45,46,50,52,54,61,67,76,78
4/26/93,04,09,10,18,20,21,26,27,29,30,32,37,39,50,52,65,66,69,71,74
4/25/93,06,07,25,26,27,29,31,32,35,38,41,46,56,60,64,67,68,73,74,75
4/24/93,05,09,13,14,20,22,25,28,31,36,42,48,50,53,68,72,74,75,76,78
4/23/93,02,03,05,06,12,13,16,18,20,35,38,46,50,53,68,69,75,77,79,80
4/22/93,04,09,19,21,29,32,40,41,49,51,53,55,63,69,71,75,76,77,78,79
4/21/93,01,03,11,16,18,23,25,29,30,34,41,46,49,52,60,65,66,68,69,72
4/20/93,03,06,12,14,20,21,27,28,33,36,38,41,44,47,50,56,65,72,73,76
4/19/93,02,11,16,20,21,22,31,38,44,47,51,53,57,61,66,68,69,71,72,79
4/18/93,05,06,07,10,16,25,28,29,39,40,42,43,45,48,54,55,57,62,70,75
4/17/93,01,02,12,20,29,34,35,37,38,42,45,54,56,57,58,63,64,70,71,78
4/16/93,04,13,16,20,25,37,38,41,44,51,52,55,57,61,63,64,65,74,76,78
4/15/93,05,13,17,18,19,28,31,32,34,36,38,39,40,45,49,52,56,63,77,80
4/14/93,01,03,09,13,14,19,25,26,29,39,46,48,51,54,56,57,60,61,70,75
4/13/93,03,21,25,28,32,34,39,41,45,50,52,54,58,61,63,65,66,69,74,77
4/12/93,05,10,15,20,23,25,27,30,32,50,51,52,53,58,66,68,69,75,78,80
4/11/93,03,06,07,16,18,21,24,25,26,29,33,40,44,48,50,54,56,58,67,78
4/10/93,02,09,12,14,15,19,26,29,30,34,39,46,47,51,53,54,65,68,72,80
4/9/93,01,07,11,20,22,23,24,25,31,32,38,44,48,56,63,64,68,72,75,77
4/8/93,06,07,08,09,14,18,29,30,33,36,39,40,42,48,58,66,71,72,73,79
4/7/93,03,04,05,06,11,13,22,25,28,35,42,44,51,55,58,61,62,74,78,80
4/6/93,03,08,11,21,23,24,28,30,32,38,43,45,46,55,58,62,67,68,72,78
4/5/93,09,10,16,20,22,24,29,31,38,40,46,51,52,54,60,65,68,77,78,80
4/4/93,01,03,04,11,12,19,29,31,32,37,44,51,54,56,63,64,65,74,77,79
4/3/93,01,04,08,10,12,17,31,32,44,46,47,52,55,56,59,67,70,73,77,78
4/2/93,02,08,09,11,13,15,36,40,42,47,48,49,51,53,57,61,63,64,71,73
4/1/93,04,14,17,19,20,23,30,31,32,40,54,55,57,59,62,63,65,66,70,78
3/31/93,03,05,06,14,16,32,33,34,42,46,50,54,55,58,59,60,62,67,68,74
3/30/93,01,02,13,16,17,19,24,31,33,38,41,45,48,53,56,62,68,73,76,79
3/29/93,01,03,08,10,15,22,23,28,32,38,43,46,48,54,55,57,59,63,66,73
3/28/93,02,05,08,11,12,16,19,26,29,30,39,46,48,51,58,59,67,69,72,78
3/27/93,05,06,16,22,27,29,31,37,40,41,47,48,49,52,54,60,62,68,70,79
3/26/93,03,12,16,18,19,23,37,38,43,53,55,56,57,61,64,65,69,74,77,78
3/25/93,01,06,08,09,12,13,14,20,24,28,31,32,37,39,45,63,66,72,78,80
3/24/93,04,07,11,12,15,17,19,22,24,26,34,39,47,48,53,54,64,70,72,73
3/23/93,03,07,08,12,14,16,17,18,26,28,34,36,53,56,59,60,71,73,74,75
3/22/93,04,08,09,15,21,24,25,27,31,32,37,38,40,41,43,51,53,55,62,79
3/21/93,09,12,13,22,24,29,30,36,37,38,40,47,48,49,53,62,64,67,77,79
3/20/93,05,07,08,11,12,13,23,26,27,29,30,31,38,39,40,43,45,55,60,61
3/19/93,01,02,20,24,29,32,38,46,47,48,50,51,52,53,62,63,65,66,68,77
3/18/93,02,07,11,12,14,23,25,34,35,40,41,42,45,46,50,53,60,62,69,76
3/17/93,03,05,06,09,13,21,22,24,30,31,38,41,42,44,50,53,62,69,75,80
3/16/93,01,24,25,28,34,38,41,42,44,46,47,49,51,53,67,71,72,73,76,79
3/15/93,01,04,07,08,14,18,23,25,32,39,40,41,42,48,50,58,61,65,72,77
3/14/93,03,06,16,17,21,23,25,26,32,34,36,46,48,50,59,61,62,64,75,78
3/13/93,02,04,07,08,17,19,25,26,27,29,31,32,34,37,40,51,53,65,67,74
3/12/93,07,08,14,15,21,24,27,36,37,38,41,46,53,55,60,63,66,67,71,79
3/11/93,09,15,16,17,22,24,25,35,39,50,51,53,58,62,63,66,70,73,74,79
3/10/93,03,09,13,17,24,29,33,36,49,55,57,60,61,62,64,69,70,73,78,79
3/9/93,02,07,10,11,13,14,17,19,20,26,32,35,37,48,52,55,65,66,70,71
3/8/93,05,06,11,15,22,26,38,40,42,46,48,49,50,51,56,67,69,73,74,78
3/7/93,03,07,09,10,11,14,15,16,17,18,22,35,38,43,48,50,54,65,78,80
3/6/93,11,13,14,15,16,17,18,22,23,24,32,34,35,37,39,43,48,60,62,68
3/5/93,06,07,09,12,19,26,34,42,44,45,46,47,49,51,55,59,60,65,66,78
3/4/93,01,02,03,06,11,14,24,28,31,32,35,36,39,41,60,61,63,64,76,80
3/3/93,10,18,19,26,29,32,38,42,45,48,53,54,56,60,65,67,72,76,77,78
3/2/93,04,05,06,07,10,24,27,37,41,42,43,48,56,60,62,69,73,74,77,79
3/1/93,09,10,11,14,23,27,29,30,37,39,51,53,55,59,71,72,73,74,75,79
2/28/93,06,07,08,11,16,26,28,32,39,42,52,54,56,60,66,69,70,71,74,78
2/27/93,03,14,15,18,20,23,24,28,29,30,33,34,37,42,66,69,70,73,76,80
2/26/93,01,03,05,11,12,15,16,20,28,31,34,38,39,43,48,51,60,68,69,80
2/25/93,06,08,11,15,18,23,28,31,34,36,39,41,49,62,63,65,68,71,72,77
2/24/93,01,03,05,08,09,12,15,19,21,23,29,30,34,38,40,42,48,50,60,78
2/23/93,01,03,07,10,16,26,28,30,34,35,39,43,45,46,53,61,63,64,68,76
2/22/93,04,08,09,15,20,21,31,33,34,43,46,47,49,51,54,56,60,62,66,71
2/21/93,06,07,11,19,25,28,30,33,35,37,45,46,47,48,54,55,56,64,67,76
2/20/93,04,07,13,16,21,25,27,28,30,36,38,46,47,49,54,59,61,70,71,77
2/19/93,03,08,09,16,18,23,31,33,34,38,45,46,50,51,63,64,73,75,76,77
2/18/93,05,06,13,15,26,31,33,40,41,45,46,54,55,56,59,69,73,76,78,80
2/17/93,04,10,11,18,19,21,34,35,36,41,48,53,56,57,63,65,68,71,73,79
2/16/93,01,04,05,10,12,14,21,25,27,38,50,52,59,60,62,73,74,75,78,80
2/15/93,01,04,06,08,09,10,18,19,29,34,36,38,41,44,45,48,68,69,71,77
2/14/93,03,06,12,16,24,31,35,36,40,42,46,52,54,55,57,60,62,65,74,78
2/13/93,02,08,11,13,14,19,27,29,30,31,32,48,50,53,56,59,65,70,72,80
2/12/93,05,20,26,29,31,32,42,45,46,47,48,50,56,65,66,67,71,73,75,79
2/11/93,04,05,06,09,18,20,27,32,36,39,41,43,47,49,51,52,63,75,77,78
2/10/93,02,03,09,11,12,17,19,20,21,24,26,32,35,41,45,52,59,70,72,77
2/9/93,05,06,10,16,18,28,33,34,35,36,37,42,48,50,52,54,59,65,70,76
2/8/93,01,03,09,14,15,17,32,34,36,42,51,54,56,58,63,66,70,71,78,80
2/7/93,04,06,07,09,10,20,25,27,33,38,47,50,58,59,64,65,66,67,73,77
2/6/93,01,03,05,09,10,13,25,31,34,35,39,40,44,45,57,62,64,68,73,80
2/5/93,08,09,12,14,18,23,27,29,33,37,38,41,43,44,50,52,56,58,67,70
2/4/93,07,09,18,20,22,25,27,31,32,36,41,42,43,52,53,56,72,73,78,80
2/3/93,04,05,12,30,32,33,37,42,44,45,46,47,50,52,55,58,59,62,68,72
2/2/93,02,08,12,15,16,18,22,23,28,30,37,41,44,47,53,56,64,65,70,78
2/1/93,02,04,08,12,13,15,27,30,32,37,39,46,47,57,58,60,62,63,68,70
1/31/93,05,06,07,11,16,18,21,28,33,35,40,41,44,48,52,53,56,59,60,62
1/30/93,02,03,04,05,12,14,19,21,30,36,39,51,54,58,61,62,66,73,76,78
1/29/93,01,10,15,17,40,41,42,51,52,56,57,60,61,66,70,72,74,75,77,80
1/28/93,08,11,17,23,31,37,41,42,43,45,55,57,62,64,67,69,74,75,76,80
1/27/93,02,13,17,20,22,28,29,30,34,36,38,41,42,44,45,46,50,54,62,69
1/26/93,04,08,11,12,17,25,27,31,36,37,38,41,43,45,47,55,59,60,63,75
1/25/93,01,05,06,07,11,13,22,25,27,31,35,41,43,45,48,53,55,71,72,74
1/24/93,01,05,09,18,19,20,24,28,30,34,38,39,46,47,52,63,66,71,77,79
1/23/93,02,06,10,14,21,25,28,37,38,41,42,44,46,48,51,52,60,61,66,76
1/22/93,01,02,08,10,11,14,15,21,23,24,35,36,45,50,52,63,65,72,73,80
1/21/93,06,12,23,25,27,31,35,37,38,39,41,43,48,51,56,64,69,71,72,74
1/20/93,10,13,16,22,29,30,36,39,46,47,51,54,56,58,65,68,75,76,77,79
1/19/93,02,12,13,15,21,24,26,31,32,34,38,40,45,51,53,54,56,73,79,80
1/18/93,02,11,12,22,33,34,36,38,42,48,49,51,55,57,60,63,65,69,76,77
1/17/93,07,09,10,17,19,22,23,25,28,39,43,58,60,61,63,64,65,66,67,74
1/16/93,03,04,05,06,08,09,11,13,24,28,31,35,39,41,43,46,51,61,64,69
1/15/93,03,04,18,19,21,22,26,32,35,37,38,40,41,47,53,58,64,66,71,74
1/14/93,03,08,14,25,27,34,39,41,44,45,47,49,52,54,59,65,68,76,77,79
1/13/93,01,03,04,06,11,13,34,41,43,48,51,58,60,66,67,71,72,74,75,80
1/12/93,01,03,04,08,09,13,16,20,24,25,46,50,52,63,66,69,72,75,76,78
1/11/93,03,04,11,13,18,29,38,39,42,43,46,47,51,53,59,62,66,69,73,75
1/10/93,01,09,13,16,21,25,31,41,44,49,52,53,57,63,65,66,67,70,77,78
1/9/93,09,12,13,18,20,29,30,45,47,51,52,53,55,65,67,68,70,72,73,80
1/8/93,01,11,14,17,19,28,32,36,47,49,50,52,53,55,58,62,64,69,77,79
1/7/93,04,05,17,20,28,29,31,34,48,53,58,64,67,68,69,70,75,76,78,79
1/6/93,06,09,16,22,23,24,33,37,41,47,50,54,57,59,60,61,64,66,72,78
1/5/93,02,09,11,16,19,22,23,27,28,30,50,51,64,66,68,70,71,72,78,80
1/4/93,01,08,13,15,21,23,27,35,41,42,44,47,48,51,56,57,60,68,72,75
1/3/93,03,04,09,11,13,23,24,31,32,44,45,52,53,62,63,70,71,74,76,78
1/2/93,01,08,09,17,19,25,29,33,36,38,41,42,45,49,54,60,61,64,70,80
1/1/93,04,06,17,21,23,24,32,35,37,42,43,44,47,52,53,54,57,61,68,76
12/31/92,01,02,06,10,13,15,21,24,30,34,41,43,59,65,68,73,75,78,79,80
12/30/92,01,03,04,09,10,11,13,14,22,24,27,42,53,57,59,68,69,73,75,78
12/29/92,01,02,15,24,27,30,35,36,37,40,43,44,53,57,60,61,73,74,75,76
12/28/92,10,15,20,21,28,32,34,35,36,39,49,52,54,56,61,63,64,66,73,75
12/27/92,02,08,19,22,25,26,27,32,35,42,43,44,56,60,61,65,69,72,73,79
12/26/92,11,12,15,20,24,25,42,43,49,51,52,53,55,56,63,66,70,75,77,78
12/24/92,06,16,18,21,25,37,39,41,42,44,50,53,54,57,59,61,62,69,75,80
12/23/92,01,05,09,14,15,16,19,20,23,24,27,28,41,45,48,53,62,69,70,75
12/22/92,05,10,13,19,20,24,35,37,38,42,46,48,51,56,61,63,65,69,70,76
12/21/92,07,09,10,11,14,23,31,36,38,42,46,50,52,55,59,60,61,69,73,77
12/20/92,02,05,09,10,13,14,18,21,23,24,36,51,52,53,58,60,64,68,71,80
12/19/92,04,08,10,14,16,17,20,22,27,30,36,40,52,57,59,65,70,74,76,77
12/18/92,07,10,12,14,18,19,23,48,57,58,59,60,63,65,73,74,75,77,78,80
12/17/92,04,09,13,18,23,34,37,41,54,57,60,61,63,66,69,71,74,75,79,80
12/16/92,01,07,08,09,13,15,16,20,21,25,27,29,32,43,47,53,57,60,63,78
12/15/92,17,19,27,31,32,34,37,38,40,42,47,50,56,60,63,66,69,71,75,77
12/14/92,03,18,23,24,25,26,28,29,33,34,37,44,53,57,59,61,68,70,71,74
12/13/92,02,04,05,06,13,15,18,20,27,29,31,33,37,38,43,44,49,64,69,75
12/12/92,02,03,04,07,08,15,16,19,26,38,41,42,43,45,56,60,61,65,68,70
12/11/92,02,08,13,18,20,23,26,29,39,43,44,45,51,60,63,64,68,69,70,74
12/10/92,04,07,11,18,19,21,22,24,26,27,31,33,38,40,41,50,53,58,64,67
12/9/92,01,04,08,14,16,22,25,26,29,36,40,42,46,51,54,58,59,62,64,73
12/8/92,09,11,15,16,19,22,24,31,32,35,40,43,44,45,48,51,52,56,60,78
12/7/92,12,19,20,22,23,25,27,29,34,40,42,45,57,64,69,71,75,77,79,80
12/6/92,05,08,10,16,21,26,29,37,39,45,46,52,53,56,60,61,69,73,75,77
12/5/92,01,05,06,08,09,13,15,23,31,38,45,46,48,50,51,53,63,68,76,80
12/4/92,20,23,26,28,31,32,33,38,39,41,43,46,49,53,54,58,65,74,77,80
12/3/92,06,15,16,18,27,33,36,37,40,44,53,55,56,57,63,65,74,77,78,79
12/2/92,04,05,08,10,15,18,23,29,38,41,43,44,52,53,57,60,68,70,72,80
12/1/92,04,11,21,22,23,30,35,39,44,50,55,57,60,61,66,69,71,76,77,78
11/30/92,04,14,15,16,21,24,25,34,41,56,57,58,59,62,64,65,67,68,78,79
11/29/92,05,14,19,30,33,36,39,42,54,59,60,61,67,68,71,74,77,78,79,80
11/28/92,17,22,23,26,31,32,39,40,41,42,44,47,49,51,57,63,64,66,72,77
11/27/92,07,10,12,13,16,17,23,28,31,37,38,39,41,43,44,51,57,68,75,80
11/26/92,10,13,15,17,20,27,32,36,40,41,43,51,60,67,68,70,71,73,74,77
11/25/92,05,13,16,23,25,30,34,36,39,40,49,52,53,54,57,59,63,64,73,80
11/24/92,04,08,09,19,21,35,41,43,44,46,49,59,60,64,69,71,72,73,76,80
11/23/92,04,11,12,13,17,18,22,25,31,35,36,38,41,43,53,59,62,63,68,80
11/22/92,02,07,08,10,16,17,25,29,31,33,38,39,41,54,55,56,57,61,63,69
11/21/92,03,04,09,10,17,21,22,28,31,35,43,44,45,51,54,60,65,73,74,80
11/20/92,01,02,03,10,11,21,22,23,30,34,39,43,57,58,62,64,65,71,77,80
11/19/92,04,06,17,19,26,29,30,39,44,45,48,50,55,60,61,65,67,71,77,79
11/18/92,07,20,25,28,31,34,42,43,48,52,61,62,63,64,65,66,68,71,72,80
11/17/92,10,11,12,16,27,28,29,32,33,34,44,52,53,55,56,59,63,65,68,72
11/16/92,01,10,11,12,15,18,24,27,32,38,39,53,56,64,65,67,68,71,72,75
11/15/92,05,16,18,22,23,30,32,36,41,44,47,48,53,59,62,67,68,70,74,80
11/14/92,01,06,13,15,19,27,29,39,40,48,49,51,52,54,58,59,62,69,72,77
11/13/92,06,08,17,26,30,31,32,42,44,46,49,53,55,56,59,61,66,69,72,74
11/12/92,08,11,14,16,21,27,31,36,37,39,40,42,45,55,67,70,73,74,75,77
11/11/92,02,04,07,16,22,23,24,31,32,39,49,53,59,65,66,69,73,76,77,79
11/10/92,01,06,07,09,15,17,20,21,29,36,37,45,50,56,60,61,71,75,76,79
11/9/92,01,03,07,10,14,15,17,20,22,23,26,32,37,44,52,68,71,75,76,79
11/8/92,08,21,23,26,30,34,37,41,43,50,51,52,60,62,65,66,74,75,77,79
11/7/92,01,03,05,16,17,19,26,29,30,34,41,43,47,52,53,54,59,63,67,69
11/6/92,03,04,14,16,23,24,27,30,33,34,36,40,42,48,50,51,63,65,70,71
11/5/92,06,08,11,14,17,19,21,23,30,34,39,46,49,50,58,66,67,70,76,77
11/4/92,04,06,11,14,23,26,27,28,29,32,37,47,50,58,59,61,66,67,76,78
11/3/92,01,05,12,14,15,16,17,28,33,34,39,47,50,52,59,61,62,64,73,80
11/2/92,04,12,15,20,21,23,35,36,37,42,44,48,56,59,60,69,74,76,77,79
11/1/92,05,13,16,18,23,32,35,43,44,53,57,59,66,70,71,72,75,76,78,79
10/31/92,01,10,16,19,22,27,29,32,36,37,38,53,56,57,60,67,68,69,72,73
10/30/92,04,19,24,25,29,31,32,40,41,42,44,49,50,54,56,66,69,70,71,76
10/29/92,01,02,12,13,22,26,29,33,36,37,44,47,48,57,58,62,69,70,73,79
10/28/92,09,12,16,18,21,23,26,35,38,44,46,47,50,51,53,59,62,63,68,78
10/27/92,06,13,17,21,24,31,32,36,37,45,46,51,55,57,60,64,69,72,74,77
10/26/92,02,05,08,10,13,17,23,24,25,28,30,34,38,40,49,52,57,60,62,77
10/25/92,03,04,15,18,21,25,26,27,28,29,39,50,55,58,59,62,67,70,73,77
10/24/92,03,05,12,13,25,32,38,43,44,47,48,49,51,59,63,67,71,74,77,78
10/23/92,05,12,21,22,26,31,35,45,50,51,61,63,65,66,70,72,73,76,77,79
10/22/92,05,15,16,24,26,29,30,31,32,35,40,45,47,58,59,62,67,73,75,79
10/21/92,04,11,15,24,29,32,33,36,38,42,44,49,55,63,64,66,70,73,77,79
10/20/92,04,09,10,11,14,16,22,23,30,33,38,39,42,49,50,53,60,72,74,76
10/19/92,09,16,27,29,31,34,36,40,41,42,49,50,56,57,61,65,66,73,77,80
10/18/92,03,15,18,19,26,27,30,34,35,37,44,46,56,58,60,61,62,65,68,79
10/17/92,04,07,12,15,17,22,23,26,27,31,41,42,45,49,53,54,70,71,73,79
10/16/92,02,05,16,18,19,20,21,27,28,35,36,49,51,55,57,61,66,67,73,79
10/15/92,01,06,07,11,12,16,23,25,29,37,49,50,55,57,61,63,68,69,76,78
10/14/92,01,04,19,22,24,27,29,32,35,36,41,52,54,55,58,62,72,73,75,77
10/13/92,03,07,08,13,20,22,28,30,36,44,49,50,52,55,66,69,70,74,77,78
10/12/92,02,09,12,16,19,23,45,47,53,59,60,62,63,65,69,70,71,72,73,74
10/11/92,04,06,09,14,21,24,26,35,36,43,44,52,62,63,67,72,74,75,77,78
10/10/92,05,06,16,18,23,29,33,34,35,44,45,53,60,61,62,63,71,73,76,77
10/9/92,03,04,06,07,14,16,17,21,26,27,30,34,35,41,43,46,55,64,74,76
10/8/92,07,08,09,11,14,25,29,31,33,38,42,48,49,50,63,64,65,70,72,74
10/7/92,01,04,08,16,19,23,25,29,37,39,40,42,43,54,58,62,70,72,75,77
10/6/92,05,07,08,09,19,20,21,27,29,31,35,37,44,49,54,56,61,64,70,78
10/5/92,02,03,04,07,08,14,23,25,30,34,40,42,47,52,54,60,63,70,74,80
10/4/92,01,05,08,20,22,32,33,40,43,44,46,47,51,64,65,74,75,78,79,80
10/3/92,08,13,19,25,26,28,31,34,42,44,45,46,52,53,62,63,65,70,71,77
10/2/92,06,16,18,27,29,30,31,32,37,44,45,47,51,53,57,68,69,76,78,79
10/1/92,01,14,20,21,24,28,31,33,38,41,45,51,52,55,71,73,77,78,79,80
9/30/92,01,06,07,09,14,19,25,28,29,40,42,46,48,49,58,59,63,67,74,80
9/29/92,13,19,22,25,27,32,33,34,38,45,46,49,54,57,60,61,66,70,77,79
9/28/92,06,11,17,33,34,35,36,44,47,49,55,57,58,59,60,64,69,70,74,75
9/27/92,08,10,16,22,24,26,29,34,35,38,41,44,50,53,57,69,71,73,75,77
9/26/92,05,09,12,14,15,17,29,33,36,38,40,45,47,52,54,55,62,64,68,78
9/25/92,02,04,08,09,10,17,18,23,28,37,41,42,49,60,61,65,70,75,78,79
9/24/92,02,03,10,12,13,16,18,19,20,24,25,27,29,41,45,47,53,54,59,68
9/23/92,11,12,15,17,18,20,22,32,42,46,48,49,50,51,52,66,73,78,79,80
9/22/92,02,07,08,12,14,15,17,22,23,25,29,34,37,41,42,49,59,67,78,80
9/21/92,05,06,09,14,16,18,32,38,40,44,50,52,58,59,62,71,73,74,78,79
9/20/92,05,07,10,17,19,20,22,23,29,36,38,41,47,51,57,61,64,67,74,77
9/19/92,04,11,19,21,25,39,45,49,52,54,55,58,62,65,66,68,70,73,76,77
9/18/92,06,07,11,14,26,28,33,35,36,45,51,58,59,64,66,68,70,73,75,80
9/17/92,05,06,09,12,22,24,25,27,30,38,41,45,51,56,60,65,68,69,73,79
9/16/92,15,17,25,26,28,29,34,35,37,42,47,51,54,57,60,61,66,68,70,75
9/15/92,01,04,08,16,19,20,21,23,26,28,30,37,38,40,47,51,61,62,64,79
9/14/92,03,10,11,15,18,21,25,27,32,44,46,50,52,53,54,59,62,67,77,79
9/13/92,03,07,12,15,17,20,27,31,33,36,40,42,51,54,63,64,68,73,74,79
9/12/92,02,06,07,15,16,17,18,23,26,33,34,44,49,55,56,58,64,67,68,76
9/11/92,04,05,08,09,11,21,22,37,38,40,43,44,51,52,59,63,64,68,74,79
9/10/92,02,05,08,09,15,22,25,27,31,38,41,49,56,61,62,67,70,78,79,80
9/9/92,01,02,08,10,14,15,19,20,28,29,39,40,41,50,52,57,63,67,70,80
9/8/92,05,07,08,12,13,15,16,29,39,42,44,52,56,57,64,65,67,71,72,73
9/7/92,06,08,17,19,20,22,37,38,42,46,49,60,63,64,71,72,74,76,78,79
9/6/92,05,10,13,14,25,26,32,37,39,42,44,49,50,51,56,57,62,66,72,80
9/5/92,07,10,12,16,17,18,26,28,31,37,40,42,43,48,60,64,66,76,79,80
9/4/92,02,11,13,20,21,23,31,35,41,44,45,47,49,51,55,61,62,63,70,71
9/3/92,03,08,14,15,22,28,32,35,38,39,45,48,49,53,58,68,74,75,76,79
9/2/92,08,15,22,24,25,26,29,30,32,35,40,41,51,56,57,67,69,71,73,75
9/1/92,08,10,19,21,24,29,37,41,44,46,49,56,57,62,64,66,68,72,73,74
8/31/92,12,13,21,22,23,28,32,39,45,49,51,53,55,56,61,66,72,78,79,80
8/30/92,06,12,21,22,25,26,29,32,36,38,43,47,60,61,66,67,68,72,73,77
8/29/92,04,07,09,10,11,14,16,19,21,26,27,32,40,54,63,64,71,73,74,78
8/28/92,05,09,11,19,31,34,35,36,37,40,42,45,46,48,55,57,60,66,72,73
8/27/92,01,02,04,06,10,14,19,22,25,28,29,32,33,39,48,61,65,71,72,78
8/26/92,02,03,05,14,17,21,22,23,27,29,31,35,36,59,63,68,69,71,75,78
8/25/92,13,24,28,30,32,34,37,40,41,42,43,44,46,51,53,58,67,69,73,77
8/24/92,01,09,15,19,21,24,26,28,29,38,39,42,43,48,52,61,63,68,74,79
8/23/92,02,05,06,08,16,22,29,34,37,48,49,52,54,58,63,67,72,74,77,80
8/22/92,01,04,05,06,07,09,17,22,26,28,29,40,44,46,50,63,67,70,73,75
8/21/92,01,07,10,21,22,24,25,31,32,33,37,38,42,48,49,54,64,66,71,75
8/20/92,03,09,14,18,24,25,28,30,34,35,36,38,42,45,52,57,63,67,72,79
8/19/92,01,02,04,05,06,17,27,29,31,34,37,39,46,48,51,58,60,72,73,77
8/18/92,05,07,08,10,14,15,23,24,28,33,49,56,58,60,62,65,69,73,76,79
8/17/92,03,08,12,16,18,20,22,25,28,29,31,35,37,44,46,56,61,65,74,75
8/16/92,03,04,05,08,10,13,15,18,21,23,38,41,43,53,55,67,73,75,76,79
8/15/92,01,09,12,13,14,15,23,24,26,27,28,32,39,41,43,47,48,54,70,79
8/14/92,05,08,12,13,20,22,24,27,34,35,39,41,48,50,56,57,61,63,67,70
8/13/92,01,06,20,21,30,31,32,34,35,37,42,43,45,53,56,60,63,64,68,75
8/12/92,01,13,14,15,21,25,26,30,31,33,40,43,50,53,61,63,64,66,76,77
8/11/92,05,11,12,13,24,32,34,44,45,46,49,50,51,52,53,60,63,66,67,80
8/10/92,04,06,14,15,24,25,26,29,32,42,43,45,49,50,52,62,73,75,76,77
8/9/92,04,09,13,16,18,20,28,32,33,35,37,41,45,46,52,56,63,65,66,69
8/8/92,01,07,08,13,15,16,17,25,26,34,35,38,49,55,58,61,62,67,73,78
8/7/92,02,03,04,08,12,15,25,31,34,35,41,42,45,47,52,60,62,69,71,80
8/6/92,01,10,21,28,29,32,38,45,46,47,53,55,57,58,59,60,61,69,71,73
8/5/92,04,07,10,12,13,16,21,29,37,38,45,47,48,51,56,66,70,72,74,77
8/4/92,12,13,16,24,27,29,30,32,33,36,37,39,48,54,58,59,66,68,74,79
8/3/92,02,03,07,08,10,17,23,27,32,34,37,38,42,45,46,51,63,65,70,80
8/2/92,05,22,27,28,31,34,35,38,39,42,53,55,60,62,63,68,71,72,74,79
8/1/92,02,03,06,11,13,16,18,25,30,35,39,44,46,48,50,55,60,66,72,75
7/31/92,01,04,10,11,13,19,20,25,30,35,40,47,54,56,58,62,64,68,74,75
7/30/92,08,13,18,19,24,30,33,35,41,42,44,49,50,53,58,64,67,69,76,78
7/29/92,03,08,12,15,23,32,42,48,49,53,56,57,58,59,60,61,68,71,72,77
7/28/92,05,09,10,18,19,26,30,34,39,45,49,50,54,58,59,60,61,63,64,77
7/27/92,01,03,08,11,12,14,21,25,27,29,33,34,41,48,49,52,67,73,74,75
7/26/92,07,09,11,13,14,18,21,24,26,31,35,36,45,54,58,64,66,69,77,80
7/25/92,02,10,12,13,15,22,24,35,40,44,46,48,52,53,55,58,59,62,63,68
7/24/92,04,06,15,34,37,41,42,47,48,56,57,60,61,62,64,65,74,76,77,80
7/23/92,01,02,05,13,18,20,22,25,27,29,31,39,43,61,63,64,68,70,71,79
7/22/92,05,06,08,20,24,25,27,28,30,32,39,49,50,60,69,70,72,74,77,78
7/21/92,03,04,05,06,11,14,18,19,33,34,43,47,49,54,55,57,60,63,64,72
7/20/92,02,03,04,11,12,13,21,27,28,37,38,41,47,52,55,57,74,75,76,77
7/19/92,01,03,08,11,17,27,34,39,40,42,49,50,55,56,69,72,73,74,77,78
7/18/92,01,11,15,24,28,34,37,38,39,40,49,51,53,56,59,62,70,73,78,79
7/17/92,07,09,12,14,15,22,27,30,36,37,38,42,45,47,49,50,57,61,66,78
7/16/92,01,03,07,15,24,27,29,34,38,40,44,50,54,58,62,69,72,74,76,80
7/15/92,01,05,08,13,21,22,25,27,29,31,33,36,46,50,51,61,69,76,77,78
7/14/92,06,08,14,17,21,22,28,33,35,37,39,41,43,45,51,60,62,68,70,72
7/13/92,03,05,06,12,20,25,35,36,40,42,43,50,55,57,58,66,68,70,77,80
7/12/92,10,12,14,18,22,23,29,30,39,40,41,42,44,48,49,53,55,58,65,74
7/11/92,06,20,21,24,25,31,34,36,37,38,39,41,43,45,46,57,58,63,66,78
7/10/92,02,08,09,12,13,15,18,19,20,29,32,33,35,36,47,55,59,62,66,74
7/9/92,07,08,10,15,17,24,38,48,52,53,56,57,59,60,64,68,71,75,79,80
7/8/92,01,02,04,05,06,12,20,22,37,39,41,49,53,56,57,59,64,73,75,79
7/7/92,04,09,10,11,12,15,17,21,22,23,26,32,33,52,54,55,57,65,69,78
7/6/92,03,05,07,14,18,21,23,28,30,42,43,49,52,54,57,65,66,69,70,75
7/5/92,01,06,07,08,09,12,14,15,37,42,56,58,60,61,62,70,71,74,76,77
7/4/92,04,06,08,10,17,20,22,29,32,33,36,42,45,48,51,53,56,68,72,77
7/3/92,05,07,10,12,18,24,26,29,30,33,41,45,50,53,59,61,62,64,68,80
7/2/92,06,12,15,17,21,23,29,31,32,34,41,42,49,59,65,69,72,77,78,79
7/1/92,02,04,08,10,14,17,18,19,21,26,27,36,38,39,40,51,55,59,61,71
6/30/92,16,23,25,36,37,40,42,47,48,49,51,55,56,58,60,61,64,67,70,74
6/29/92,04,05,06,10,14,29,30,33,37,38,44,46,50,55,57,59,61,64,68,69
6/28/92,02,09,10,11,14,17,21,24,28,31,36,37,39,49,60,62,64,66,68,70
6/27/92,06,07,09,12,18,20,22,24,29,31,32,33,37,41,43,48,53,56,67,76
6/26/92,03,07,11,17,21,28,29,30,35,36,43,46,55,57,59,64,65,71,73,74
6/25/92,02,03,04,08,09,19,23,24,25,33,35,37,42,49,55,56,59,60,63,78
6/24/92,01,02,04,06,15,19,21,25,26,32,33,36,37,43,49,55,62,63,68,72
6/23/92,02,03,26,29,36,38,40,41,46,48,50,53,57,60,62,63,67,72,76,79
6/22/92,07,10,12,13,14,18,19,23,25,27,32,36,37,39,43,45,47,49,57,68
6/21/92,11,18,21,24,26,28,29,31,32,34,38,39,46,48,53,60,61,65,67,71
6/20/92,03,05,09,33,37,40,49,50,51,53,54,61,64,65,66,69,70,76,77,78
6/19/92,17,26,27,33,34,36,37,40,41,45,48,53,54,55,59,64,69,72,73,80
6/18/92,02,04,07,10,14,15,24,27,28,36,37,45,48,49,53,61,64,65,71,78
6/17/92,03,07,08,13,14,18,20,24,26,30,31,35,40,52,66,67,70,71,72,74
6/16/92,03,04,07,12,14,16,17,23,38,41,45,46,50,56,62,65,66,69,74,78
6/15/92,01,02,17,25,27,33,40,45,46,49,50,51,57,62,65,70,71,72,77,78
6/14/92,02,05,10,14,18,26,38,39,40,44,47,48,49,52,53,62,66,71,72,76
6/13/92,04,08,11,17,26,29,31,37,38,42,49,52,54,58,61,65,71,75,79,80
6/12/92,02,06,09,10,15,17,18,20,24,26,29,38,41,51,59,60,61,66,72,79
6/11/92,03,04,15,16,17,18,27,28,31,37,40,42,54,61,64,65,68,69,78,79
6/10/92,03,07,09,12,22,31,35,38,39,47,49,50,51,52,53,58,62,63,66,68
6/9/92,07,15,18,19,28,30,31,32,38,40,42,44,46,57,58,64,66,70,73,74
6/8/92,03,05,19,20,21,24,26,29,31,37,39,43,45,46,59,60,67,72,76,79
6/7/92,01,03,07,08,14,16,18,28,29,39,40,41,45,50,59,63,65,69,70,75
6/6/92,02,03,11,14,22,27,32,37,39,41,49,57,60,61,62,64,67,71,72,79
6/5/92,02,07,08,11,23,27,28,32,33,36,39,44,45,50,59,62,65,70,77,80
6/4/92,08,12,17,19,20,22,29,31,32,33,36,42,46,52,53,55,58,68,70,78
6/3/92,02,05,08,11,17,18,23,43,44,50,54,55,56,60,61,70,75,78,79,80
6/2/92,01,06,08,10,30,33,40,43,46,47,49,51,56,60,61,62,63,64,77,78
6/1/92,04,07,15,18,23,33,39,40,42,46,52,55,56,58,60,69,72,75,78,79
5/31/92,01,04,05,08,13,14,20,25,26,30,42,43,44,45,47,54,58,59,67,78
5/30/92,09,10,14,19,24,25,30,31,35,38,44,46,48,50,51,55,58,66,75,80
5/29/92,14,17,20,27,28,30,31,32,42,44,49,56,60,67,70,72,74,75,76,77
5/28/92,01,05,10,21,23,29,31,36,41,42,43,46,56,59,61,62,75,76,79,80
5/27/92,01,07,10,16,24,25,29,30,34,38,39,43,48,55,56,61,67,69,73,80
5/26/92,04,14,21,25,28,31,37,39,41,42,43,47,48,51,54,57,61,69,73,76
5/25/92,01,04,11,14,21,26,32,40,41,43,44,45,48,51,53,59,60,70,72,73
5/24/92,07,13,18,20,21,33,42,43,46,47,49,53,55,56,62,65,69,75,77,79
5/23/92,08,09,13,15,16,20,22,27,32,34,35,36,38,45,60,62,66,70,77,80
5/22/92,05,06,07,13,14,18,24,31,37,39,49,52,53,55,58,59,67,74,78,80
5/21/92,10,12,14,15,20,23,26,27,30,31,37,44,49,51,55,59,66,68,71,80
5/20/92,02,06,18,20,22,28,37,39,44,45,53,54,61,63,64,68,75,76,77,80
5/19/92,11,13,14,15,23,25,26,27,28,31,36,49,51,54,55,58,61,69,77,80
5/18/92,02,04,06,17,18,24,29,30,36,44,45,50,53,54,59,66,71,73,75,79
5/17/92,01,07,21,23,33,36,39,40,43,44,49,51,63,64,67,68,69,72,74,77
5/16/92,02,04,05,10,11,12,18,19,29,33,35,48,52,53,56,59,60,61,67,71
5/15/92,04,05,08,11,14,16,20,26,31,32,37,42,43,51,54,58,60,68,73,77
5/14/92,04,06,11,13,16,20,25,27,28,31,32,34,47,49,52,53,60,62,64,78
5/13/92,01,09,15,17,31,35,39,46,54,56,60,66,69,70,71,72,73,76,79,80
5/12/92,02,05,06,10,15,20,22,28,30,34,43,46,48,57,62,69,73,75,79,80
5/11/92,04,14,18,19,30,38,39,42,49,53,55,56,58,59,61,67,69,72,78,79
5/10/92,04,07,08,15,18,20,27,36,39,44,45,52,55,66,67,71,73,75,78,79
5/9/92,02,04,13,16,18,19,35,38,48,49,53,54,55,57,61,63,66,68,71,80
5/8/92,05,12,18,23,24,27,29,31,34,38,44,45,48,50,55,56,62,70,75,76
5/7/92,07,08,09,11,20,26,31,38,41,49,52,53,61,62,63,64,66,68,69,73
5/6/92,02,03,08,13,14,20,22,23,25,32,34,44,51,55,62,65,67,70,71,72
5/5/92,15,18,20,24,27,31,37,39,43,45,48,54,55,56,65,67,70,73,76,77
5/4/92,02,05,08,15,16,18,21,34,38,43,50,53,54,55,58,63,66,69,73,77
5/3/92,02,06,12,14,19,25,32,34,37,43,45,46,50,55,59,60,66,70,74,76
5/2/92,02,11,12,13,16,20,22,25,28,29,31,48,50,53,62,70,72,77,79,80
5/1/92,05,14,19,30,31,33,39,44,47,52,59,61,63,64,65,71,72,74,75,76
4/30/92,02,06,07,09,11,24,26,27,29,33,35,45,49,55,62,63,65,66,72,75
4/29/92,04,08,11,12,15,18,21,22,30,34,40,48,51,53,55,56,62,68,74,78
4/28/92,01,02,03,09,22,23,31,33,34,38,42,48,51,57,62,67,70,73,78,79
4/27/92,04,05,06,08,11,14,38,39,45,47,48,52,63,68,70,71,73,74,78,80
4/26/92,04,07,09,10,12,14,34,41,44,47,50,52,54,60,62,66,67,73,74,76
4/25/92,03,10,12,18,21,39,44,45,49,50,51,55,57,59,62,65,66,76,77,78
4/24/92,01,02,08,09,16,17,18,28,32,35,36,38,40,45,57,61,62,71,78,79
4/23/92,07,10,14,15,19,20,26,43,44,48,51,53,55,57,61,68,69,71,76,77
4/22/92,02,08,09,10,16,20,32,35,38,43,44,45,52,55,59,68,69,70,75,77
4/21/92,06,11,19,22,23,27,28,29,30,34,41,45,46,55,58,59,68,70,77,78
4/20/92,02,04,05,12,20,25,30,31,38,41,42,51,57,65,66,67,71,73,78,80
4/19/92,01,06,09,13,16,17,21,26,29,31,48,50,64,67,72,75,76,78,79,80
4/18/92,05,16,17,18,23,30,38,39,41,46,52,53,57,61,62,65,68,74,76,78
4/17/92,03,06,07,13,19,23,31,33,36,37,44,47,51,59,63,65,69,74,76,78
4/16/92,02,03,13,14,22,24,30,31,35,40,41,46,48,54,58,59,60,71,79,80
4/15/92,01,04,05,07,15,17,20,21,34,37,41,49,51,52,56,64,66,67,68,79
4/14/92,21,25,28,32,33,36,37,40,43,45,48,50,54,62,63,64,66,67,68,72
4/13/92,04,05,23,25,28,32,39,43,47,49,53,55,60,62,63,65,71,75,78,80
4/12/92,02,06,07,08,10,11,13,14,17,21,22,23,26,31,36,37,42,55,64,72
4/11/92,02,03,06,09,12,14,23,27,28,29,31,41,42,53,57,61,62,72,78,79
4/10/92,03,06,09,11,12,16,18,25,30,38,42,43,46,55,63,64,69,71,75,79
4/9/92,02,04,05,08,21,25,28,29,30,31,37,42,47,50,57,64,65,66,67,76
4/8/92,03,10,11,14,16,17,31,32,34,36,38,40,41,51,56,59,61,69,75,80
4/7/92,04,09,13,22,25,29,31,46,54,58,59,66,68,69,70,71,74,76,77,78
4/6/92,01,05,08,19,20,25,28,29,30,31,33,35,37,40,44,46,48,70,73,78
4/5/92,02,06,08,16,22,26,31,35,36,40,43,46,48,59,60,65,68,72,74,77
4/4/92,03,08,15,18,19,20,24,28,35,42,44,46,51,52,60,62,65,67,78,80
4/3/92,02,03,06,09,10,21,22,26,35,36,39,42,50,53,58,60,66,68,71,72
4/2/92,02,06,11,13,17,18,21,22,25,31,34,36,39,40,47,57,62,63,73,80
4/1/92,05,08,14,15,17,22,24,33,37,41,43,55,56,62,63,64,69,76,78,80
3/31/92,02,08,09,12,14,28,30,35,37,39,40,42,44,45,55,56,60,61,74,75
3/30/92,09,10,22,26,28,36,37,39,42,45,51,52,55,56,57,58,59,60,63,75
3/29/92,01,03,05,08,13,21,24,27,33,34,36,40,46,52,54,66,72,73,75,76
3/28/92,01,02,03,18,20,22,23,32,36,38,47,52,54,59,62,70,71,72,74,75
3/27/92,02,03,06,17,19,28,34,35,38,44,46,47,50,57,61,62,64,67,70,77
3/26/92,02,03,04,11,13,14,17,20,23,26,30,31,40,50,55,57,62,66,73,78
3/25/92,03,04,07,10,15,24,25,31,32,34,35,41,43,48,49,56,69,71,73,77
3/24/92,03,04,06,13,14,16,17,18,21,31,45,48,56,57,58,61,71,76,79,80
3/23/92,04,06,07,09,14,16,23,31,34,36,42,44,45,46,63,64,66,67,74,75
3/22/92,04,06,16,17,20,21,22,37,40,41,42,46,49,51,53,61,75,76,79,80
3/21/92,03,08,09,18,23,27,33,39,40,44,46,52,56,58,62,63,68,69,75,79
3/20/92,01,02,04,10,15,19,22,25,27,31,38,40,48,51,52,56,59,61,72,74
3/19/92,01,07,10,11,17,18,21,22,24,26,30,31,33,44,45,48,52,56,69,80
3/18/92,08,09,12,15,20,23,27,40,44,47,50,51,52,61,63,65,69,70,73,76
3/17/92,01,04,05,08,10,11,12,14,18,20,26,36,44,49,52,57,62,66,67,72
3/16/92,01,08,11,16,19,22,24,32,38,44,45,47,48,59,63,69,73,74,77,79
3/15/92,01,02,04,10,17,20,21,23,35,46,48,49,54,63,71,72,75,77,78,80
3/14/92,02,04,11,17,19,22,27,28,37,44,48,49,57,58,60,61,63,67,71,80
3/13/92,04,09,10,14,25,33,35,36,37,39,41,44,45,50,55,57,65,67,69,79
3/12/92,01,02,11,13,15,17,20,29,37,44,46,48,55,57,59,61,63,65,67,71
3/11/92,01,03,05,07,09,23,30,34,39,41,47,57,61,64,66,67,68,70,73,77
3/10/92,07,09,12,17,20,21,23,24,28,39,49,57,58,62,64,72,73,76,78,80
3/9/92,09,11,12,19,23,24,26,27,28,43,45,47,52,53,58,63,68,71,79,80
3/8/92,06,07,10,15,16,19,26,27,31,39,42,44,52,54,55,60,65,67,72,75
3/7/92,03,05,08,09,14,15,16,18,27,34,38,44,45,51,54,63,65,68,70,71
3/6/92,03,05,06,12,18,36,40,41,43,48,51,55,56,64,66,71,72,73,79,80
3/5/92,03,07,08,11,16,18,25,26,27,31,34,36,45,46,49,51,62,71,78,80
3/4/92,03,05,08,12,15,19,20,23,26,32,36,37,45,47,51,52,64,66,76,78
3/3/92,03,07,08,09,10,11,14,15,18,28,30,35,46,51,55,67,73,74,76,79
3/2/92,04,07,10,12,14,16,20,22,23,24,38,40,47,48,51,59,63,76,77,80
3/1/92,08,09,12,14,18,24,32,35,43,45,48,52,55,62,64,67,72,74,77,79
2/29/92,02,04,05,08,12,19,24,27,29,34,35,36,39,40,43,47,51,52,58,80
2/28/92,06,08,09,16,20,22,23,24,32,35,40,42,47,54,57,58,66,69,75,79
2/27/92,01,09,10,22,25,29,36,40,43,44,50,53,54,59,69,70,75,76,78,79
2/26/92,02,05,09,13,15,16,17,19,24,29,34,36,38,44,46,54,56,61,70,75
2/25/92,11,12,17,20,21,22,23,24,26,28,31,41,43,45,47,50,66,74,75,79
2/24/92,05,06,11,24,25,30,36,37,42,43,48,52,54,59,66,70,72,74,76,78
2/23/92,01,06,07,12,14,17,22,23,27,29,36,39,43,52,59,61,73,74,76,80
2/22/92,05,08,16,17,22,26,29,30,45,51,54,60,61,62,64,67,68,69,74,75
2/21/92,02,06,08,13,20,25,32,33,36,44,49,51,58,66,67,73,74,75,78,79
2/20/92,01,03,09,10,15,17,21,36,41,43,44,46,52,53,62,65,66,67,69,74
2/19/92,02,06,07,08,25,28,35,38,41,45,56,57,58,62,64,65,67,68,69,72
2/18/92,02,05,14,16,18,20,22,27,33,39,41,49,53,55,57,59,61,62,72,77
2/17/92,03,07,09,10,14,15,16,23,25,27,30,31,36,44,47,48,55,59,68,77
2/16/92,01,09,12,14,15,23,25,26,30,31,32,34,35,37,39,52,65,66,70,76
2/15/92,06,07,16,17,25,35,38,40,45,47,48,60,65,69,70,71,74,78,79,80
2/14/92,14,17,19,23,24,27,32,34,39,40,44,50,51,56,59,61,64,69,75,78
2/13/92,03,06,07,13,14,32,37,39,40,45,47,55,65,66,68,74,76,77,78,79
2/12/92,02,06,07,10,13,16,17,19,20,23,24,26,37,40,47,50,52,53,76,78
2/11/92,02,04,14,19,22,24,25,28,33,45,46,49,50,52,54,60,68,70,71,72
2/10/92,03,15,28,29,31,34,36,40,42,45,53,64,68,69,70,72,73,74,78,79
2/9/92,13,14,15,16,17,22,23,34,45,46,48,51,58,62,63,64,66,67,72,76
2/8/92,06,10,11,12,19,24,26,30,31,34,38,44,50,55,59,64,70,73,74,80
2/7/92,01,02,09,14,15,17,22,33,37,38,39,41,43,50,52,71,75,77,79,80
2/6/92,04,06,08,16,19,20,21,23,28,39,41,47,49,52,58,62,64,66,75,80
2/5/92,02,03,04,07,08,11,13,27,33,35,36,40,42,43,44,46,47,68,73,76
2/4/92,02,12,14,18,19,24,26,27,28,31,32,37,40,48,53,55,62,68,75,78
2/3/92,05,06,09,21,26,27,35,38,43,47,49,51,56,58,60,62,64,66,73,74
2/2/92,09,11,21,24,26,36,37,40,42,46,53,54,59,60,68,72,73,78,79,80
2/1/92,01,05,10,12,19,26,28,33,35,38,42,48,49,52,54,59,61,65,68,80
1/31/92,05,06,15,20,21,24,25,29,30,32,44,48,54,60,66,69,75,77,78,79
1/30/92,05,07,09,24,25,27,29,30,37,41,42,45,48,62,63,67,69,70,71,75
1/29/92,03,05,08,12,13,21,25,30,32,38,41,49,55,58,61,68,71,74,75,80
1/28/92,01,04,05,06,14,19,21,23,27,28,37,44,45,50,52,53,67,73,75,76
1/27/92,07,16,18,21,25,31,32,38,42,44,45,50,53,54,59,63,66,71,75,80
1/26/92,02,05,07,14,20,21,29,31,32,33,43,45,50,51,53,56,58,65,67,69
1/25/92,02,05,11,13,18,23,25,27,29,30,35,40,44,49,51,53,60,65,72,77
1/24/92,06,07,09,13,17,26,28,29,30,33,41,44,46,47,52,57,58,69,70,79
1/23/92,01,03,17,19,21,22,27,30,34,39,40,47,48,51,59,64,65,66,69,70
1/22/92,01,05,14,25,32,43,47,48,49,54,55,59,61,64,65,67,71,72,74,77
1/21/92,02,11,12,14,25,28,33,35,42,46,47,50,52,53,57,58,60,70,71,73
1/20/92,02,05,08,21,22,24,25,27,28,29,31,34,43,44,46,52,53,73,76,80
1/19/92,01,03,14,19,26,36,38,39,40,45,46,50,51,53,55,56,62,63,67,69
1/18/92,03,08,14,15,17,30,33,34,37,38,40,44,49,50,54,61,66,71,77,78
1/17/92,02,08,10,14,17,22,23,36,40,44,50,53,55,58,63,70,72,74,76,77
1/16/92,09,11,14,17,21,24,26,30,35,42,45,51,52,55,59,60,62,65,68,77
1/15/92,02,08,11,13,14,15,16,18,27,30,34,39,45,47,49,50,51,55,63,70
1/14/92,05,11,15,16,20,26,31,41,44,47,50,53,58,63,67,69,71,74,75,76
1/13/92,03,07,13,14,24,30,39,44,45,47,48,54,57,63,67,70,74,76,77,80
1/12/92,02,06,10,11,12,15,17,21,28,29,31,36,42,51,56,68,71,72,75,77
1/11/92,03,08,13,17,18,24,26,28,29,35,38,43,50,59,61,66,67,72,74,78
1/10/92,01,02,04,09,12,13,16,19,26,27,35,36,38,39,47,53,55,61,63,66
1/9/92,02,14,23,24,29,33,36,39,45,47,48,49,50,60,64,66,67,74,76,77
1/8/92,02,10,11,14,18,22,23,26,28,32,38,43,47,48,56,66,69,73,75,78
1/7/92,01,09,15,18,19,20,22,27,28,31,33,40,47,52,55,60,62,63,72,77
1/6/92,03,04,08,16,17,20,31,37,41,47,51,54,55,57,66,68,71,75,77,78
1/5/92,01,02,04,08,13,19,23,34,40,52,54,55,56,58,60,68,72,73,76,78
1/4/92,01,02,07,11,21,23,25,29,31,33,37,42,48,59,61,66,67,68,69,73
1/3/92,02,15,22,23,24,36,37,39,44,46,47,49,50,51,55,60,61,65,73,76
1/2/92,06,16,24,25,26,36,38,40,45,47,48,50,52,56,58,60,69,72,78,80
1/1/92,04,07,10,11,14,17,19,35,39,41,43,45,51,55,56,64,71,72,74,79
12/31/91,01,03,08,20,21,23,27,29,30,38,39,47,56,58,59,63,67,76,78,79
12/30/91,06,08,09,11,14,20,25,28,30,36,40,44,49,51,53,56,73,74,76,80
12/29/91,10,12,13,15,28,29,33,37,38,41,46,47,53,58,61,63,66,71,72,76
12/28/91,08,17,24,25,26,28,33,39,51,55,56,62,65,67,72,73,75,76,77,79
12/27/91,02,09,10,15,18,32,34,36,37,38,43,48,50,52,56,65,66,70,78,80
12/26/91,02,03,07,13,16,18,19,24,27,41,46,49,56,58,62,67,70,72,75,79
12/24/91,02,09,15,18,21,24,31,32,35,39,41,42,43,44,45,53,63,67,74,76
12/23/91,02,03,05,07,08,12,15,18,19,23,34,35,39,41,46,47,51,54,72,74
12/22/91,02,04,06,10,15,16,19,29,30,33,34,35,39,47,52,57,66,72,73,75
12/21/91,08,12,14,19,24,26,27,30,31,37,44,46,49,59,60,62,63,66,75,80
12/20/91,06,15,19,21,22,23,31,33,34,35,42,43,45,49,52,55,61,65,67,69
12/19/91,11,16,18,29,30,34,36,38,39,45,59,62,67,68,70,71,72,75,76,79
12/18/91,06,08,10,21,30,31,35,43,46,53,59,60,62,63,68,69,72,74,76,77
12/17/91,02,06,07,09,16,19,21,25,31,35,39,49,52,64,67,70,72,75,79,80
12/16/91,04,07,15,16,17,22,29,33,42,44,49,50,57,58,59,65,68,71,75,78
12/15/91,18,19,20,25,37,38,40,42,43,45,47,48,50,56,58,68,70,75,77,79
12/14/91,01,06,07,11,13,15,16,23,27,43,47,48,50,54,60,65,68,69,71,77
12/13/91,03,06,08,14,16,20,21,24,26,30,43,56,58,67,71,73,76,77,78,80
12/12/91,06,11,14,17,20,26,28,34,43,54,57,61,62,63,66,69,73,74,75,77
12/11/91,04,09,21,22,25,26,37,38,43,44,46,47,48,55,70,71,76,77,79,80
12/10/91,03,07,13,14,18,19,27,31,32,33,42,46,48,57,61,62,64,70,71,80
12/9/91,08,11,15,18,21,24,26,27,33,34,38,40,42,58,64,67,69,70,78,80
12/8/91,01,02,09,14,23,26,27,32,35,36,39,44,46,48,51,55,57,65,69,80
12/7/91,04,11,13,16,18,19,30,34,42,43,50,52,55,59,65,66,71,74,75,76
12/6/91,03,07,08,09,12,15,16,19,25,30,31,50,58,62,63,65,72,73,74,76
12/5/91,10,13,15,16,18,19,23,35,38,41,45,47,51,59,61,64,65,74,78,80
12/4/91,05,07,12,14,27,30,31,32,36,37,45,48,51,62,64,68,71,75,77,78
12/3/91,03,05,06,12,13,15,18,26,38,43,45,46,59,61,65,67,72,74,76,78
12/2/91,03,08,10,15,19,23,27,28,31,39,46,47,54,60,66,67,68,69,75,78
12/1/91,08,15,22,25,27,28,32,38,40,41,42,50,56,57,60,64,65,71,73,78
11/30/91,01,13,23,24,27,31,34,37,39,44,45,53,54,63,64,65,67,68,75,78
11/29/91,07,10,12,15,19,20,22,23,26,29,41,44,45,50,55,61,66,68,72,80
11/28/91,06,07,08,10,13,14,17,21,23,26,27,29,35,47,48,49,56,59,67,73
11/27/91,07,16,20,23,30,35,36,38,39,43,48,56,58,59,60,63,76,77,78,80
11/26/91,05,06,08,24,37,40,43,47,50,51,53,55,56,58,61,62,66,73,76,77
11/25/91,05,13,15,19,20,27,29,33,34,38,39,50,52,53,60,61,65,69,77,79
11/24/91,01,02,04,11,15,20,24,30,33,38,42,43,44,50,56,68,70,78,79,80
11/23/91,07,10,14,18,20,27,28,29,30,31,35,41,46,50,54,56,60,65,66,78
11/22/91,02,03,07,17,19,24,25,32,33,38,43,48,51,60,62,63,65,66,68,73
11/21/91,15,20,23,27,28,30,31,41,44,47,49,53,54,58,63,67,68,69,77,78
11/20/91,02,08,10,12,13,16,23,30,32,39,40,42,45,48,54,61,62,63,64,76
11/19/91,01,02,09,10,12,14,15,24,26,30,34,38,44,45,58,60,63,64,66,80
11/18/91,01,03,04,11,12,14,18,29,30,37,39,48,57,61,66,68,70,71,77,78
11/17/91,01,06,12,13,22,25,26,27,38,44,47,49,50,53,56,57,60,63,65,80
11/16/91,04,05,15,22,29,32,38,41,44,45,58,60,66,67,68,70,73,75,79,80
11/15/91,01,07,09,18,25,26,28,44,46,49,50,52,55,58,62,63,67,69,71,72
11/14/91,04,05,06,07,17,18,25,28,31,33,34,41,48,51,53,58,63,70,76,80
11/13/91,03,04,05,06,10,12,15,24,28,33,36,40,41,47,48,62,65,69,74,76
11/12/91,05,08,13,17,23,30,31,34,35,36,38,39,45,47,51,55,58,68,72,75
11/11/91,03,10,18,25,31,33,35,36,37,43,45,46,47,53,55,66,69,71,73,79
11/10/91,09,10,19,22,27,29,30,40,43,45,46,48,49,51,55,56,65,71,77,78
11/9/91,14,15,20,21,22,27,29,35,37,41,43,48,50,53,55,57,67,68,70,71
11/8/91,05,09,12,13,17,18,23,25,26,27,28,29,34,39,51,54,55,61,70,71
11/7/91,05,07,12,14,18,25,27,29,38,40,44,46,47,49,54,61,67,71,75,78
11/6/91,03,07,16,20,21,22,29,31,36,38,47,53,54,58,60,63,66,67,70,76
11/5/91,01,04,08,17,18,20,36,46,49,51,52,55,58,59,62,67,68,70,71,79
11/4/91,06,07,11,12,17,18,22,23,29,32,37,46,47,51,52,54,55,56,77,80
11/3/91,01,04,06,07,10,13,17,21,23,31,42,44,47,53,55,60,61,67,77,79
11/2/91,04,06,08,09,12,14,21,22,23,26,28,34,39,47,49,50,52,56,60,74
11/1/91,05,07,12,15,18,22,25,34,44,45,52,53,54,60,61,62,68,71,73,78
10/31/91,04,08,13,15,20,27,28,29,31,32,38,39,47,51,57,69,71,73,77,78
10/30/91,04,08,09,11,16,17,23,32,33,38,41,43,54,60,61,62,72,73,74,79
10/29/91,06,21,26,28,30,32,36,40,46,53,54,59,61,66,67,70,74,76,77,78
10/28/91,05,08,10,13,16,17,20,24,26,34,38,45,46,58,59,61,62,70,79,80
10/27/91,04,07,10,21,22,25,28,30,31,33,37,47,50,51,54,63,64,69,78,79
10/26/91,02,04,05,09,10,11,13,25,36,39,44,53,57,65,68,69,70,74,76,77
10/25/91,02,04,05,10,12,15,20,28,29,36,37,44,48,49,53,55,58,69,70,74
10/24/91,01,02,08,12,13,15,21,25,32,39,43,45,47,48,59,67,70,72,74,78
10/23/91,02,05,06,09,12,18,20,22,23,27,54,57,62,65,66,67,69,73,76,77
10/22/91,01,04,07,16,17,18,19,35,38,40,46,49,50,58,60,62,64,73,77,78
10/21/91,04,07,08,09,19,20,21,22,23,25,30,36,41,53,54,55,61,63,69,75
10/20/91,06,10,12,16,25,32,35,36,38,42,48,51,53,57,61,63,68,69,72,74
10/19/91,02,04,06,07,17,23,26,30,36,37,39,40,45,53,57,67,68,74,76,80
10/18/91,04,09,10,16,19,20,27,28,32,37,48,49,52,58,59,67,69,70,71,78
10/17/91,02,03,13,14,28,29,32,40,43,48,50,51,53,56,60,63,64,66,68,80
10/16/91,13,18,21,27,29,31,35,36,37,41,44,48,53,54,58,62,67,69,73,80
10/15/91,02,04,05,08,12,16,28,29,35,37,39,46,50,60,61,68,72,75,77,78
10/14/91,13,15,17,23,27,35,36,42,45,46,47,52,54,55,57,61,71,72,75,79
10/13/91,08,20,21,24,28,33,38,44,45,51,52,59,63,65,66,71,72,74,79,80
10/12/91,13,16,24,25,28,31,32,40,46,51,54,66,68,69,70,72,74,76,78,80
10/11/91,02,03,05,15,18,23,28,41,45,50,51,53,54,57,58,59,63,68,70,74
10/10/91,01,04,05,14,23,28,40,41,43,44,49,50,52,56,57,58,59,63,74,80
10/9/91,04,06,07,08,21,22,24,36,39,40,41,52,54,55,58,61,63,64,70,72
10/8/91,02,04,05,08,10,18,20,22,32,37,40,45,46,47,52,59,61,62,70,79
10/7/91,01,08,09,12,16,19,22,26,27,28,30,42,44,57,62,65,66,69,74,75
10/6/91,01,04,05,16,18,19,20,22,23,26,32,41,44,53,54,57,58,63,65,74
10/5/91,07,16,24,25,30,36,41,46,54,57,59,60,63,65,66,70,73,76,79,80
10/4/91,01,06,11,14,15,18,21,23,27,31,33,37,46,58,62,65,67,73,75,77
10/3/91,07,08,12,14,16,18,25,31,35,39,42,50,51,56,57,58,63,65,73,75
10/2/91,01,11,17,23,25,26,28,32,36,40,43,48,50,54,57,62,71,78,79,80
10/1/91,03,05,10,12,13,15,19,23,28,32,37,38,43,46,50,61,64,65,66,75
9/30/91,06,07,09,18,20,21,28,30,32,35,43,44,45,47,53,61,65,66,76,80
9/29/91,01,04,11,14,17,20,25,33,39,40,44,51,52,53,57,61,63,66,72,74
9/28/91,02,09,19,24,25,31,34,36,39,44,49,51,53,57,59,60,66,68,74,77
9/27/91,11,15,16,17,21,22,24,27,37,38,39,47,49,50,56,64,66,67,68,76
9/26/91,02,05,06,18,20,21,22,23,27,30,33,48,51,53,56,60,61,63,73,75
9/25/91,02,04,06,08,14,17,22,28,32,33,39,40,44,52,57,60,71,73,74,77
9/24/91,02,08,10,11,18,19,23,26,33,37,39,49,58,60,63,64,67,68,73,75
9/23/91,01,02,03,10,19,25,33,34,36,40,41,52,53,54,60,62,63,66,67,69
9/22/91,03,06,11,14,15,26,27,30,31,34,42,43,44,56,58,73,74,75,76,80
9/21/91,03,04,05,07,12,16,24,26,44,48,51,55,61,66,68,69,74,75,79,80
9/20/91,04,05,06,18,22,23,24,25,26,31,34,37,45,49,51,61,62,69,76,80
9/19/91,01,07,08,09,13,22,28,30,31,33,37,40,47,52,65,68,69,76,77,78
9/18/91,02,04,10,11,17,20,26,29,30,33,43,45,49,51,53,59,63,69,74,75
9/17/91,01,02,04,05,09,10,11,15,26,29,36,37,41,46,49,59,64,76,77,79
9/16/91,11,15,17,24,29,32,34,36,41,42,45,46,47,51,54,63,66,72,73,80
9/15/91,01,03,08,09,12,13,19,21,26,30,37,39,48,50,52,56,58,63,65,74
9/14/91,12,13,17,19,28,29,33,37,38,39,43,56,57,58,62,64,65,68,75,77
9/13/91,06,08,16,29,31,33,34,40,41,43,52,55,58,59,64,69,73,75,77,78
9/12/91,13,19,24,30,31,38,44,46,47,49,53,54,60,61,65,67,73,77,78,79
9/11/91,04,07,13,18,22,23,26,29,34,35,41,50,52,53,62,65,69,76,79,80
9/10/91,01,03,04,06,10,21,22,27,30,32,35,42,44,54,55,57,58,64,67,73
9/9/91,03,04,06,19,22,23,25,28,29,30,34,39,43,44,61,64,67,72,77,78
9/8/91,06,07,10,13,19,21,26,27,30,43,45,46,52,57,59,61,66,67,77,79
9/7/91,07,11,13,15,28,30,35,36,50,51,53,54,56,58,62,63,66,74,77,78
9/6/91,05,14,18,22,25,26,30,33,35,39,44,45,47,63,69,71,74,76,78,79
9/5/91,03,11,12,13,20,30,33,36,39,40,43,44,49,51,60,66,67,76,77,78
9/4/91,03,09,11,13,18,19,20,26,30,42,44,45,58,59,62,63,65,66,76,79
9/3/91,04,06,09,10,11,18,25,26,28,32,35,41,46,48,53,61,68,71,72,79
9/2/91,04,05,12,16,17,21,24,28,29,39,45,46,48,51,55,57,62,66,68,71
9/1/91,01,15,16,17,18,20,21,24,25,34,40,43,51,52,54,59,62,66,74,80
8/31/91,03,07,12,16,20,22,28,29,31,40,42,47,50,54,59,62,64,67,72,80
8/30/91,02,03,09,14,19,22,28,29,30,33,37,44,49,51,52,64,66,70,79,80
8/29/91,03,04,11,20,24,27,29,33,38,39,40,46,49,50,55,62,64,65,73,78
8/28/91,01,07,13,14,23,28,32,34,37,38,41,43,46,57,58,65,70,71,73,74
8/27/91,03,10,14,20,26,28,33,36,38,42,43,45,46,53,55,57,59,71,72,80
8/26/91,02,09,10,11,16,17,18,23,24,26,29,31,33,35,36,39,48,51,54,79
8/25/91,04,05,08,10,14,15,16,21,24,25,26,32,41,56,57,58,61,63,66,72
8/24/91,01,05,09,20,23,36,41,45,50,51,54,61,62,71,72,73,74,75,77,79
8/23/91,03,05,06,09,13,21,23,25,31,32,34,35,41,42,51,52,59,63,65,80
8/22/91,03,09,11,16,18,31,35,37,38,40,42,44,47,49,57,61,64,70,74,80
8/21/91,05,06,08,12,15,26,31,38,40,44,47,49,56,62,63,64,69,74,76,79
8/20/91,04,10,11,14,18,26,31,32,41,42,45,46,47,59,60,61,67,77,79,80
8/19/91,01,02,16,18,20,24,27,32,33,41,43,45,46,48,54,62,63,71,75,80
8/18/91,11,14,15,17,25,29,32,34,38,39,43,45,53,54,56,57,61,63,67,69
8/17/91,01,02,07,12,14,17,20,21,22,28,43,44,47,52,56,58,67,69,71,72
8/16/91,04,05,06,10,12,13,16,30,37,38,41,43,49,54,60,70,72,74,75,79
8/15/91,03,12,13,18,23,30,33,37,41,44,47,51,54,55,58,61,63,64,69,70
8/14/91,02,03,07,15,17,18,20,23,27,28,33,37,38,39,43,49,54,74,77,79
8/13/91,04,05,11,15,16,18,20,23,27,30,34,39,45,50,56,62,65,68,71,76
8/12/91,05,06,12,15,18,21,22,23,29,30,32,33,38,48,49,52,54,57,66,72
8/11/91,02,03,05,13,14,17,24,28,29,37,40,45,49,56,68,70,71,76,78,80
8/10/91,02,07,08,11,12,15,27,35,36,37,41,43,50,54,56,57,62,64,69,70
8/9/91,11,12,25,27,29,32,41,46,47,48,58,63,64,65,67,71,73,75,76,78
8/8/91,04,06,10,11,16,19,21,23,32,46,51,52,53,60,65,68,70,71,73,79
8/7/91,02,04,07,08,10,15,18,22,24,27,30,37,38,44,61,63,65,66,68,78
8/6/91,04,06,16,17,18,21,32,33,35,41,43,49,55,56,64,65,73,74,78,80
8/5/91,02,11,12,20,22,26,29,39,43,45,47,51,57,66,67,68,71,76,78,79
8/4/91,02,03,11,16,18,20,24,31,32,39,43,45,49,52,59,61,71,77,79,80
8/3/91,07,09,10,12,17,18,24,29,34,35,40,42,49,57,63,64,67,70,78,80
8/2/91,02,03,06,07,12,13,27,35,43,47,49,53,54,57,58,65,68,69,77,78
8/1/91,08,09,10,14,16,25,28,31,32,33,35,40,43,44,48,60,71,75,78,79
7/31/91,06,09,11,23,27,28,29,31,33,38,39,42,45,51,52,56,61,65,68,72
7/30/91,01,04,08,19,22,28,31,34,37,38,45,46,48,50,51,57,58,65,75,80
7/29/91,04,05,19,23,34,36,42,45,47,49,53,54,59,60,61,65,69,76,77,78
7/28/91,01,05,06,14,18,26,29,33,37,41,43,45,47,49,53,56,61,68,77,78
7/27/91,06,14,15,17,20,25,26,29,32,36,37,41,42,58,61,65,66,72,75,80
7/26/91,01,02,11,19,20,22,23,28,30,33,34,36,39,40,42,43,45,47,49,74
7/25/91,02,10,13,15,21,32,34,37,38,45,47,52,53,54,61,66,68,73,74,76
7/24/91,02,07,14,18,20,23,27,31,35,41,44,45,47,51,56,59,61,64,71,76
7/23/91,10,14,16,17,29,31,36,38,39,42,44,47,49,50,58,62,66,76,77,80
7/22/91,01,09,21,22,25,26,27,28,31,33,40,49,55,62,63,65,68,75,76,77
7/21/91,02,08,20,23,24,25,29,32,35,40,45,51,52,55,58,73,74,76,78,80
7/20/91,03,15,16,17,19,20,26,30,36,39,43,46,47,52,54,60,62,64,65,68
7/19/91,01,06,17,18,19,20,28,34,37,38,40,42,44,48,50,54,56,66,77,79
7/18/91,08,09,10,11,12,14,16,17,19,20,26,40,43,50,54,55,57,60,76,77
7/17/91,01,02,04,05,06,10,19,26,33,34,45,47,48,51,62,64,67,68,73,76
7/16/91,03,11,19,26,29,34,37,41,44,52,54,56,61,62,63,65,69,72,73,79
7/15/91,01,02,04,06,07,11,17,18,35,36,37,41,46,51,53,55,64,65,67,69
7/14/91,04,14,18,21,22,27,29,33,34,36,50,56,57,61,64,68,69,71,72,79
7/13/91,02,05,10,13,18,20,23,26,33,39,46,47,51,56,60,65,67,69,76,78
7/12/91,07,15,19,24,25,27,32,38,39,41,43,47,60,63,66,67,71,75,77,78
7/11/91,03,05,24,26,27,30,33,37,38,39,41,44,47,49,57,66,68,69,75,77
7/10/91,01,07,12,19,23,26,29,33,34,42,46,48,50,53,62,65,70,73,77,80
7/9/91,08,10,15,17,18,26,27,35,38,47,49,55,57,58,60,62,64,65,73,78
7/8/91,14,22,29,30,32,33,35,37,43,53,61,64,68,70,71,74,76,78,79,80
7/7/91,01,03,06,10,11,12,16,17,21,25,30,34,35,37,39,41,43,64,65,76
7/6/91,03,05,06,09,11,15,18,23,25,26,28,39,40,46,49,50,55,60,64,74
7/5/91,03,04,11,14,17,18,20,21,22,39,55,57,58,59,66,68,69,76,77,80
7/4/91,02,03,04,07,09,14,20,22,30,34,35,38,40,55,63,64,72,73,75,78
7/3/91,02,07,09,16,24,26,31,32,37,43,44,45,59,63,65,68,73,76,77,78
7/2/91,01,02,06,07,09,11,12,14,15,20,22,36,37,38,41,54,66,72,74,75
7/1/91,03,05,11,15,16,20,22,25,29,42,44,45,54,56,59,62,63,70,77,80
6/30/91,04,05,12,23,24,26,27,41,42,43,44,49,60,63,66,69,71,76,77,79
6/29/91,15,16,21,23,24,27,29,31,32,40,45,48,49,52,53,55,67,71,72,75
6/28/91,03,07,08,16,18,23,27,29,32,34,37,43,44,45,48,52,55,59,64,76
6/27/91,01,04,05,06,16,21,26,36,42,46,49,53,54,55,60,62,63,64,72,74
6/26/91,05,07,10,11,14,26,31,35,37,42,49,51,55,56,59,63,66,67,68,73
6/25/91,05,12,13,14,18,20,23,27,34,35,47,52,56,58,61,62,65,70,74,80
6/24/91,04,06,10,11,16,24,26,29,30,38,44,45,46,48,54,58,60,62,69,71
6/23/91,01,02,05,11,20,21,34,36,41,46,47,53,55,56,61,70,72,76,79,80
6/22/91,09,15,25,29,32,33,35,41,42,43,52,53,54,57,61,62,64,69,70,76
6/21/91,10,11,12,13,15,17,20,22,24,31,35,41,56,60,65,69,73,74,78,79
6/20/91,08,11,14,24,27,28,29,30,33,42,55,58,62,65,66,67,69,72,79,80
6/19/91,01,06,11,14,16,25,26,28,32,40,41,46,51,54,62,63,66,70,73,80
6/18/91,10,14,15,23,30,31,32,33,35,39,41,42,43,45,48,51,54,64,65,78
6/17/91,02,03,06,07,08,15,18,34,37,38,40,41,45,49,57,62,67,74,76,80
6/16/91,04,07,10,12,23,25,30,33,37,46,47,54,55,56,60,62,64,73,75,76
6/15/91,01,04,05,06,13,17,20,23,26,28,40,41,44,47,51,52,59,76,78,80
6/14/91,03,09,13,19,22,23,24,26,27,32,37,43,48,54,55,58,62,69,71,73
6/13/91,01,16,18,23,25,28,30,32,33,35,36,39,42,50,51,55,63,66,68,80
6/12/91,04,08,09,10,11,12,14,19,20,29,38,40,46,53,58,59,71,73,78,80
6/11/91,05,09,10,13,21,26,27,29,34,37,41,50,52,56,58,60,62,69,77,80
6/10/91,03,05,10,16,19,20,21,30,35,39,40,43,45,46,49,70,72,76,77,79
6/9/91,03,12,16,17,20,32,34,36,41,44,46,47,49,56,61,64,69,70,72,79
6/8/91,02,04,10,15,17,20,27,28,34,39,45,46,49,50,55,60,61,66,76,78
6/7/91,03,06,08,14,19,34,35,39,40,42,45,47,50,51,57,59,62,65,72,75
6/6/91,05,08,09,10,21,22,25,26,29,38,50,61,66,67,68,72,75,76,78,80
6/5/91,01,04,05,06,13,16,19,25,36,47,52,54,55,61,62,63,66,69,73,79
6/4/91,02,03,14,19,27,30,35,36,40,44,45,47,57,59,62,64,66,68,71,74
6/3/91,05,15,16,19,20,21,23,26,27,28,32,33,36,54,58,60,62,73,76,79
6/2/91,02,17,18,22,26,36,38,45,49,51,52,54,60,61,64,69,71,77,78,79
6/1/91,01,06,07,17,19,20,27,29,34,36,37,47,49,50,60,64,65,67,71,73
5/31/91,01,02,07,08,09,11,18,20,22,23,36,51,52,53,56,63,66,68,72,74
5/30/91,01,18,21,32,33,34,41,47,49,50,51,58,59,63,65,70,74,77,78,79
5/29/91,04,10,15,18,19,26,28,29,40,42,45,49,57,58,60,61,69,70,73,80
5/28/91,05,08,10,12,13,14,15,21,26,30,37,40,43,46,58,62,63,69,71,72
5/27/91,01,03,04,09,18,22,28,30,44,45,50,52,57,58,61,62,63,65,69,71
5/26/91,02,04,05,10,15,19,21,27,30,35,38,39,40,41,46,47,50,62,66,69
5/25/91,02,06,08,09,11,17,20,23,29,30,33,34,35,37,43,47,50,53,62,65
5/24/91,01,07,08,17,18,19,25,26,32,35,43,46,48,49,50,56,60,65,76,79
5/23/91,01,04,05,20,28,30,31,37,39,40,43,44,47,51,58,61,67,73,75,79
5/22/91,06,07,13,14,19,22,30,31,34,41,42,51,57,58,62,65,71,74,77,78
5/21/91,03,08,10,13,25,37,38,40,41,46,52,57,58,59,67,68,70,77,79,80
5/20/91,02,03,04,13,15,16,20,24,27,30,40,41,44,48,52,57,65,69,77,80
5/19/91,02,09,10,15,16,21,24,32,34,38,43,44,47,51,52,54,62,71,75,76
5/18/91,11,17,18,19,21,28,30,34,37,48,49,50,60,62,66,70,73,76,78,79
5/17/91,18,22,26,28,30,34,37,38,40,42,45,46,49,50,52,53,57,59,61,73
5/16/91,02,10,12,15,18,27,29,31,44,46,47,50,52,56,65,67,70,72,75,80
5/15/91,03,04,06,08,14,15,16,17,24,35,40,49,53,55,61,65,72,73,75,76
5/14/91,05,06,08,12,16,18,19,20,26,27,31,34,44,50,60,65,69,70,71,79
5/13/91,02,03,11,15,19,23,24,26,31,34,38,44,49,50,53,55,63,65,67,77
5/12/91,01,03,09,15,20,21,24,37,39,41,43,47,48,49,51,54,60,66,74,76
5/11/91,08,14,22,25,32,33,37,42,43,45,54,55,57,58,61,64,71,72,74,76
5/10/91,01,03,06,09,12,17,21,26,33,39,40,50,55,64,65,69,70,72,74,80
5/9/91,01,04,06,10,15,30,33,43,44,45,50,54,56,57,58,66,67,75,78,79
5/8/91,02,07,15,18,19,20,22,27,29,31,33,36,41,49,51,52,57,62,69,80
5/7/91,12,13,14,20,27,31,36,37,38,39,40,42,45,50,55,58,59,60,61,66
5/6/91,02,11,12,13,16,29,32,35,38,46,49,51,52,54,57,64,73,76,77,78
5/5/91,01,03,08,10,21,27,28,30,36,39,41,43,47,50,51,68,71,72,74,80
5/4/91,21,22,25,29,32,34,37,40,44,45,51,57,59,64,65,69,71,73,76,79
5/3/91,01,07,08,12,15,20,22,24,25,29,35,38,44,46,53,60,63,68,73,76
5/2/91,09,10,13,16,18,20,21,27,28,30,33,34,35,39,60,63,65,68,69,76
5/1/91,04,06,09,10,17,23,26,34,35,37,38,40,49,67,69,71,72,73,74,75
4/30/91,01,03,07,18,21,22,32,34,40,41,45,52,53,54,57,61,62,65,66,74
4/29/91,04,08,09,11,13,20,21,30,31,38,44,45,55,61,62,68,72,77,79,80
4/28/91,01,08,21,23,24,25,26,28,34,37,41,42,43,44,48,50,52,53,60,79
4/27/91,06,08,11,14,17,18,32,33,41,43,50,53,54,60,64,70,72,73,75,79
4/26/91,06,12,15,29,32,34,36,38,39,46,48,49,50,52,53,68,74,77,78,79
4/25/91,06,08,15,21,28,32,33,36,40,45,46,47,48,50,54,58,60,64,68,73
4/24/91,06,09,10,13,16,19,26,31,37,41,42,44,45,52,55,60,67,68,72,78
4/23/91,01,03,04,09,21,25,28,29,36,48,54,58,59,61,62,65,68,69,70,72
4/22/91,01,07,08,15,16,21,23,26,32,40,43,61,63,64,65,68,73,76,78,80
4/21/91,02,10,13,15,17,18,27,29,34,36,37,38,45,47,48,63,67,71,75,77
4/20/91,02,10,15,17,25,26,29,30,40,46,47,50,53,55,59,68,72,75,78,79
4/19/91,02,03,05,07,14,16,18,20,27,32,36,38,41,51,54,55,69,77,78,79
4/18/91,03,06,14,18,19,21,23,36,42,43,46,51,58,59,63,66,68,72,79,80
4/17/91,03,08,10,13,14,19,21,23,28,29,30,42,48,49,51,52,61,66,77,80
4/16/91,01,03,10,14,15,16,20,24,26,32,39,45,54,59,62,63,66,69,71,77
4/15/91,02,11,14,20,22,23,24,25,28,30,31,36,39,48,50,67,70,75,78,79
4/14/91,03,04,07,11,21,27,31,36,38,40,47,50,60,63,64,65,66,70,72,77
4/13/91,01,04,05,17,18,24,27,34,41,43,45,52,53,60,62,63,72,75,77,79
4/12/91,02,04,05,23,28,29,30,35,37,39,41,43,47,48,50,62,66,68,69,74
4/11/91,04,08,15,18,20,25,32,34,39,43,51,57,60,70,71,72,74,76,77,78
4/10/91,02,04,08,10,14,18,23,24,30,33,34,40,42,45,46,60,63,65,75,78
4/9/91,01,09,12,15,16,17,20,23,30,31,38,39,44,45,50,57,66,67,68,69
4/8/91,06,15,17,18,21,24,30,33,35,36,37,49,50,52,57,59,60,62,69,76
4/7/91,03,13,14,17,22,24,31,38,48,49,50,55,60,66,67,68,73,74,78,80
4/6/91,10,11,12,13,14,16,19,20,23,26,28,30,36,65,71,73,74,75,76,79
4/5/91,05,06,07,12,19,29,39,40,41,49,51,61,63,64,66,67,74,76,77,80
4/4/91,11,14,21,25,35,37,39,42,48,49,51,52,53,56,57,62,70,72,76,78
4/3/91,01,09,11,16,22,24,27,33,41,51,57,59,60,63,66,67,70,72,74,76
4/2/91,01,03,05,14,18,19,22,25,29,30,35,38,47,50,55,60,71,73,78,80
4/1/91,04,09,11,13,14,16,19,20,21,31,37,41,45,47,53,60,61,72,73,77
3/31/91,02,13,14,20,23,26,30,32,34,38,41,45,47,48,53,55,62,68,72,75
3/30/91,01,06,09,10,17,21,26,27,28,33,34,37,53,54,57,62,65,69,75,77
3/29/91,02,04,05,12,15,16,17,20,31,33,44,51,56,59,61,63,64,65,70,75
3/28/91,04,11,16,18,21,23,24,31,39,44,45,50,53,58,67,68,73,75,76,79
3/27/91,03,12,19,27,28,29,33,34,38,40,46,47,53,57,59,65,71,76,78,79
3/26/91,03,06,08,20,25,32,36,39,43,44,45,48,56,57,58,60,62,65,70,77
3/25/91,08,10,14,16,17,18,19,21,28,36,43,48,49,52,54,58,60,68,76,77
3/24/91,07,09,16,18,22,24,27,37,38,39,41,45,52,54,55,56,59,60,71,75
3/23/91,04,06,08,14,18,23,24,25,27,33,34,38,43,44,60,66,72,73,77,78
3/22/91,04,06,13,16,20,28,31,41,44,45,54,55,56,57,64,65,67,73,77,80
3/21/91,01,08,09,13,20,21,25,29,31,34,38,42,56,61,62,64,72,73,74,79
3/20/91,02,03,04,18,21,29,30,32,34,41,42,56,59,60,61,62,65,72,77,80
3/19/91,06,07,08,12,17,18,19,25,28,36,39,45,46,47,53,55,57,72,74,76
3/18/91,01,02,03,04,06,13,15,17,21,23,34,35,38,45,47,50,53,57,63,79
3/17/91,05,13,15,20,26,28,31,34,37,44,46,51,52,53,57,64,70,71,72,76
3/16/91,02,04,08,11,20,28,29,33,34,41,47,49,50,51,56,57,64,72,74,78
3/15/91,04,06,08,12,15,17,31,34,36,38,40,45,48,50,57,66,67,68,78,80
3/14/91,05,24,25,28,32,37,42,43,44,47,48,52,58,60,62,63,67,69,74,79
3/13/91,01,03,20,21,27,29,33,36,47,51,60,62,64,67,70,71,74,75,77,79
3/12/91,02,05,07,09,12,16,19,23,24,32,34,36,44,48,50,54,67,74,77,78
3/11/91,01,12,18,22,23,31,32,33,35,36,37,40,44,47,59,62,69,71,78,79
3/10/91,01,04,05,18,22,24,28,31,41,43,45,59,61,63,64,68,71,72,77,79
3/9/91,01,06,12,15,17,24,28,30,32,37,41,42,45,47,56,60,66,70,74,76
3/8/91,06,07,08,11,17,23,24,27,31,35,36,37,43,45,51,56,57,72,74,75
3/7/91,01,04,07,08,09,11,14,15,18,27,29,41,47,49,51,66,68,71,72,75
3/6/91,02,03,07,13,20,21,22,25,27,39,46,48,52,55,57,66,69,72,76,80
3/5/91,01,03,11,22,23,24,26,31,33,36,38,41,43,46,47,58,59,69,70,74
3/4/91,19,24,26,27,30,35,36,37,40,43,45,48,51,52,53,60,62,66,69,74
3/3/91,01,04,12,17,22,23,26,30,34,59,66,70,71,72,73,74,75,77,78,80
3/2/91,02,07,09,12,15,21,25,30,31,34,36,40,41,47,49,52,62,65,66,67
3/1/91,06,07,08,13,14,16,20,24,25,27,32,33,37,38,53,58,63,65,68,70
2/28/91,08,10,16,24,27,33,34,36,38,54,56,58,60,62,64,65,67,70,72,77
2/27/91,06,11,19,20,31,33,36,41,45,48,52,58,61,62,71,73,74,77,79,80
2/26/91,06,14,17,18,21,23,31,32,36,39,44,46,49,54,55,56,59,66,73,77
2/25/91,26,28,29,33,34,36,38,42,44,50,56,59,61,64,69,70,72,73,76,77
2/24/91,02,03,10,11,12,19,25,27,41,43,45,48,49,56,59,69,70,74,78,80
2/23/91,06,09,11,22,24,30,32,34,37,49,51,52,54,66,70,72,74,77,79,80
2/22/91,02,05,06,14,18,24,25,32,35,37,39,47,50,52,56,57,72,73,77,80
2/21/91,05,06,08,11,21,23,26,32,41,44,48,55,57,58,62,63,70,72,74,79
2/20/91,07,12,16,17,27,30,31,39,45,48,52,53,56,58,63,69,70,73,77,78
2/19/91,04,05,06,08,09,11,13,14,15,20,26,34,35,49,50,56,58,64,68,74
2/18/91,01,02,03,08,11,14,15,19,23,24,25,32,44,49,51,60,63,65,68,80
2/17/91,05,07,08,11,23,24,26,31,33,39,43,47,54,55,59,65,70,72,75,78
2/16/91,04,06,08,12,14,20,23,26,30,34,37,41,43,55,58,64,65,66,72,74
2/15/91,01,03,05,15,18,20,21,34,37,40,43,44,45,53,57,60,61,65,70,75
2/14/91,03,04,05,07,08,09,13,30,31,33,37,38,50,55,58,60,61,71,72,77
2/13/91,01,09,10,11,17,24,29,30,38,40,43,45,58,63,65,71,74,76,77,80
2/12/91,13,15,18,23,29,30,34,39,41,45,49,50,55,60,61,64,71,73,74,79
2/11/91,03,13,14,15,18,19,29,35,38,45,47,57,61,62,68,69,73,75,76,80
2/10/91,04,07,14,15,16,18,22,24,27,29,33,36,45,50,62,65,67,69,70,79
2/9/91,02,04,06,07,11,14,15,19,20,26,30,42,55,56,57,59,60,66,72,77
2/8/91,02,04,09,13,16,18,31,33,35,40,41,46,47,52,55,62,69,70,74,76
2/7/91,02,04,13,17,18,23,24,28,42,43,48,56,57,60,68,70,71,73,75,79
2/6/91,07,12,13,18,19,26,38,39,40,41,43,48,49,62,64,74,75,76,77,79
2/5/91,03,04,06,07,08,09,13,17,25,32,37,46,48,52,56,62,64,70,71,74
2/4/91,04,07,10,14,16,17,19,26,27,38,39,47,51,52,66,67,68,77,79,80
2/3/91,11,13,16,17,19,22,27,30,33,47,50,52,54,57,60,65,66,69,72,73
2/2/91,05,11,12,15,18,19,23,27,38,46,48,52,53,58,61,62,66,73,74,78
2/1/91,05,12,15,21,22,23,32,36,37,41,44,59,60,61,62,63,65,67,68,75
1/31/91,02,06,10,16,26,33,38,40,45,47,49,52,56,57,68,71,73,76,77,78
1/30/91,01,05,22,34,38,42,44,50,54,58,59,60,61,64,65,69,73,74,78,79
1/29/91,08,11,13,14,16,23,28,31,42,44,48,51,52,55,56,68,72,74,75,79
1/28/91,11,16,20,21,30,31,39,40,43,48,49,51,54,55,70,74,77,78,79,80
1/27/91,09,12,16,22,24,28,29,32,37,39,50,53,57,61,63,69,70,75,76,78
1/26/91,05,07,09,11,16,25,29,32,38,41,45,46,48,56,59,66,73,74,78,80
1/25/91,04,05,11,12,17,22,23,24,26,30,31,32,37,38,50,64,69,73,74,76
1/24/91,01,13,15,18,19,22,24,31,34,38,39,40,51,56,57,61,64,68,71,73
1/23/91,07,09,18,19,24,25,28,29,34,37,38,40,41,42,43,51,52,59,71,78
1/22/91,01,04,06,09,21,23,32,35,38,52,53,56,57,61,68,70,72,74,75,76
1/21/91,04,08,11,16,17,22,28,30,31,35,39,40,43,46,47,56,61,66,69,77
1/20/91,02,09,15,18,20,21,22,24,26,28,42,51,59,61,62,65,69,70,78,80
1/19/91,01,06,12,15,16,29,31,32,35,39,43,46,48,52,54,55,63,66,68,71
1/18/91,07,09,25,28,35,36,39,41,44,46,54,57,60,62,64,66,71,76,77,78
1/17/91,02,03,17,20,29,33,34,39,44,45,52,54,55,56,58,62,66,67,69,79
1/16/91,03,04,05,08,09,10,16,17,21,26,28,29,30,45,48,56,57,70,72,73
1/15/91,04,13,17,22,26,27,34,41,43,45,53,56,63,64,65,73,76,78,79,80
1/14/91,01,07,12,14,18,21,24,26,29,33,37,39,40,41,44,45,56,61,65,70
1/13/91,04,07,08,14,15,21,23,27,28,31,37,39,49,53,54,55,59,68,69,77
1/12/91,02,04,06,07,09,24,29,31,39,42,44,47,50,54,56,58,60,65,78,80
1/11/91,03,11,14,18,20,21,22,24,30,31,32,42,49,56,61,62,71,73,75,80
1/10/91,02,03,09,21,22,24,26,27,28,29,34,35,41,42,51,54,65,66,75,80
1/9/91,03,07,10,12,13,15,16,32,36,42,44,45,47,55,59,60,62,65,73,80
1/8/91,02,11,14,19,20,24,26,30,32,34,36,37,39,46,48,51,55,58,65,79
1/7/91,02,04,07,09,12,14,16,26,27,30,32,37,47,48,49,53,56,61,63,77
1/6/91,03,05,10,19,32,34,35,38,48,53,57,59,60,66,67,70,71,72,76,78
1/5/91,06,10,17,21,23,28,31,34,36,38,39,47,51,52,54,60,62,63,65,70
1/4/91,01,02,03,04,08,16,23,24,29,30,31,33,42,43,44,52,57,62,67,72
1/3/91,02,08,15,18,26,28,29,33,35,41,49,51,60,63,65,73,76,78,79,80
1/2/91,07,08,11,12,13,15,25,28,36,37,38,44,47,49,55,57,62,64,65,80
1/1/91,04,05,14,15,17,24,28,31,32,43,44,49,54,56,57,60,61,69,71,78
12/31/90,01,06,07,13,15,16,22,23,30,33,35,43,49,52,57,63,64,69,78,80
12/30/90,04,06,09,10,12,13,14,17,21,24,27,28,36,39,40,41,56,62,63,75
12/29/90,03,08,12,16,23,42,43,44,51,54,56,58,62,64,66,67,68,70,76,80
12/28/90,01,03,06,11,14,18,21,28,31,38,41,45,54,55,58,59,65,67,70,80
12/27/90,03,14,15,16,18,24,26,35,38,40,42,48,51,59,62,66,67,73,74,76
12/26/90,02,12,14,16,17,18,20,21,33,34,46,58,59,61,67,68,69,74,76,80
12/24/90,01,05,09,15,17,19,21,24,27,29,33,34,38,41,42,46,49,57,62,78
12/23/90,02,04,06,17,18,21,23,39,43,45,47,48,53,61,63,66,68,72,74,78
12/22/90,01,06,08,10,19,20,29,30,36,44,47,51,56,57,58,62,72,74,75,79
12/21/90,02,05,09,12,26,31,32,33,34,51,52,56,59,63,66,67,68,69,73,74
12/20/90,05,07,08,09,10,13,20,22,24,25,31,40,45,51,53,57,65,68,70,76
12/19/90,02,21,22,23,31,33,36,42,43,44,48,51,52,58,60,63,73,76,77,79
12/18/90,01,06,07,10,16,18,24,39,41,47,51,55,56,57,59,68,70,73,74,80
12/17/90,06,07,11,13,17,19,22,35,40,41,42,43,45,60,62,64,68,73,75,78
12/16/90,01,04,10,19,22,23,29,30,36,41,43,49,50,56,60,64,68,78,79,80
12/15/90,07,08,09,10,15,21,26,35,45,47,48,50,55,62,64,65,68,69,73,78
12/14/90,04,10,12,22,23,27,31,32,37,38,39,43,54,56,60,66,67,73,79,80
12/13/90,02,03,06,08,14,23,33,40,41,46,47,50,53,54,58,59,67,72,75,76
12/12/90,01,09,16,19,21,27,36,44,49,50,54,59,63,64,65,66,68,69,70,71
12/11/90,02,10,12,13,21,26,27,28,46,48,50,57,60,62,63,65,68,74,75,79
12/10/90,01,08,10,11,15,23,27,32,33,35,42,43,44,46,55,58,63,68,69,75
12/9/90,09,11,12,14,18,22,30,31,32,37,38,49,52,54,57,58,67,72,77,79
12/8/90,01,02,04,06,10,11,12,18,19,34,42,44,50,53,59,65,66,75,77,80
12/7/90,03,06,08,10,15,16,19,22,23,25,33,36,38,48,54,60,68,73,75,77
12/6/90,06,19,20,26,27,28,31,40,46,48,50,52,57,59,65,71,72,74,78,80
12/5/90,02,10,13,15,17,22,25,30,32,37,39,41,51,56,58,65,66,68,70,78
12/4/90,09,12,22,23,26,28,31,32,37,44,45,49,51,56,67,68,69,70,72,80
12/3/90,12,17,19,21,22,28,30,34,35,37,57,58,65,68,70,72,73,74,78,79
12/2/90,01,19,22,23,24,28,31,36,39,40,48,49,56,57,63,68,73,75,78,80
12/1/90,03,06,08,14,19,22,26,30,33,37,39,41,46,48,55,61,63,78,79,80
11/30/90,03,10,13,16,17,18,21,24,27,28,41,47,58,59,61,69,71,72,73,78
11/29/90,01,08,13,16,17,24,25,28,34,39,44,46,51,55,60,74,75,77,78,80
11/28/90,03,06,09,11,15,17,19,27,30,32,39,41,42,45,48,49,61,62,70,72
11/27/90,02,04,06,15,21,23,35,40,41,46,48,49,51,55,57,58,61,64,71,77
11/26/90,07,09,10,15,19,30,32,34,42,44,48,49,51,53,54,58,63,68,73,77
11/25/90,05,12,13,19,23,26,30,31,33,36,37,41,43,54,57,59,66,70,71,75
11/24/90,02,04,06,08,09,16,19,20,23,25,27,33,44,46,49,52,57,62,64,69
11/23/90,01,06,07,10,12,14,15,16,21,22,44,50,51,53,61,63,73,75,76,79
11/22/90,06,07,09,10,12,15,18,31,33,51,59,61,62,67,68,69,71,75,77,79
11/21/90,01,03,07,11,13,16,19,21,24,34,43,53,55,63,65,72,73,75,77,78
11/20/90,07,10,12,20,23,27,28,29,31,47,50,51,55,57,62,63,69,72,74,77
11/19/90,03,11,12,18,20,27,31,34,36,47,48,49,53,59,64,67,68,69,77,79
11/18/90,06,07,12,13,15,16,21,23,28,35,38,41,42,56,57,60,67,73,76,79
11/17/90,04,14,17,21,25,27,34,36,41,46,51,54,57,58,60,62,65,67,71,77
11/16/90,03,04,06,10,16,17,25,30,33,47,48,49,57,58,59,61,67,69,71,74
11/15/90,02,03,04,05,17,18,25,27,31,33,40,47,48,51,54,55,63,66,76,80
11/14/90,05,08,17,20,23,37,40,41,43,46,50,52,53,55,56,67,68,73,77,78
11/13/90,04,06,10,15,18,23,25,31,44,45,47,53,63,65,66,67,68,73,78,79
11/12/90,06,07,10,13,16,23,24,25,29,32,38,40,50,54,55,61,70,72,75,77
11/11/90,01,13,18,19,28,30,31,33,36,38,40,44,46,51,52,58,62,65,71,73
11/10/90,01,11,16,27,32,37,50,54,56,57,59,61,63,64,65,70,74,76,77,78
11/9/90,04,08,10,11,16,20,22,25,29,36,38,40,41,50,55,56,58,71,73,79
11/8/90,03,04,05,09,10,11,14,15,32,42,43,45,46,54,55,56,57,69,70,71
11/7/90,04,12,13,14,18,25,26,30,31,35,41,42,44,47,49,59,61,67,72,79
11/6/90,04,18,21,23,28,29,34,36,44,49,50,54,55,63,64,66,68,69,71,74
11/5/90,03,07,09,12,15,17,23,25,27,29,44,53,59,62,66,68,71,73,75,78
11/4/90,04,05,06,08,09,13,16,18,26,35,36,44,46,51,55,60,61,65,75,80
11/3/90,05,06,07,09,10,19,20,23,31,35,38,40,49,58,59,60,63,69,73,80
11/2/90,03,04,11,21,23,26,31,32,42,45,48,54,56,60,62,66,68,72,74,80
11/1/90,01,04,19,20,22,26,35,37,39,40,41,45,46,47,48,58,63,66,69,71
10/31/90,07,13,17,22,23,26,31,32,35,36,39,44,45,54,56,68,72,73,77,79
10/30/90,02,03,04,09,11,14,17,20,28,37,38,40,42,53,54,56,67,72,77,80
10/29/90,02,07,11,12,14,18,20,38,42,47,52,55,56,57,60,65,73,74,75,79
10/28/90,08,10,15,19,21,28,34,37,40,41,42,47,48,49,53,54,57,61,68,75
10/27/90,01,02,03,09,13,14,16,27,28,31,35,36,41,42,45,49,55,63,64,78
10/26/90,02,03,08,15,27,30,32,44,47,54,61,67,69,70,71,74,76,77,78,79
10/25/90,01,10,14,18,20,21,22,27,32,37,38,44,47,48,59,63,65,67,70,74
10/24/90,01,02,10,12,18,26,29,32,36,44,45,47,49,52,53,64,66,67,70,73
10/23/90,04,05,07,09,10,14,23,26,28,31,38,50,52,56,57,59,66,69,70,74
10/22/90,04,08,09,10,11,16,17,21,23,26,27,34,38,50,57,59,65,67,75,79
10/21/90,08,11,24,25,28,35,36,39,42,49,51,56,57,58,60,62,63,72,77,78
10/20/90,05,16,17,21,23,35,40,41,46,47,58,61,65,67,69,70,71,74,78,80
10/19/90,03,05,10,12,17,21,22,23,31,34,40,49,50,52,55,58,60,64,72,75
10/18/90,08,09,12,16,21,30,34,37,38,41,42,43,48,56,59,62,67,73,78,80
10/17/90,01,03,05,06,13,14,17,22,23,34,45,49,55,65,66,67,68,70,75,77
10/16/90,03,10,16,17,18,27,28,34,39,48,49,52,59,65,66,69,71,72,74,76
10/15/90,01,03,05,07,09,12,14,19,22,26,35,36,37,38,40,48,50,51,73,79
10/14/90,02,11,17,27,30,34,37,38,39,40,53,56,58,59,63,65,68,74,76,79
10/13/90,08,10,11,17,18,19,23,25,26,32,36,42,50,51,53,59,64,69,70,72
10/12/90,05,14,17,20,21,23,39,42,45,46,47,50,51,57,59,65,71,72,75,76
10/11/90,02,07,16,17,20,21,22,27,29,30,31,35,40,44,45,63,67,68,73,79
10/10/90,01,02,03,06,09,10,17,18,21,26,29,36,43,48,61,66,69,73,76,80
10/9/90,01,08,12,15,19,23,24,26,32,35,37,39,41,44,45,46,51,64,73,76
10/8/90,03,06,08,09,28,35,38,40,41,43,44,47,49,50,51,53,58,65,71,77
10/7/90,01,02,03,04,10,18,25,33,41,44,48,54,55,58,61,62,65,67,68,71
10/6/90,05,09,11,16,19,25,26,27,34,37,38,42,43,52,60,63,66,67,72,76
10/5/90,07,08,12,13,18,20,28,30,34,40,44,46,47,50,51,57,61,62,69,79
10/4/90,02,03,04,06,09,11,14,17,19,21,28,43,45,49,50,58,59,62,68,71
10/3/90,01,02,05,14,15,17,20,22,24,26,41,47,50,53,57,58,63,66,71,78
10/2/90,02,07,10,11,12,13,22,23,30,31,33,34,36,39,58,63,66,75,76,79
10/1/90,03,09,11,12,28,29,33,41,45,47,50,53,54,70,73,75,77,78,79,80
9/30/90,02,14,15,17,18,19,21,30,31,44,45,54,59,60,61,63,64,72,76,78
9/29/90,05,09,16,18,19,22,27,31,42,44,45,48,58,63,64,65,70,75,77,79
9/28/90,06,07,09,29,30,32,35,37,48,49,50,53,55,57,67,68,70,72,74,80
9/27/90,05,09,11,12,14,18,26,32,36,37,39,42,48,49,54,61,67,68,73,80
9/26/90,07,08,09,12,13,22,23,24,38,39,40,42,51,55,56,59,60,64,66,72
9/25/90,01,10,12,13,15,16,17,27,32,33,36,43,51,54,56,59,62,66,70,76
9/24/90,01,09,21,22,23,25,31,32,44,46,48,54,55,57,58,62,66,70,74,79
9/23/90,15,18,20,22,25,27,28,31,43,46,50,52,56,58,60,61,68,73,76,78
9/22/90,07,14,18,19,21,30,31,32,36,46,52,56,58,66,68,71,74,75,76,78
9/21/90,06,07,10,11,13,22,25,28,31,38,39,40,41,49,56,58,60,69,70,75
9/20/90,08,10,15,24,25,26,34,38,39,40,43,44,45,50,56,59,60,65,78,80
9/19/90,05,12,17,21,23,32,33,40,44,46,52,54,55,56,57,62,66,67,69,72
9/18/90,06,07,16,19,20,26,29,31,32,33,34,35,43,48,56,64,65,67,73,76
9/17/90,02,05,06,20,23,25,28,30,31,49,50,51,58,61,62,68,72,73,76,79
9/16/90,01,03,04,16,19,21,27,38,41,46,47,49,52,59,60,61,72,74,76,77
9/15/90,06,07,08,11,21,23,24,29,31,32,37,43,44,52,58,59,61,66,77,79
9/14/90,04,06,12,19,22,24,28,34,38,39,42,46,48,52,53,54,64,65,66,77
9/13/90,01,02,06,17,26,27,30,31,39,42,49,51,55,59,60,61,63,68,72,77
9/12/90,02,07,11,14,15,17,24,26,28,33,36,41,43,47,50,53,64,65,67,74
9/11/90,01,02,04,05,07,10,20,22,28,35,39,42,50,55,56,58,68,71,74,78
9/10/90,01,06,08,14,17,21,32,42,49,57,58,61,64,69,73,75,76,77,79,80
9/9/90,08,10,13,15,16,19,26,40,42,46,47,48,50,55,57,58,61,62,64,76
9/8/90,01,02,10,11,15,17,27,33,35,37,38,41,42,45,47,50,58,65,68,69
9/7/90,05,06,10,11,14,17,22,29,32,39,50,51,52,55,60,61,62,74,78,79
9/6/90,01,03,05,12,19,23,25,26,29,42,44,46,48,59,60,61,76,77,78,79
9/5/90,09,22,24,26,33,34,38,40,43,46,49,53,54,58,62,66,67,74,75,77
9/4/90,04,09,13,18,19,20,22,29,34,48,54,58,64,68,71,73,75,77,79,80
9/3/90,03,15,19,22,24,27,35,38,43,50,52,57,58,62,65,66,67,71,72,78
9/2/90,01,06,07,13,14,16,18,25,41,45,47,54,56,58,61,64,66,69,70,78
9/1/90,06,07,11,14,16,25,29,31,42,44,45,52,57,59,66,70,71,75,77,78
8/31/90,05,23,25,28,29,30,32,38,41,44,46,48,49,54,58,68,72,74,75,77
8/30/90,01,03,04,11,12,16,18,23,33,34,36,44,53,55,61,65,68,72,74,79
8/29/90,09,10,15,17,19,26,29,31,33,37,38,41,44,48,49,62,64,66,67,78
8/28/90,07,08,17,18,20,25,27,28,29,30,34,39,40,41,48,50,57,66,75,77
8/27/90,01,15,17,18,19,20,30,32,34,35,37,39,43,44,48,54,65,66,68,75
8/26/90,06,08,13,15,18,21,24,32,34,35,36,41,44,46,53,59,62,64,75,76
8/25/90,03,05,06,10,13,14,15,21,24,31,34,36,39,45,48,63,67,75,78,80
8/24/90,04,09,10,19,26,27,31,33,34,35,43,45,52,54,57,58,67,68,69,77
8/23/90,03,06,11,14,17,33,36,38,41,45,54,58,68,69,71,73,77,78,79,80
8/22/90,09,12,19,25,26,38,39,40,46,47,48,54,56,60,63,66,71,74,75,79
8/21/90,02,04,06,08,09,21,23,26,28,29,30,35,41,43,47,61,62,66,68,76
8/20/90,02,16,21,23,25,33,34,37,44,46,51,53,57,62,63,64,71,74,78,79
8/19/90,01,05,11,13,20,21,22,24,33,36,39,43,46,54,55,57,58,62,66,71
8/18/90,01,04,07,08,32,33,35,37,38,39,40,41,45,47,48,56,64,71,72,76
8/17/90,02,04,05,13,17,27,34,38,39,40,43,51,53,58,60,64,66,73,76,80
8/16/90,01,07,15,19,24,26,31,34,35,36,37,43,44,45,49,54,62,72,73,74
8/15/90,10,12,13,19,21,22,27,30,31,40,42,45,50,59,61,63,66,68,74,80
8/14/90,03,05,16,18,25,26,29,31,34,44,49,50,51,54,55,65,67,70,78,80
8/13/90,01,02,04,09,13,16,17,36,37,54,57,60,61,62,64,73,74,75,78,80
8/12/90,02,03,06,08,09,10,13,18,22,28,29,39,40,43,47,54,60,65,78,80
8/11/90,02,09,11,18,20,22,24,26,28,31,36,43,45,52,53,63,65,68,72,77
8/10/90,01,03,04,13,19,20,23,24,32,37,39,41,42,45,46,49,55,60,70,71
8/9/90,01,11,16,20,25,26,30,32,39,53,55,57,58,60,63,66,69,71,77,79
8/8/90,02,04,10,12,15,19,26,38,45,48,49,53,55,57,59,64,68,69,71,74
8/7/90,01,02,11,12,15,18,35,36,39,41,46,49,50,54,58,66,68,71,72,79
8/6/90,02,07,08,09,11,12,18,19,21,24,27,29,36,37,39,51,53,55,62,67
8/5/90,03,07,08,09,10,11,23,32,36,37,39,43,46,49,52,57,70,73,75,79
8/4/90,03,14,17,20,21,24,25,30,31,33,39,43,44,46,49,50,51,53,78,80
8/3/90,02,15,19,20,21,23,24,36,43,44,51,53,58,65,66,68,72,75,76,79
8/2/90,02,03,07,12,13,16,19,26,27,28,33,41,59,61,67,69,71,78,79,80
8/1/90,01,02,09,11,24,31,33,34,37,41,44,45,53,55,56,63,66,68,79,80
7/31/90,01,03,05,08,18,21,23,27,32,37,45,47,48,54,58,59,63,67,74,76
7/30/90,01,09,11,18,21,23,31,32,42,44,52,56,62,64,67,68,69,73,78,79
7/29/90,05,10,14,15,20,21,31,36,40,43,45,57,59,61,65,69,71,73,79,80
7/28/90,02,04,05,08,09,14,15,16,21,28,30,31,33,39,41,43,67,73,75,78
7/27/90,02,03,12,14,18,19,28,29,30,32,35,36,38,42,53,55,56,59,77,80
7/26/90,04,07,08,09,10,14,19,23,25,33,34,36,39,46,47,48,50,64,72,79
7/25/90,01,11,17,22,23,29,30,37,40,43,50,51,54,59,62,66,71,76,79,80
7/24/90,02,03,08,20,30,32,39,40,41,44,46,49,52,54,58,64,65,68,72,80
7/23/90,05,06,09,15,17,19,21,23,25,31,32,33,37,42,43,48,55,63,65,71
7/22/90,05,07,11,14,19,24,30,44,46,48,49,51,52,55,58,67,73,74,76,77
7/21/90,09,10,12,19,20,25,26,30,34,36,47,52,64,68,69,71,73,74,75,79
7/20/90,02,03,04,18,19,20,27,37,43,48,51,53,54,58,59,64,68,74,76,78
7/19/90,01,02,11,12,18,21,23,24,25,28,39,52,53,62,66,69,71,72,74,76
7/18/90,01,05,06,17,23,31,35,45,46,53,54,55,57,58,61,62,66,67,73,77
7/17/90,03,11,12,13,15,17,29,32,38,39,44,47,48,50,58,63,65,70,71,76
7/16/90,01,08,09,16,17,19,23,34,36,39,43,46,50,55,59,60,63,64,66,71
7/15/90,09,15,24,26,27,32,34,40,41,46,51,54,55,60,64,65,66,70,75,80
7/14/90,04,09,12,16,22,31,33,37,38,41,43,53,55,58,62,66,71,72,79,80
7/13/90,04,07,08,15,23,24,39,40,42,45,47,48,51,53,54,62,66,71,74,78
7/12/90,02,05,08,12,14,17,29,31,36,37,42,45,50,53,59,60,68,72,73,76
7/11/90,12,13,14,15,19,20,23,25,26,27,29,37,38,44,47,48,59,65,67,71
7/10/90,04,07,08,09,11,19,20,23,26,31,34,35,51,52,59,63,66,67,68,71
7/9/90,02,11,13,24,29,31,34,42,44,46,47,58,60,62,63,66,70,74,75,76
7/8/90,01,03,04,05,11,16,17,19,27,31,36,38,43,46,51,52,58,63,74,79
7/7/90,03,08,14,15,18,24,31,33,34,38,41,46,47,50,53,58,61,62,65,67
7/6/90,02,03,08,14,15,21,28,33,35,36,38,39,40,47,48,54,55,61,69,73
7/5/90,02,03,11,16,20,23,26,33,34,41,42,47,50,55,56,59,70,71,73,79
7/4/90,02,05,06,09,13,16,17,20,29,32,40,44,49,52,59,61,62,69,74,78
7/3/90,01,08,15,24,27,35,36,37,38,39,50,51,54,55,56,57,61,63,69,77
7/2/90,01,04,06,09,11,14,16,19,21,22,24,28,30,31,37,45,55,56,59,60
7/1/90,05,09,11,24,25,33,34,38,41,47,49,54,57,60,65,66,73,75,78,79
6/30/90,07,19,24,34,35,38,39,40,42,43,44,45,47,48,58,65,68,69,71,73
6/29/90,06,10,12,17,18,19,20,21,27,30,32,39,40,48,50,55,56,59,68,74
6/28/90,06,07,09,12,15,19,26,31,33,34,37,44,45,60,62,64,65,67,69,74
6/27/90,02,03,07,21,25,26,27,28,30,31,32,33,35,39,40,58,60,61,74,80
6/26/90,01,08,14,16,17,19,28,33,34,41,48,49,50,54,55,59,62,70,72,79
6/25/90,05,07,10,12,13,14,24,28,29,30,31,33,36,37,38,41,55,64,65,69
6/24/90,02,04,10,19,20,21,22,27,29,38,54,58,66,68,71,72,74,75,76,79
6/23/90,01,03,12,14,15,17,18,24,25,32,36,42,43,44,49,58,61,74,76,80
6/22/90,06,07,16,18,20,24,31,35,45,47,48,51,55,60,64,67,75,76,77,79
6/21/90,01,16,17,18,22,30,31,38,47,49,51,59,62,63,64,65,69,70,72,77
6/20/90,06,18,29,32,34,37,39,42,44,45,52,53,54,58,61,65,67,69,72,73
6/19/90,07,08,11,12,15,17,18,19,24,25,28,32,38,49,57,58,65,70,73,77
6/18/90,04,06,09,12,19,24,25,26,28,30,37,38,42,45,46,49,57,67,74,76
6/17/90,08,13,16,22,23,26,34,38,40,49,54,61,65,67,68,69,70,72,73,76
6/16/90,02,05,08,12,16,22,23,41,42,43,44,47,50,52,60,62,63,71,78,79
6/15/90,06,09,12,13,18,20,24,30,31,45,49,53,54,55,56,58,61,76,78,80
6/14/90,02,04,13,15,22,27,32,36,43,51,54,55,56,58,63,64,68,69,76,79
6/13/90,06,10,12,13,16,21,33,40,41,43,58,59,61,62,63,68,70,71,75,78
6/12/90,02,07,14,18,19,26,32,34,39,47,50,51,52,54,55,56,57,63,65,70
6/11/90,01,02,03,07,09,10,14,16,24,32,36,43,46,47,56,65,69,71,74,78
6/10/90,05,09,12,15,18,20,29,30,34,35,39,41,43,53,59,62,67,69,72,79
6/9/90,05,22,25,29,31,33,34,37,38,39,41,43,44,46,50,54,56,57,66,78
6/8/90,01,11,15,20,29,30,33,34,37,39,47,49,54,65,70,72,74,75,78,79
6/7/90,08,11,16,27,28,29,33,37,40,42,43,44,45,60,62,65,68,75,78,80
6/6/90,02,03,05,07,08,15,21,23,38,42,46,49,61,64,67,68,69,76,79,80
6/5/90,03,06,10,21,24,28,29,30,33,43,46,55,58,60,69,72,73,74,76,77
6/4/90,05,10,13,15,17,23,24,28,29,31,33,37,41,49,53,60,68,76,77,78
6/3/90,07,15,20,22,27,30,43,46,51,54,55,63,68,71,73,74,76,77,79,80
6/2/90,01,04,05,22,25,28,31,34,37,38,45,49,52,54,56,57,60,65,68,69
6/1/90,01,05,10,21,35,36,38,39,43,55,57,59,60,61,64,65,67,68,70,75
5/31/90,02,07,08,11,12,15,23,37,41,44,49,50,55,58,69,71,75,76,77,80
5/30/90,03,08,11,13,18,24,25,33,34,36,40,48,53,63,64,67,68,71,75,78
5/29/90,01,02,05,08,09,15,23,25,32,34,35,37,44,45,49,55,56,60,72,77
5/28/90,04,09,10,13,15,24,32,34,36,37,43,51,54,55,57,59,63,71,75,79
5/27/90,03,06,09,15,18,22,24,28,33,37,42,48,58,62,63,64,70,75,77,80
5/26/90,01,03,06,15,17,19,25,31,33,38,41,42,45,53,56,66,67,68,75,76
5/25/90,04,05,06,07,12,15,18,25,30,34,39,41,49,52,55,56,57,60,62,77
5/24/90,01,07,17,20,23,32,33,36,37,41,48,52,53,55,58,67,68,73,74,78
5/23/90,02,03,08,21,23,24,26,33,34,35,37,45,51,54,61,62,65,69,72,75
5/22/90,02,03,04,14,18,24,25,27,32,34,36,39,52,55,59,67,70,74,79,80
5/21/90,06,07,22,29,30,33,36,37,38,47,50,51,52,58,61,63,71,72,74,80
5/20/90,01,06,14,15,18,25,26,33,34,37,38,40,47,50,53,54,66,68,71,80
5/19/90,02,05,07,20,25,26,31,35,36,39,46,48,51,54,55,62,64,72,73,77
5/18/90,07,16,18,21,22,24,33,35,41,45,47,52,59,61,63,70,72,73,75,79
5/17/90,15,17,18,19,29,30,32,40,42,43,46,50,55,61,62,69,70,71,76,79
5/16/90,03,05,19,22,25,27,28,30,31,32,37,46,53,54,55,60,61,63,65,79
5/15/90,07,08,15,17,18,21,22,23,26,27,28,41,42,43,50,52,70,72,76,78
5/14/90,03,04,11,13,36,42,45,46,49,50,51,53,55,59,65,68,71,72,73,80
5/13/90,02,07,10,12,13,23,25,31,36,42,43,52,54,55,64,65,71,72,77,79
5/12/90,04,05,13,16,18,19,27,29,32,35,39,44,46,50,52,57,70,71,76,79
5/11/90,01,04,09,12,16,20,25,29,30,33,34,35,40,42,44,58,64,65,66,71
5/10/90,02,05,14,15,19,27,37,38,40,41,42,50,51,53,54,55,66,68,70,75
5/9/90,01,08,09,15,16,25,38,41,44,45,52,53,56,59,60,61,69,70,73,76
5/8/90,01,04,08,10,12,19,21,24,31,34,38,43,44,45,48,57,60,72,78,80
5/7/90,02,04,05,11,15,16,18,27,36,41,44,50,53,56,57,61,72,74,76,78
5/6/90,04,07,12,18,22,23,26,30,33,34,37,38,40,42,53,55,64,65,74,76
5/5/90,01,09,10,13,16,18,24,27,31,33,41,48,56,57,59,61,69,74,76,78
5/4/90,03,07,15,16,18,21,22,24,25,29,35,38,39,43,61,64,65,67,70,80
5/3/90,08,09,10,11,12,14,15,26,27,28,29,30,31,34,39,48,53,57,70,74
5/2/90,01,03,15,18,22,23,26,28,31,39,42,45,46,52,59,63,67,70,71,79
5/1/90,02,10,12,21,25,26,28,31,35,36,37,39,40,51,55,61,64,68,70,74
4/30/90,08,14,20,21,24,29,30,32,34,41,42,50,53,56,63,64,68,70,78,80
4/29/90,06,09,13,23,26,29,31,40,51,54,55,57,60,64,65,67,70,75,76,80
4/28/90,16,17,21,22,24,29,37,40,41,42,46,52,53,57,62,63,66,72,79,80
4/27/90,03,19,21,22,27,30,32,33,38,39,41,46,47,48,53,59,66,70,71,79
4/26/90,02,11,12,27,28,35,40,41,51,53,54,60,61,66,67,71,72,75,76,77
4/25/90,04,05,10,14,18,19,20,24,26,27,44,50,59,60,62,64,67,72,75,78
4/24/90,04,07,12,14,25,28,30,34,35,37,38,44,46,50,51,56,61,74,77,78
4/23/90,02,03,04,13,14,16,18,30,31,36,37,41,42,48,50,51,54,55,59,80
4/22/90,01,08,09,11,14,20,35,37,40,42,47,49,56,57,59,61,66,67,69,71
4/21/90,01,08,09,11,18,25,26,36,38,39,41,42,46,50,51,64,67,72,78,80
4/20/90,13,16,18,21,23,24,25,27,29,33,39,42,44,51,53,55,62,66,67,78
4/19/90,13,18,21,24,34,39,40,41,42,43,46,47,49,50,52,53,57,60,68,74
4/18/90,02,03,04,06,09,17,19,21,25,35,36,44,49,53,62,63,65,68,76,78
4/17/90,01,05,07,08,12,14,21,25,29,38,45,49,50,58,61,62,66,68,77,80
4/16/90,04,06,07,09,14,15,18,19,23,31,34,36,47,53,54,58,59,63,65,67
4/15/90,08,13,17,19,20,29,34,42,44,45,48,50,52,53,58,60,63,69,77,80
4/14/90,02,03,04,06,07,11,16,18,20,21,28,30,39,49,56,61,63,68,70,80
4/13/90,04,16,18,20,23,26,27,30,33,39,45,51,58,61,62,63,75,76,78,79
4/12/90,03,07,17,19,21,22,26,28,29,30,33,39,45,50,52,53,60,65,67,69
4/11/90,04,09,15,19,21,23,24,25,31,32,34,44,49,53,55,57,64,65,68,75
4/10/90,02,03,07,08,09,15,19,25,27,33,35,36,49,52,61,64,68,69,75,80
4/9/90,03,04,08,11,13,16,19,25,33,34,40,47,55,64,65,68,70,72,76,79
4/8/90,06,09,13,18,22,24,27,29,32,33,37,43,44,46,53,54,55,64,65,66
4/7/90,07,12,14,18,19,20,21,29,30,37,38,44,45,50,52,58,65,68,69,73
4/6/90,01,02,03,06,15,20,23,31,37,38,40,45,46,55,62,67,68,75,76,80
4/5/90,03,08,11,12,19,21,23,24,27,32,38,44,54,58,62,64,67,69,75,77
4/4/90,03,05,08,09,10,16,17,20,29,32,34,40,46,48,51,55,62,66,72,79
4/3/90,02,06,10,13,14,16,17,25,40,47,48,51,52,54,58,61,67,72,74,79
4/2/90,04,06,14,15,17,26,27,29,31,34,35,49,56,58,63,67,71,74,75,80
4/1/90,05,08,14,16,19,20,27,30,33,34,36,40,49,50,52,54,55,56,75,76
3/31/90,04,05,09,13,14,17,23,38,40,41,45,46,56,57,59,61,73,74,76,79
3/30/90,03,04,05,06,19,23,35,42,44,45,53,56,60,64,65,67,68,69,72,76
3/29/90,03,09,18,19,24,26,37,41,47,48,50,54,55,56,64,65,66,71,74,75
3/28/90,12,15,17,23,27,28,33,41,43,44,47,48,50,55,57,61,62,63,67,68
3/27/90,06,09,10,16,25,29,32,34,36,38,40,41,43,44,51,54,59,62,78,79
3/26/90,03,14,23,29,31,35,36,37,38,43,46,51,52,57,59,64,65,69,70,75
3/25/90,07,13,19,20,26,27,36,37,41,44,45,47,51,55,57,60,62,71,75,79
3/24/90,07,08,09,15,17,18,21,34,41,44,50,53,55,65,69,70,76,77,78,80
3/23/90,07,10,16,17,23,24,36,37,41,43,45,47,49,50,60,64,66,67,78,79
3/22/90,07,08,09,21,22,25,26,38,43,45,46,48,50,53,57,60,62,63,66,70
3/21/90,02,03,10,11,15,19,30,36,40,42,51,52,59,60,63,64,69,74,76,80
3/20/90,06,08,12,13,28,30,32,33,48,52,53,60,61,62,66,69,72,74,76,80
3/19/90,01,06,07,12,18,22,24,34,37,39,42,45,48,54,55,56,63,71,73,75
3/18/90,01,02,04,06,17,19,22,28,29,36,37,39,41,49,52,59,62,64,65,66
3/17/90,01,08,10,16,17,19,22,36,38,46,56,57,58,60,61,64,66,68,77,78
3/16/90,04,10,11,22,23,25,35,38,39,42,43,44,45,47,55,56,61,63,73,76
3/15/90,01,02,15,24,25,26,27,30,36,37,39,43,45,48,50,62,63,64,69,75
3/14/90,01,13,14,17,20,30,32,39,40,41,43,49,56,57,61,63,70,72,74,80
3/13/90,05,26,28,29,36,38,40,41,45,46,47,55,56,57,63,64,67,70,74,75
3/12/90,17,20,21,26,28,35,40,41,47,50,53,54,61,63,65,71,73,74,77,80
3/11/90,01,14,16,21,29,30,32,37,41,42,46,48,54,56,58,65,67,75,76,77
3/10/90,13,20,21,22,23,25,32,33,37,39,40,42,46,48,57,59,61,76,77,79
3/9/90,04,10,12,14,20,24,29,37,38,39,41,45,49,50,52,58,59,63,67,71
3/8/90,02,04,06,16,29,35,37,39,42,46,53,57,61,62,65,68,69,71,73,80
3/7/90,02,03,06,11,14,15,26,27,30,34,39,45,50,53,66,69,72,75,76,79
3/6/90,05,06,17,20,24,30,35,36,38,40,42,45,49,54,57,58,59,60,73,76
3/5/90,04,05,07,08,14,15,21,27,29,35,39,41,45,48,66,68,70,74,75,77
3/4/90,01,10,14,19,22,24,26,34,36,39,48,52,55,57,66,70,71,75,76,80
3/3/90,03,07,08,09,15,17,20,21,24,31,38,41,56,58,61,63,65,68,72,79
3/2/90,03,08,11,12,13,17,20,26,27,43,45,46,58,66,69,71,72,73,75,78
3/1/90,01,02,03,06,11,12,19,23,25,41,42,44,46,49,59,64,72,75,78,80
2/28/90,02,05,11,14,21,24,25,27,36,38,41,47,60,61,63,74,75,76,77,79
2/27/90,01,07,08,11,15,16,23,26,30,31,35,42,45,46,54,55,57,58,62,73
2/26/90,11,14,15,16,20,25,27,29,35,38,39,45,46,48,63,64,69,74,75,76
2/25/90,15,20,23,24,25,27,31,32,43,48,52,54,55,61,62,66,67,70,72,77
2/24/90,01,05,08,13,14,17,18,20,21,22,25,46,51,54,55,61,63,66,69,76
2/23/90,01,11,12,14,23,28,31,33,35,36,40,41,46,50,57,60,61,73,75,79
2/22/90,10,16,23,24,29,31,33,34,40,49,51,56,64,70,71,73,74,76,77,79
2/21/90,02,13,14,28,40,41,42,43,47,52,55,56,61,64,66,69,70,73,74,75
2/20/90,01,04,08,09,14,16,24,25,26,29,34,42,63,69,70,71,74,77,79,80
2/19/90,01,03,06,11,21,22,25,29,35,41,45,47,56,58,62,67,69,72,74,77
2/18/90,05,06,08,11,13,15,24,25,29,33,40,48,51,57,59,60,71,76,77,79
2/17/90,01,03,04,06,09,18,21,23,26,30,31,33,41,42,56,59,68,71,77,79
2/16/90,03,04,09,10,11,22,24,31,38,46,47,50,52,53,54,55,60,62,65,78
2/15/90,01,08,10,15,18,21,23,28,33,38,39,42,49,51,55,61,62,71,77,80
2/14/90,06,11,13,20,21,27,30,31,39,41,43,45,50,51,54,62,67,72,73,74
2/13/90,05,06,07,13,18,20,25,26,29,48,49,52,54,57,58,65,67,68,71,76
2/12/90,02,06,08,15,19,20,23,28,30,33,35,44,47,48,50,51,52,62,74,77
2/11/90,09,12,13,14,16,22,23,24,29,37,42,49,51,52,53,55,57,64,69,73
2/10/90,04,05,06,20,21,25,26,28,32,33,36,42,43,46,48,53,66,73,75,76
2/9/90,02,05,10,18,19,21,32,33,35,37,42,43,47,53,55,57,60,63,64,79
2/8/90,03,07,09,10,12,17,19,20,25,29,30,33,34,36,42,56,60,62,69,77
2/7/90,08,15,16,23,26,28,32,38,42,56,58,62,63,70,71,72,75,76,79,80
2/6/90,02,06,08,11,16,19,21,23,26,27,29,31,37,43,50,62,70,74,77,79
2/5/90,03,05,07,10,15,24,27,32,37,39,40,44,46,47,58,62,66,68,69,78
2/4/90,02,04,06,12,14,20,21,25,29,33,39,47,56,61,66,67,72,73,78,79
2/3/90,07,08,09,30,32,33,35,37,40,41,44,49,50,53,57,60,62,63,65,76
2/2/90,01,04,06,08,10,15,21,27,30,32,34,39,45,48,49,53,62,64,73,80
2/1/90,04,05,08,13,21,26,28,33,35,36,37,42,44,47,58,65,67,71,72,74
1/31/90,07,09,14,16,20,22,24,28,32,34,38,39,43,44,58,61,63,67,68,74
1/30/90,03,08,17,18,20,29,32,33,34,38,40,41,55,56,62,65,66,70,71,76
1/29/90,04,13,14,15,18,32,34,39,41,43,45,50,53,64,66,70,71,75,78,80
1/28/90,02,06,14,23,30,33,36,38,40,41,59,60,61,64,72,75,77,78,79,80
1/27/90,04,06,24,27,31,35,36,38,43,49,56,62,63,65,67,68,71,73,76,77
1/26/90,02,04,06,10,14,15,18,41,43,47,49,54,55,56,57,63,69,73,77,79
1/25/90,02,06,12,15,23,36,37,38,41,43,47,55,57,60,61,71,74,76,77,79
1/24/90,01,03,05,09,13,22,25,26,28,33,37,38,41,43,51,57,58,62,67,71
1/23/90,02,04,07,12,13,15,16,20,21,24,30,39,40,44,45,46,51,61,64,73
1/22/90,02,04,08,16,17,20,25,33,36,45,46,48,50,52,55,58,62,69,79,80
1/21/90,01,02,03,04,08,15,30,31,35,43,45,47,48,51,59,64,71,76,79,80
1/20/90,05,18,20,23,32,34,36,38,40,43,48,50,51,54,56,63,64,73,75,78
1/19/90,06,10,11,12,14,25,39,40,41,42,43,53,58,63,64,65,66,67,74,76
1/18/90,09,16,19,26,32,33,35,37,41,42,43,45,47,48,54,56,60,69,73,75
1/17/90,03,05,14,26,28,29,34,36,44,45,46,47,56,58,60,61,67,70,71,75
1/16/90,06,08,11,14,16,21,26,46,48,49,50,52,53,54,58,61,67,69,74,75
1/15/90,05,12,13,14,15,25,30,32,34,40,42,58,60,62,63,65,70,72,74,80
1/14/90,05,06,07,08,09,12,13,14,18,25,32,34,36,48,52,54,57,58,73,79
1/13/90,07,14,21,22,24,25,26,29,43,45,53,54,55,56,58,60,62,65,68,75
1/12/90,04,05,07,08,15,17,21,22,26,28,31,35,36,39,42,44,56,61,65,73
1/11/90,05,14,15,16,18,19,21,22,26,35,42,49,54,55,58,59,63,66,76,79
1/10/90,01,06,08,14,23,24,26,27,30,35,39,44,52,55,61,65,66,72,73,76
1/9/90,01,03,07,09,14,18,20,28,29,40,41,48,56,60,65,66,72,76,78,80
1/8/90,01,05,07,09,12,16,18,24,27,30,38,41,45,60,62,63,67,69,74,77
1/7/90,03,10,19,25,28,29,35,50,54,56,58,61,63,69,73,74,76,77,79,80
1/6/90,04,05,20,26,28,29,32,34,36,40,48,49,53,56,62,63,64,69,72,74
1/5/90,05,06,09,12,18,20,21,36,43,47,50,53,54,57,64,65,68,72,75,79
1/4/90,01,02,03,04,13,19,23,31,34,39,41,43,47,58,62,65,69,72,75,78
1/3/90,01,05,10,11,20,21,22,23,25,27,29,30,34,39,46,54,60,65,74,79
1/2/90,08,09,17,18,19,20,30,31,34,42,44,47,51,54,63,64,69,70,71,72
1/1/90,06,09,17,21,31,35,36,40,42,45,50,52,59,67,68,69,74,77,78,79
12/31/89,02,07,08,16,19,21,23,24,37,51,52,57,59,61,64,68,69,70,72,74
12/30/89,01,08,13,14,20,26,33,34,39,45,46,49,57,65,66,70,71,72,74,78
12/29/89,01,03,05,07,09,11,18,19,28,29,31,32,37,40,41,51,56,61,73,78
12/28/89,05,12,16,18,19,26,39,42,46,50,51,56,58,59,63,66,68,72,75,80
12/27/89,08,10,13,14,15,18,26,27,30,32,33,34,35,42,46,52,56,62,64,72
12/26/89,02,20,23,24,28,29,30,36,39,41,45,47,58,59,60,70,73,75,77,78
12/24/89,02,04,11,12,16,18,20,24,32,33,36,43,54,61,62,63,73,74,77,80
12/23/89,01,05,06,19,21,22,26,27,28,32,35,40,45,46,50,51,57,59,61,63
12/22/89,04,10,11,15,17,18,19,20,25,27,28,31,35,46,47,48,55,57,66,74
12/21/89,01,09,14,25,26,33,38,39,41,46,47,51,52,57,66,71,72,75,77,78
12/20/89,17,21,23,24,27,32,34,36,37,44,46,55,58,59,61,63,66,74,79,80
12/19/89,01,10,14,15,16,21,27,31,38,40,43,51,56,57,60,64,67,68,70,78
12/18/89,06,07,10,14,21,22,25,28,30,31,33,43,44,45,48,54,65,67,72,79
12/17/89,09,10,13,17,19,22,31,34,36,37,44,53,57,62,63,64,66,69,73,77
12/16/89,02,08,10,16,18,19,20,21,26,28,31,35,39,40,48,60,64,65,73,78
12/15/89,01,06,07,09,16,28,30,31,34,38,43,48,49,52,53,54,66,67,72,78
12/14/89,01,03,09,11,16,17,19,23,25,30,31,34,37,45,48,52,54,57,58,76
12/13/89,07,09,12,15,18,22,35,39,41,44,46,48,51,52,55,57,59,67,78,80
12/12/89,04,05,11,17,18,20,25,26,27,33,34,35,41,43,46,47,52,57,70,77
12/11/89,03,07,08,09,10,11,14,23,26,28,35,36,42,46,48,55,56,68,74,78
12/10/89,03,05,06,09,11,17,20,21,25,33,35,39,42,43,44,52,57,59,62,71
12/9/89,08,12,19,24,26,29,32,43,49,52,54,55,57,59,60,65,68,69,72,76
12/8/89,03,08,17,25,27,31,32,34,38,39,42,45,49,55,56,67,69,75,76,78
12/7/89,07,08,10,14,15,24,25,29,30,33,34,35,37,40,60,64,66,70,73,75
12/6/89,10,11,15,22,23,25,27,35,37,40,42,43,45,47,57,59,60,64,73,74
12/5/89,04,05,09,16,23,28,30,36,38,41,42,45,48,54,59,65,68,69,71,72
12/4/89,06,15,18,23,25,30,32,34,36,38,39,44,47,56,57,58,65,68,71,72
12/3/89,01,04,15,25,30,35,40,43,44,48,49,52,57,58,60,63,64,67,71,80
12/2/89,01,11,15,21,24,25,27,31,35,42,45,48,57,60,64,65,67,72,73,79
12/1/89,01,03,05,06,15,17,19,32,37,38,39,41,42,48,52,54,56,64,66,76
11/30/89,10,16,18,29,38,39,44,45,47,48,52,62,63,68,69,71,73,75,78,79
11/29/89,06,12,14,18,24,26,27,28,48,49,53,55,57,61,69,71,73,75,77,78
11/28/89,02,03,05,11,12,24,26,28,29,32,36,42,44,51,52,53,59,68,71,77
11/27/89,02,04,09,16,17,20,21,24,25,35,36,39,44,58,64,65,67,68,69,76
11/26/89,01,03,04,05,20,32,34,42,50,51,52,54,56,58,63,66,73,75,77,78
11/25/89,02,03,06,08,09,15,20,21,25,34,38,41,50,51,59,60,63,67,70,79
11/24/89,03,07,17,25,27,32,35,36,37,38,40,43,45,54,59,64,66,68,69,74
11/23/89,02,05,10,11,13,15,20,21,26,30,31,32,58,59,62,67,69,71,76,79
11/22/89,14,16,17,20,21,25,30,37,40,50,52,54,55,58,61,63,72,73,77,80
11/21/89,01,02,08,11,12,13,17,21,24,27,35,38,43,52,53,56,62,64,66,79
11/20/89,02,14,15,16,23,24,31,38,39,43,44,48,50,53,54,56,59,60,77,79
11/19/89,01,02,04,06,11,13,16,19,33,36,37,39,42,46,54,60,67,68,70,76
11/18/89,06,08,18,24,26,31,37,39,43,50,51,52,54,60,62,64,69,73,74,79
11/17/89,03,06,09,11,14,16,17,27,28,40,44,50,51,52,53,60,61,71,73,79
11/16/89,01,02,09,11,12,13,38,39,42,43,47,50,51,54,61,62,71,73,77,79
11/15/89,04,05,09,10,23,24,26,30,31,38,40,53,58,59,61,62,67,74,76,77
11/14/89,04,06,09,10,12,13,16,28,31,38,39,40,41,51,56,58,75,77,79,80
11/13/89,01,04,11,12,13,16,19,20,21,26,30,46,47,50,52,54,58,68,74,77
11/12/89,02,03,08,10,13,19,20,22,24,27,28,42,47,48,55,61,63,69,74,80
11/11/89,06,10,15,17,18,27,41,45,48,52,54,55,57,58,63,66,71,73,76,77
11/10/89,03,10,18,22,25,27,28,29,30,31,32,52,55,56,58,59,60,62,68,73
11/9/89,04,06,15,18,19,20,22,24,25,30,38,40,42,43,48,50,64,71,72,79
11/8/89,18,19,20,23,28,33,37,43,45,48,52,58,59,60,61,63,66,69,72,79
11/7/89,09,16,18,29,30,31,35,41,44,47,50,51,58,60,64,65,71,74,79,80
11/6/89,01,03,06,08,10,13,14,15,32,37,39,43,47,48,51,57,61,72,74,76
11/5/89,03,06,09,12,16,25,30,36,41,48,49,55,59,66,70,71,73,75,77,78
11/4/89,01,09,11,12,19,24,26,29,32,33,35,37,38,40,41,45,60,73,74,79
11/3/89,02,09,10,14,16,19,21,27,32,41,45,47,53,54,57,62,63,64,77,79
11/2/89,01,09,10,18,19,21,33,40,52,54,57,64,68,70,72,74,76,77,79,80
11/1/89,03,04,06,07,09,12,14,16,18,24,29,31,33,38,39,43,47,65,72,73
10/31/89,06,13,17,22,26,28,31,33,34,36,37,42,47,49,50,52,53,67,72,77
10/30/89,02,03,14,25,34,35,38,39,40,44,48,49,53,58,64,65,67,73,74,79
10/29/89,03,05,06,13,15,21,24,26,28,30,43,44,45,47,50,53,62,69,76,77
10/28/89,03,05,08,10,16,17,19,20,26,33,34,36,39,44,49,57,60,71,75,78
10/27/89,07,08,14,17,18,19,20,23,29,32,36,37,45,51,59,63,65,70,77,80
10/26/89,02,12,16,22,24,26,39,40,44,46,47,48,55,60,66,67,72,78,79,80
10/25/89,02,15,21,25,28,30,33,38,40,43,46,61,65,66,67,70,73,74,76,80
10/24/89,02,03,08,21,27,29,30,36,39,48,49,51,59,61,62,64,66,67,68,70
10/23/89,03,07,11,13,16,21,24,25,33,45,50,51,53,55,57,60,62,63,66,72
10/22/89,06,07,10,15,29,30,31,35,40,46,49,56,58,61,73,75,76,77,78,80
10/21/89,03,04,12,13,14,23,28,32,34,36,50,51,56,63,64,67,68,69,70,76
10/20/89,07,08,11,19,28,29,34,44,46,48,50,57,63,65,67,68,73,76,77,80
10/19/89,11,16,20,29,30,32,36,39,43,50,52,57,63,65,66,70,72,73,74,76
10/18/89,09,12,13,16,19,20,23,24,33,36,45,52,63,64,67,68,70,77,78,79
10/17/89,08,13,15,16,19,27,31,32,35,42,43,45,48,55,61,66,69,72,77,79
10/16/89,03,06,07,09,13,15,21,23,35,44,46,49,50,53,55,58,60,65,72,79
10/15/89,02,08,10,15,26,28,35,36,39,40,42,45,51,58,59,61,65,66,73,79
10/14/89,02,04,08,15,17,23,26,33,35,36,37,38,43,46,48,65,70,73,78,79
10/13/89,01,02,11,16,19,20,38,41,42,44,47,51,59,60,63,65,67,71,75,80
10/12/89,03,05,11,14,17,19,25,29,30,34,36,37,38,41,43,67,71,72,78,79
10/11/89,02,08,14,16,20,22,25,32,34,40,42,51,53,56,58,59,62,70,74,80
10/10/89,06,15,17,21,24,27,32,37,41,44,46,52,54,59,61,65,66,69,77,78
10/9/89,04,06,14,16,17,24,26,27,30,33,34,37,42,50,51,57,60,68,70,74
10/8/89,02,03,05,24,32,35,37,51,52,54,56,59,60,68,69,71,73,76,78,80
10/7/89,02,04,06,11,15,17,18,19,20,34,35,36,37,45,48,57,74,75,76,77
10/6/89,05,13,17,19,21,24,25,36,39,42,44,49,50,51,53,65,73,74,76,78
10/5/89,01,07,12,16,19,25,29,34,38,40,45,47,50,53,60,62,66,71,72,74
10/4/89,01,02,04,10,12,18,19,20,24,30,37,42,44,51,58,61,63,65,69,79
10/3/89,15,17,25,31,33,44,45,46,49,51,55,56,57,59,60,72,75,76,78,80
10/2/89,02,03,05,06,11,13,14,15,16,19,25,37,43,50,54,55,56,64,65,80
10/1/89,03,05,06,08,20,26,28,31,35,41,44,47,48,52,53,64,66,69,72,78
9/30/89,06,13,17,20,26,30,39,42,43,48,51,53,54,57,58,61,63,72,73,77
9/29/89,06,10,12,14,15,19,25,32,41,42,44,48,51,54,56,63,68,70,74,78
9/28/89,04,05,06,08,11,21,22,27,37,43,47,49,51,53,54,60,61,69,72,74
9/27/89,02,05,10,17,20,22,33,36,41,47,49,50,53,65,67,69,73,74,77,80
9/26/89,04,06,10,11,23,29,32,35,38,43,46,47,51,53,54,55,64,66,70,77
9/25/89,12,13,14,24,29,30,35,40,45,47,49,51,56,58,63,65,66,71,73,76
9/24/89,02,14,15,17,18,20,24,27,29,35,40,42,43,45,51,52,54,57,60,63
9/23/89,04,12,13,19,26,28,29,32,33,42,43,46,52,55,61,63,65,69,73,80
9/22/89,02,10,12,19,20,21,22,24,25,27,34,36,38,44,46,52,53,65,67,77
9/21/89,01,03,04,05,08,09,12,15,19,22,24,26,28,38,42,43,53,61,68,79
9/20/89,03,04,05,10,18,19,20,25,42,46,47,50,51,60,68,70,71,72,74,75
9/19/89,01,05,09,10,13,18,20,21,27,30,32,37,38,39,42,51,55,62,76,79
9/18/89,01,10,17,30,33,37,38,40,44,46,54,56,57,59,63,64,67,68,78,80
9/17/89,07,08,16,20,22,23,26,28,30,31,38,42,47,52,60,62,71,73,76,77
9/16/89,02,04,09,11,13,14,20,26,29,33,34,39,46,48,51,55,56,59,61,73
9/15/89,01,02,19,20,22,30,31,33,45,46,47,49,52,57,60,61,62,65,67,77
9/14/89,08,09,11,13,15,19,25,31,35,36,38,45,47,48,61,64,67,70,71,78
9/13/89,01,02,06,10,16,19,24,25,28,29,30,32,35,36,41,46,50,54,63,65
9/12/89,03,05,09,14,20,36,40,44,47,50,51,57,58,59,61,63,64,71,72,80
9/11/89,01,06,07,15,16,17,21,29,30,35,42,45,55,63,64,66,67,68,78,80
9/10/89,01,06,09,11,17,23,27,30,31,35,37,41,56,62,64,67,70,74,75,76
9/9/89,05,07,08,09,10,13,25,29,34,37,40,41,44,51,57,62,68,69,75,79
9/8/89,01,02,03,06,12,14,20,22,28,40,45,46,55,58,59,60,62,70,79,80
9/7/89,03,04,05,11,17,19,27,28,30,32,33,39,43,45,63,67,68,71,75,79
9/6/89,09,11,17,18,19,21,22,25,28,36,37,42,45,48,51,54,64,65,74,80
9/5/89,01,02,07,17,18,21,23,27,29,30,35,41,44,45,46,54,64,71,72,77
9/4/89,02,22,24,29,34,38,42,43,45,46,48,49,51,58,61,65,66,68,69,71
9/3/89,07,09,14,15,17,18,19,23,34,37,40,43,54,62,66,68,72,73,77,80
9/2/89,02,06,10,12,13,14,15,16,17,20,35,48,51,54,59,71,75,77,78,80
9/1/89,01,03,14,22,26,29,30,33,35,37,38,43,45,53,56,60,62,64,68,75
8/31/89,02,05,06,07,11,20,27,38,39,40,41,44,51,61,66,67,68,72,77,78
8/30/89,02,05,06,07,14,16,19,25,30,33,49,52,54,57,59,63,64,72,76,78
8/29/89,04,05,06,07,08,13,15,17,21,37,38,41,49,64,65,70,71,74,76,80
8/28/89,03,10,18,24,25,26,27,29,32,37,39,43,51,56,58,59,64,65,75,79
8/27/89,04,10,13,14,17,19,22,27,29,32,38,40,50,51,57,60,63,68,77,79
8/26/89,08,26,27,32,35,36,38,40,46,48,55,56,59,63,65,66,67,68,71,79
8/25/89,05,06,07,08,10,13,24,30,32,34,40,42,48,51,61,64,71,72,78,80
8/24/89,02,03,11,12,15,16,17,23,24,31,42,53,54,57,58,61,68,69,77,78
8/23/89,02,03,04,07,08,10,15,24,32,43,46,50,51,52,53,54,66,69,70,78
8/22/89,06,08,14,16,19,28,29,34,35,37,41,47,51,58,62,65,67,68,71,75
8/21/89,07,14,28,30,39,41,44,47,49,51,53,56,58,59,62,63,65,69,77,78
8/20/89,05,06,12,15,16,18,21,23,37,38,39,40,46,58,62,70,71,73,75,76
8/19/89,02,03,04,11,19,20,25,29,41,42,45,48,49,53,57,58,65,71,72,79
8/18/89,02,09,10,11,12,15,19,20,24,26,28,37,47,56,58,59,64,74,75,78
8/17/89,01,06,07,10,12,20,24,27,31,32,35,37,42,59,60,62,63,64,68,69
8/16/89,05,10,11,21,25,27,30,33,35,36,40,43,44,46,57,60,64,72,73,76
8/15/89,01,04,15,21,26,28,32,42,43,45,51,54,56,57,60,61,64,74,77,79
8/14/89,04,05,11,12,18,22,24,27,40,43,44,47,57,59,61,63,68,70,78,80
8/13/89,01,05,09,13,19,25,26,27,32,36,37,40,41,52,53,64,71,76,78,79
8/12/89,02,03,05,12,16,17,22,32,39,42,51,58,59,61,65,68,72,73,76,80
8/11/89,01,10,15,16,17,20,21,23,33,34,36,38,41,47,56,58,61,63,75,80
8/10/89,01,03,04,09,11,12,23,28,37,40,41,44,51,54,55,56,65,66,68,77
8/9/89,01,02,08,18,25,29,31,33,34,39,40,45,48,54,62,63,65,73,75,78
8/8/89,06,10,11,15,17,22,32,41,42,43,44,56,58,61,71,72,73,75,77,80
8/7/89,03,04,05,14,17,22,24,27,28,32,37,45,48,54,56,57,70,74,78,80
8/6/89,06,14,15,16,22,23,36,38,42,44,51,52,56,57,60,65,72,73,74,79
8/5/89,02,05,07,10,11,14,15,16,17,18,20,26,31,35,37,59,62,65,69,72
8/4/89,02,06,23,27,28,31,32,33,34,37,41,42,43,47,53,56,57,60,67,79
8/3/89,02,03,05,09,10,13,15,18,30,37,45,47,54,55,58,65,69,70,72,76
8/2/89,02,03,05,08,12,17,19,27,38,45,49,57,59,62,63,66,69,70,71,80
8/1/89,01,04,06,12,19,23,29,34,36,37,45,49,55,59,63,66,75,76,77,79
7/31/89,06,17,18,19,22,34,35,37,39,41,50,54,63,65,66,72,75,78,79,80
7/30/89,02,06,08,11,14,19,30,32,35,40,48,53,54,60,61,64,66,67,72,80
7/29/89,01,06,12,14,15,24,30,35,38,46,47,50,54,61,62,66,67,69,73,77
7/28/89,04,11,17,20,21,22,34,36,37,39,40,41,48,60,63,66,68,72,73,78
7/27/89,01,03,04,13,15,23,24,28,29,34,36,38,43,47,60,61,62,67,72,77
7/26/89,01,04,05,17,20,26,30,35,36,40,46,49,57,60,62,63,70,71,73,74
7/25/89,01,04,07,10,16,25,34,41,42,43,44,53,56,65,66,67,73,76,78,79
7/24/89,04,06,07,13,17,18,25,26,28,40,41,48,56,65,66,70,72,74,78,79
7/23/89,01,04,16,19,24,26,28,32,37,41,53,54,56,59,61,63,64,71,76,80
7/22/89,01,03,04,19,27,31,35,37,43,45,49,50,54,55,58,62,64,66,69,75
7/21/89,01,03,11,14,16,19,22,26,31,41,45,54,55,59,63,73,75,77,78,79
7/20/89,01,02,04,11,15,18,19,21,31,32,35,41,45,50,54,56,63,69,72,73
7/19/89,01,03,05,07,08,10,14,21,31,32,35,39,43,47,56,59,62,64,65,69
7/18/89,02,06,08,13,14,20,29,37,44,51,55,57,58,67,68,69,72,74,79,80
7/17/89,07,09,11,15,16,18,20,24,25,26,27,29,31,32,56,61,62,68,71,72
7/16/89,01,03,10,13,14,16,18,19,24,26,32,34,38,40,57,64,66,72,74,76
7/15/89,02,09,10,14,15,20,26,30,32,38,49,52,53,57,60,61,62,67,68,71
7/14/89,07,12,14,16,17,29,30,33,37,45,47,48,54,58,61,63,68,70,71,77
7/13/89,01,02,03,07,11,13,17,21,26,28,30,33,42,45,55,64,65,75,78,79
7/12/89,01,04,10,13,16,18,19,24,26,31,33,41,48,50,53,57,60,64,66,76
7/11/89,02,03,04,09,22,25,26,27,29,36,37,43,48,49,50,53,56,63,65,68
7/10/89,09,15,16,17,22,24,26,28,30,37,38,39,40,48,50,53,59,61,68,73
7/9/89,01,04,05,11,14,22,24,25,26,27,35,42,43,44,47,49,55,68,73,78
7/8/89,01,03,06,15,16,17,20,22,27,29,31,32,37,55,67,68,70,76,78,80
7/7/89,01,04,09,16,20,22,26,33,46,52,54,56,61,63,64,66,71,73,74,76
7/6/89,09,12,16,24,28,29,31,35,45,47,48,49,50,52,53,55,68,69,77,80
7/5/89,02,07,11,12,13,14,16,18,19,22,32,37,39,44,46,47,52,53,54,59
7/4/89,02,05,10,16,19,21,26,34,36,39,40,51,52,54,58,62,67,70,72,79
7/3/89,04,06,10,13,15,22,24,25,32,35,43,44,45,46,47,48,53,55,66,67
7/2/89,01,08,13,27,29,32,34,43,46,50,52,54,56,59,66,69,70,75,79,80
7/1/89,07,08,12,13,14,16,19,21,26,37,41,47,48,53,55,58,63,67,73,78
6/30/89,04,05,08,14,15,17,19,23,27,30,32,42,43,47,48,54,68,69,73,77
6/29/89,17,18,20,35,36,38,40,42,43,44,48,53,62,64,66,67,68,75,77,80
6/28/89,02,04,18,19,24,33,37,41,42,45,48,52,54,58,63,64,65,70,71,76
6/27/89,01,08,09,13,17,18,24,27,28,31,32,37,38,51,53,54,64,71,72,77
6/26/89,03,13,14,21,22,26,31,33,34,39,44,47,50,54,55,62,65,71,73,77
6/25/89,13,26,28,29,32,33,34,37,38,43,44,47,51,59,65,67,72,73,74,76
6/24/89,01,03,11,12,22,26,27,31,42,43,44,45,51,61,62,71,73,74,77,79
6/23/89,03,05,06,07,09,16,28,38,39,40,41,51,56,59,61,65,67,69,70,72
6/22/89,01,02,06,07,16,17,18,19,21,24,27,30,37,45,61,62,69,70,75,76
6/21/89,06,25,26,27,35,36,40,43,44,46,53,54,58,61,63,70,71,76,78,79
6/20/89,04,06,10,12,16,17,25,38,45,49,51,52,55,59,62,71,72,75,76,80
6/19/89,05,12,14,18,21,29,30,31,32,45,53,56,63,68,71,73,74,76,78,79
6/18/89,07,09,14,24,28,32,38,41,42,43,45,46,49,53,54,60,64,73,74,78
6/17/89,01,07,10,14,15,20,21,22,31,36,47,51,57,59,60,64,66,70,72,75
6/16/89,01,02,08,13,20,23,24,27,28,29,35,37,41,45,46,52,59,61,63,78
6/15/89,03,05,07,09,17,24,29,32,42,51,55,58,59,60,61,62,64,67,76,80
6/14/89,05,09,11,12,24,40,41,43,46,51,54,60,68,71,74,76,77,78,79,80
6/13/89,02,03,04,05,07,09,10,12,13,25,36,49,51,52,64,66,72,78,79,80
6/12/89,24,25,26,29,32,33,34,37,39,42,44,47,48,50,61,62,69,74,76,78
6/11/89,03,14,19,33,40,43,45,46,49,50,52,57,58,61,68,70,75,76,79,80
6/10/89,06,11,15,16,21,23,29,31,34,36,37,38,43,54,61,64,67,69,73,77
6/9/89,01,03,04,09,16,25,27,30,32,33,35,36,42,43,47,57,59,60,75,76
6/8/89,04,09,10,12,13,15,21,25,28,31,42,45,46,53,57,68,69,78,79,80
6/7/89,01,02,03,09,10,12,16,20,23,30,34,36,39,42,54,67,68,73,76,78
6/6/89,01,02,08,16,22,28,30,32,35,38,42,44,51,57,64,66,68,72,75,76
6/5/89,01,02,04,18,21,27,33,35,37,38,39,41,43,46,49,54,66,67,73,78
6/4/89,02,07,11,12,23,32,35,36,37,40,41,44,45,47,50,59,60,61,68,80
6/3/89,06,11,12,18,21,22,32,37,38,41,42,44,51,57,58,64,65,70,71,72
6/2/89,02,04,06,09,10,11,17,20,25,31,33,37,47,48,49,51,63,67,73,77
6/1/89,02,06,10,14,21,23,29,31,34,36,37,39,45,52,54,60,61,66,69,74
5/31/89,02,09,11,19,23,24,31,32,38,53,55,57,59,60,62,65,69,70,72,76
5/30/89,01,02,03,04,06,12,14,21,30,31,32,35,40,41,43,50,68,69,78,80
5/29/89,01,06,07,09,11,19,23,27,32,40,41,44,46,50,53,63,64,68,70,77
5/28/89,08,12,17,18,23,25,27,29,32,39,42,53,55,59,64,67,71,74,76,79
5/27/89,02,10,24,26,27,31,32,33,37,38,41,43,48,51,53,56,58,70,75,78
5/26/89,02,04,08,14,23,26,38,43,44,46,47,49,52,54,63,66,68,69,75,79
5/25/89,05,08,12,14,18,32,34,36,37,40,41,42,45,47,49,64,67,71,75,77
5/24/89,01,02,05,06,09,11,14,16,17,25,32,33,38,52,53,61,64,69,76,80
5/23/89,02,07,08,14,19,22,25,27,29,34,39,40,43,47,49,52,64,66,68,72
5/22/89,03,11,14,15,21,23,24,25,28,29,37,40,45,46,61,62,63,66,68,80
5/21/89,07,19,20,24,26,30,32,36,38,41,43,44,45,48,49,50,59,62,66,69
5/20/89,18,20,21,24,30,36,40,41,44,45,46,49,56,58,64,65,67,71,73,76
5/19/89,01,02,05,07,13,20,27,28,31,47,49,50,52,57,62,66,68,71,72,79
5/18/89,03,05,09,10,11,13,15,19,40,43,47,51,59,63,69,72,75,76,77,79
5/17/89,03,08,09,10,11,16,21,24,25,32,33,41,47,48,50,52,56,59,63,66
5/16/89,03,07,10,20,23,24,33,36,49,56,57,59,65,68,70,74,75,76,77,78
5/15/89,01,02,03,06,07,11,13,25,26,27,42,47,48,63,71,73,74,75,78,79
5/14/89,01,08,10,14,18,20,28,30,36,38,39,41,43,45,50,51,65,67,68,80
5/13/89,01,02,09,13,16,17,22,30,33,39,40,43,45,49,53,62,66,68,70,76
5/12/89,05,07,13,14,18,22,24,31,32,33,35,38,44,49,50,53,59,61,65,79
5/11/89,01,13,19,23,28,29,30,31,34,44,45,48,49,51,52,58,66,68,74,77
5/10/89,02,23,31,33,35,36,45,50,51,52,57,60,63,65,69,71,73,77,79,80
5/9/89,05,12,15,16,17,18,22,23,27,29,30,34,35,39,45,50,53,65,77,80
5/8/89,02,11,16,18,24,34,35,38,41,45,48,49,54,61,63,65,71,75,76,78
5/7/89,06,08,09,11,12,19,23,24,28,29,44,50,54,55,62,69,70,74,76,80
5/6/89,02,08,12,17,29,34,38,41,46,48,49,50,58,59,60,65,66,73,78,79
5/5/89,03,08,12,13,14,16,23,29,33,34,35,39,43,52,53,57,67,74,75,79
5/4/89,06,16,20,22,30,35,37,42,45,47,51,52,53,55,57,62,63,66,72,74
5/3/89,02,03,08,09,12,13,19,34,36,46,50,53,67,68,70,71,76,77,79,80
5/2/89,01,03,10,12,14,16,22,24,27,38,41,43,50,57,62,63,64,69,72,76
5/1/89,04,07,16,17,26,27,29,33,45,50,52,54,60,61,72,73,74,77,78,79
4/30/89,01,02,03,10,17,18,23,29,31,32,38,49,52,53,60,62,63,67,71,80
4/29/89,01,03,05,07,12,13,19,24,27,35,37,41,42,43,51,55,58,62,78,80
4/28/89,09,10,13,14,16,18,20,21,30,32,37,40,42,43,54,61,63,70,72,76
4/27/89,02,04,08,13,15,16,19,22,23,31,41,46,52,60,64,67,68,72,74,78
4/26/89,06,07,13,15,18,20,21,24,33,41,47,48,49,55,58,62,64,66,74,79
4/25/89,01,03,07,11,18,26,37,48,49,50,52,53,55,59,65,70,75,76,77,79
4/24/89,03,06,09,16,17,18,20,35,39,41,42,45,49,51,53,57,63,64,75,77
4/23/89,01,02,03,05,06,08,13,24,29,31,37,40,44,52,53,58,60,63,74,79
4/22/89,04,06,08,10,13,14,15,29,36,37,40,46,49,56,59,62,71,73,77,80
4/21/89,02,05,14,16,17,18,20,22,30,37,39,46,47,56,62,66,67,69,75,79
4/20/89,04,05,10,12,18,23,24,26,27,31,32,34,36,46,50,52,59,60,73,78
4/19/89,03,04,05,07,08,09,16,20,25,26,28,29,31,40,45,69,71,73,74,77
4/18/89,07,17,20,25,26,28,31,38,44,45,51,56,58,60,62,65,66,67,76,80
4/17/89,06,09,10,11,15,17,25,26,29,33,38,43,46,54,58,59,63,69,71,72
4/16/89,01,03,08,14,18,22,25,27,29,33,38,43,46,50,53,59,67,70,71,75
4/15/89,04,06,07,10,13,14,17,18,20,21,22,23,26,27,53,54,57,61,64,65
4/14/89,03,06,16,17,18,20,24,27,30,43,44,46,52,54,56,57,59,61,62,71
4/13/89,01,04,06,07,09,21,22,36,40,45,51,58,59,63,64,65,66,68,69,76
4/12/89,05,11,13,14,17,20,21,32,34,35,39,45,47,54,57,58,59,63,75,77
4/11/89,01,13,17,20,22,23,27,28,34,37,46,49,55,58,62,65,73,74,75,77
4/10/89,09,16,17,21,25,28,31,34,35,45,54,59,61,63,65,71,72,75,78,80
4/9/89,01,04,08,09,15,16,26,29,32,35,36,43,54,60,61,65,66,71,73,79
4/8/89,02,09,21,23,24,25,38,39,41,43,50,53,54,55,60,66,68,74,76,78
4/7/89,02,08,09,10,12,14,18,27,37,42,43,44,49,52,53,57,68,70,74,76
4/6/89,15,17,22,30,31,32,33,36,40,42,50,53,55,56,61,71,72,74,75,77
4/5/89,07,09,17,22,23,25,30,32,35,36,42,48,54,58,60,64,67,68,69,75
4/4/89,02,07,08,11,13,18,21,23,31,33,36,37,41,44,46,47,48,57,58,78
4/3/89,02,03,05,07,08,09,16,18,21,23,25,27,29,31,46,52,58,70,77,78
4/2/89,08,21,26,28,32,33,34,35,38,45,46,47,49,50,53,54,68,74,77,79
4/1/89,09,18,21,31,32,37,39,42,43,44,54,57,58,63,65,69,75,77,78,79
3/31/89,07,10,15,20,30,31,36,40,44,46,47,58,59,60,61,62,72,77,79,80
3/30/89,14,16,20,21,24,26,28,29,39,40,41,48,50,54,65,68,69,72,76,78
3/29/89,03,12,13,14,28,36,39,48,55,57,59,64,65,68,70,72,73,75,78,79
3/28/89,04,13,17,23,24,33,35,36,38,42,44,45,52,54,55,60,66,70,73,80
3/27/89,04,10,15,16,17,23,24,26,31,39,44,53,54,58,61,67,70,73,76,77
3/26/89,04,05,19,23,25,28,31,38,42,45,50,53,58,60,61,62,64,72,73,74
3/25/89,04,11,15,16,18,35,39,41,44,52,54,55,57,58,62,66,68,71,72,73
3/24/89,04,06,09,11,13,14,29,31,32,43,44,46,60,62,63,64,67,70,71,72
3/23/89,07,09,12,20,25,26,34,38,40,41,42,43,50,53,56,61,68,70,76,79
3/22/89,05,08,11,14,17,19,27,36,38,40,42,45,48,55,59,67,70,75,77,79
3/21/89,05,06,11,15,20,28,31,40,43,44,46,56,61,64,65,69,71,74,75,78
3/20/89,11,16,17,18,19,20,23,24,27,30,31,36,38,41,56,57,60,65,72,78
3/19/89,01,03,06,10,14,19,24,26,27,28,33,41,44,55,62,63,65,69,73,78
3/18/89,02,05,08,10,13,19,20,23,26,39,43,44,47,55,67,71,72,74,75,80
3/17/89,05,08,09,15,20,21,34,36,42,43,50,51,53,56,58,64,68,72,73,78
3/16/89,02,13,15,16,23,37,38,39,40,42,44,45,56,60,63,66,70,71,77,79
3/15/89,02,06,09,16,18,24,25,28,30,32,40,41,42,44,52,54,58,61,68,71
3/14/89,02,08,11,12,13,16,22,24,38,43,44,46,50,52,55,60,61,63,71,72
3/13/89,03,04,11,15,18,25,31,32,35,37,39,46,49,51,53,61,62,76,77,79
3/12/89,02,03,04,07,11,15,18,25,30,34,38,40,41,45,54,57,62,73,78,79
3/11/89,14,15,16,18,27,28,32,41,48,49,51,55,56,62,63,65,68,78,79,80
3/10/89,02,03,10,17,18,28,40,46,48,50,53,54,59,61,69,70,73,75,78,80
3/9/89,06,09,11,16,17,20,22,25,33,34,38,39,44,51,56,60,61,65,73,76
3/8/89,02,03,04,11,12,13,18,19,25,26,29,37,38,43,46,48,51,59,64,70
3/7/89,02,03,07,14,18,22,27,40,47,48,50,51,57,59,62,66,67,68,77,80
3/6/89,11,18,23,31,33,39,43,47,49,50,51,52,54,55,56,66,67,68,70,77
3/5/89,04,05,11,12,13,15,16,17,29,32,41,42,49,59,63,64,68,72,73,77
3/4/89,05,09,11,13,19,21,29,31,35,38,43,44,47,49,53,56,74,77,78,80
3/3/89,07,09,10,19,23,27,35,37,38,40,41,44,49,52,54,57,60,63,66,72
3/2/89,05,14,15,27,28,31,38,39,49,56,60,61,62,63,65,70,71,72,74,75
3/1/89,03,05,15,18,22,23,24,31,36,38,40,42,43,45,50,52,59,62,76,77
2/28/89,01,08,10,13,14,25,31,34,37,38,40,43,45,46,58,68,70,74,75,79
2/27/89,02,03,06,08,09,13,14,21,25,28,30,34,38,40,45,55,60,72,73,77
2/26/89,02,16,18,20,22,25,27,32,35,39,45,46,56,61,68,73,76,77,79,80
2/25/89,02,06,12,20,27,28,29,31,36,41,44,47,52,53,55,61,63,66,69,73
2/24/89,02,03,04,15,18,20,23,26,37,41,42,46,49,50,52,53,65,67,68,71
2/23/89,01,04,09,10,17,22,23,24,28,31,34,38,39,50,53,60,70,74,76,79
2/22/89,04,06,07,08,10,13,15,21,30,32,34,36,40,42,53,56,58,60,65,66
2/21/89,04,06,07,10,17,18,22,30,37,39,50,53,60,62,64,65,72,73,74,78
2/20/89,06,12,15,19,20,24,27,35,43,46,50,51,53,56,57,59,68,76,78,79
2/19/89,02,03,11,13,14,18,20,21,32,34,39,40,46,49,53,57,62,68,69,75
2/18/89,02,04,14,19,20,21,22,27,31,49,51,52,57,58,63,64,65,66,78,79
2/17/89,02,06,08,17,22,28,31,34,36,37,39,41,44,45,48,60,66,68,69,73
2/16/89,01,05,08,10,13,14,16,18,22,26,27,28,29,48,59,71,72,73,76,78
2/15/89,01,05,08,13,17,29,34,39,42,43,44,46,47,52,59,60,64,68,74,77
2/14/89,02,13,16,17,18,19,27,37,38,42,43,47,49,50,57,62,65,70,72,80
2/13/89,03,05,06,14,16,17,37,46,53,56,61,64,67,68,70,71,72,73,77,79
2/12/89,04,09,16,18,21,23,27,32,34,44,50,52,55,59,61,63,70,73,79,80
2/11/89,03,04,09,12,17,19,20,22,29,31,41,42,46,52,53,57,61,62,68,78
2/10/89,02,04,06,11,13,16,21,29,32,44,47,51,52,58,62,63,71,72,75,77
2/9/89,06,07,10,12,14,15,23,25,28,34,43,46,47,49,53,56,59,64,71,74
2/8/89,14,15,16,18,24,26,35,41,42,48,53,59,62,65,68,71,76,77,78,80
2/7/89,02,07,08,10,12,22,24,26,29,32,36,37,40,41,42,43,44,49,50,59
2/6/89,03,06,07,10,18,20,30,33,36,39,46,49,50,52,54,56,62,69,73,77
2/5/89,06,09,10,13,16,20,22,23,30,34,37,38,47,52,56,57,59,62,70,73
2/4/89,04,05,06,11,12,13,14,21,26,28,30,34,40,46,56,58,65,69,70,76
2/3/89,02,09,15,18,20,21,23,24,26,30,31,36,39,41,45,55,57,73,74,78
2/2/89,02,06,10,11,17,18,20,32,34,40,49,50,51,54,55,56,62,69,75,77
2/1/89,03,04,05,10,11,12,13,14,23,30,31,33,40,46,49,53,62,64,68,75
1/31/89,10,17,19,20,24,34,35,36,37,40,42,45,48,50,57,61,65,70,75,78
1/30/89,03,05,06,07,08,09,11,21,25,30,32,33,34,41,47,48,61,66,68,73
1/29/89,04,10,13,14,17,24,28,31,39,45,46,54,57,58,60,62,63,65,77,78
1/28/89,02,05,06,07,13,15,17,22,27,28,30,43,48,49,61,62,64,67,68,72
1/27/89,10,15,19,24,28,29,30,34,39,45,51,55,56,60,61,67,72,74,78,79
1/26/89,15,18,20,21,26,29,32,37,39,42,46,57,58,61,62,67,72,73,75,76
1/25/89,03,07,10,12,14,18,22,24,28,34,36,37,39,44,56,60,61,64,71,75
1/24/89,02,03,10,15,17,21,26,31,38,42,44,49,50,51,59,67,68,70,74,77
1/23/89,02,05,06,20,22,25,27,33,41,44,47,52,55,57,66,69,71,72,76,79
1/22/89,02,03,05,07,08,18,20,21,24,40,42,45,53,57,62,63,68,74,78,80
1/21/89,01,03,14,21,30,33,38,39,44,47,48,50,52,62,65,69,72,73,74,75
1/20/89,03,05,07,08,09,13,17,22,26,30,34,39,41,45,47,53,57,61,67,68
1/19/89,12,20,22,26,32,41,46,49,55,57,58,61,62,65,66,69,70,77,78,79
1/18/89,04,19,24,29,30,31,32,36,38,41,42,44,51,55,56,62,63,71,73,77
1/17/89,08,11,22,29,30,32,33,35,38,40,42,45,53,54,70,71,74,75,76,80
1/16/89,04,09,11,19,23,24,29,30,31,33,36,46,49,66,67,71,73,77,79,80
1/15/89,02,04,08,10,21,22,24,28,31,32,35,37,42,51,52,54,58,62,66,67
1/14/89,04,06,08,09,15,17,21,25,35,36,43,46,47,50,52,57,63,65,73,75
1/13/89,01,05,14,17,21,24,28,34,46,54,58,59,61,62,64,66,67,68,75,78
1/12/89,01,04,08,11,23,25,27,32,35,37,38,39,47,52,55,57,61,66,78,80
1/11/89,03,11,12,18,19,24,33,34,38,41,42,50,51,53,57,58,62,64,70,72
1/10/89,08,12,13,19,20,21,22,25,26,38,46,49,58,59,60,63,66,72,73,75
1/9/89,03,07,12,14,17,18,23,24,26,33,41,43,50,51,53,56,60,68,74,79
1/8/89,10,23,25,27,32,33,35,36,37,39,41,47,53,62,63,65,72,73,78,79
1/7/89,03,04,14,19,20,28,32,36,37,40,41,45,46,47,49,53,61,62,65,66
1/6/89,03,19,20,21,29,31,34,38,46,50,51,52,58,60,61,66,68,69,78,80
1/5/89,01,02,03,04,08,14,16,19,20,28,38,39,42,47,51,54,71,74,76,79
1/4/89,10,14,17,18,20,21,29,33,42,44,45,46,47,61,63,65,66,75,78,80
1/3/89,01,06,07,09,13,17,20,22,23,27,37,39,45,50,53,54,57,61,65,69
1/2/89,01,07,10,13,22,23,25,31,32,47,49,50,57,58,66,67,73,74,75,77
1/1/89,03,11,16,17,24,26,29,31,32,35,45,47,49,57,58,59,63,73,74,78
12/31/88,06,09,16,17,18,24,29,36,37,45,47,55,57,60,64,67,72,74,76,80
12/30/88,14,15,18,23,25,27,32,36,40,41,49,53,57,60,66,67,70,75,79,80
12/29/88,06,16,18,19,26,29,37,38,41,53,61,64,65,66,69,73,74,75,76,77
12/28/88,03,08,10,14,20,24,25,27,29,30,33,35,37,40,41,43,48,53,57,68
12/27/88,04,08,21,24,33,34,36,37,46,47,49,53,58,61,64,65,66,69,71,78
12/26/88,02,09,12,18,37,38,39,42,46,47,49,53,58,62,67,72,75,77,78,79
12/24/88,02,06,08,11,12,17,22,30,37,44,45,47,49,51,58,61,63,66,74,76
12/23/88,01,03,06,11,13,24,25,30,32,34,35,43,45,52,56,62,64,65,69,80
12/22/88,12,17,18,19,22,26,27,30,34,38,40,46,48,49,58,71,73,76,78,79
12/21/88,04,05,07,08,09,19,27,34,37,41,44,51,53,64,68,73,76,77,78,79
12/20/88,03,04,06,07,11,12,15,19,21,28,30,37,46,47,51,54,61,62,64,76
12/19/88,01,07,12,14,18,22,26,30,37,47,49,55,58,59,60,61,68,69,72,79
12/18/88,01,04,09,13,16,17,21,36,37,39,40,47,49,50,54,56,73,75,77,78
12/17/88,03,05,13,23,28,35,37,38,43,47,49,53,55,56,58,61,63,64,65,71
12/16/88,02,04,08,10,16,20,27,42,44,46,51,55,59,61,64,70,72,73,78,79
12/15/88,04,05,07,09,12,14,16,20,25,30,32,36,37,42,50,53,55,68,74,78
12/14/88,02,11,17,23,28,32,33,34,36,37,39,41,42,47,62,69,72,74,78,80
12/13/88,09,18,19,21,22,24,27,28,29,39,40,41,45,61,64,71,72,75,76,79
12/12/88,01,03,06,14,18,20,25,28,29,41,50,51,53,55,57,61,64,71,72,80
12/11/88,04,12,13,18,20,22,24,26,29,30,32,38,42,45,47,49,52,53,55,64
12/10/88,14,16,22,27,28,31,37,38,46,50,51,52,62,63,68,74,76,77,78,79
12/9/88,01,04,05,07,08,10,13,14,15,20,26,27,37,41,48,53,55,71,73,79
12/8/88,01,10,11,16,19,22,26,27,39,45,47,53,55,56,60,65,67,68,77,80
12/7/88,04,10,12,14,19,20,22,23,29,33,40,43,46,50,52,59,65,66,68,75
12/6/88,08,11,13,14,16,25,27,34,35,37,39,40,50,53,58,60,70,72,75,76
12/5/88,02,09,22,24,26,29,34,37,41,42,52,53,58,59,62,63,69,71,77,80
12/4/88,02,09,14,16,17,23,24,29,32,34,39,47,48,50,51,53,58,70,71,74
12/3/88,08,10,11,21,22,24,26,35,40,45,46,48,55,56,61,65,66,71,77,80
12/2/88,05,07,08,12,14,19,23,25,27,29,33,35,40,52,53,60,64,70,74,78
12/1/88,01,08,19,23,25,27,28,29,30,36,38,46,49,50,52,64,71,73,77,80
11/30/88,04,10,14,15,16,22,27,31,37,41,46,53,54,58,63,67,69,72,77,78
11/29/88,07,09,15,19,21,22,26,30,33,43,50,53,54,57,61,62,63,64,72,78
11/28/88,02,03,08,13,14,22,24,33,39,44,50,54,56,58,59,61,63,65,79,80
11/27/88,06,08,11,20,21,23,25,28,31,36,41,45,47,52,56,64,68,70,72,78
11/26/88,12,19,20,21,22,30,33,37,42,43,48,50,55,59,60,63,65,69,70,80
11/25/88,01,05,19,22,23,27,34,35,40,42,43,44,47,48,49,67,68,69,71,80
11/24/88,13,18,20,23,25,28,30,33,34,47,53,54,59,62,65,66,71,73,74,75
11/23/88,02,04,05,13,21,25,26,27,35,37,38,50,55,57,58,63,71,72,75,76
11/22/88,04,08,11,15,30,41,42,44,48,49,50,52,57,61,62,66,67,68,73,79
11/21/88,04,08,13,14,15,16,19,37,38,42,44,49,53,57,63,65,72,73,75,76
11/20/88,01,02,17,28,30,31,34,38,43,47,50,54,58,62,63,64,73,76,78,79
11/19/88,03,08,15,19,21,27,35,38,43,45,49,52,53,55,56,59,61,66,69,79
11/18/88,05,11,14,21,37,38,39,46,50,51,54,55,57,60,63,64,65,70,71,73
11/17/88,01,10,16,21,24,29,37,42,43,49,52,58,61,62,68,69,71,72,73,74
11/16/88,01,06,19,21,29,31,32,37,46,53,57,62,64,67,69,70,73,74,77,80
11/15/88,05,06,14,17,21,22,23,30,36,46,47,54,57,66,67,72,75,77,79,80
11/14/88,10,12,14,26,27,29,33,42,43,44,51,54,57,59,60,63,64,69,74,76
11/13/88,04,05,06,11,13,19,24,25,28,29,33,50,58,60,63,68,71,72,76,79
11/12/88,01,07,10,19,25,28,32,33,37,39,41,45,46,53,63,64,68,71,73,80
11/11/88,01,04,05,06,07,10,16,17,18,23,32,38,44,45,64,67,69,73,76,79
11/10/88,01,05,09,10,11,12,23,24,29,32,37,48,50,53,56,58,60,67,71,77
11/9/88,01,14,15,16,19,22,24,25,31,40,43,47,57,64,65,67,69,70,77,80
11/8/88,06,13,21,22,25,26,33,36,38,40,41,43,44,49,52,59,61,64,72,76
11/7/88,18,21,25,33,34,38,41,44,45,49,54,56,62,68,72,74,75,76,77,80
11/6/88,04,05,08,17,19,21,24,37,41,43,44,46,55,56,62,64,65,67,74,79
11/5/88,05,06,13,15,26,27,28,33,34,36,39,45,46,47,51,54,59,62,66,74
11/4/88,02,04,06,07,14,16,22,24,29,33,46,47,53,55,61,65,70,77,79,80
11/3/88,05,06,07,10,15,20,23,27,28,36,38,45,59,66,67,69,74,75,77,78
11/2/88,03,05,06,10,11,12,22,26,31,37,38,51,53,59,63,70,71,72,77,78
11/1/88,03,10,12,13,16,17,18,19,25,29,31,32,41,44,66,68,71,73,74,76
10/31/88,03,09,14,18,22,27,31,32,33,34,41,46,48,56,58,59,63,66,76,77
10/30/88,03,04,09,10,13,16,23,27,35,39,41,43,47,49,52,55,68,70,76,77
10/29/88,03,15,17,22,28,29,35,36,37,39,43,44,47,57,66,68,69,76,77,79
10/28/88,04,08,09,13,14,16,19,23,25,31,39,57,58,60,66,67,68,70,74,76
10/27/88,09,10,16,20,21,23,25,28,38,42,43,47,49,51,52,53,56,64,75,78
10/26/88,03,09,16,18,23,24,27,31,32,36,38,39,42,48,53,54,56,60,63,68
10/25/88,07,10,12,13,15,22,26,28,33,41,43,49,53,55,56,62,65,71,77,79
10/24/88,02,08,15,21,24,25,26,28,35,39,40,41,43,44,46,48,57,64,77,78
10/23/88,10,11,12,16,17,24,25,26,37,39,42,45,46,48,52,59,63,68,71,73
10/22/88,01,10,13,17,19,21,22,23,25,27,29,30,41,48,50,64,66,68,71,77
10/21/88,01,06,15,16,21,22,26,27,31,32,38,44,47,54,55,58,70,76,79,80
10/20/88,03,04,05,09,14,15,16,18,21,25,27,30,43,45,48,49,59,65,70,71
10/19/88,01,03,07,09,11,13,22,30,31,32,43,45,54,55,58,70,71,73,74,80
10/18/88,13,14,26,30,32,35,41,42,44,50,52,53,59,60,62,63,64,71,75,80
10/17/88,01,04,05,09,14,16,18,21,25,29,31,36,56,57,58,64,69,76,77,79
10/16/88,02,08,09,10,17,22,26,28,30,38,44,50,54,57,58,64,66,69,72,77
10/15/88,06,08,11,12,14,16,22,27,28,32,37,45,48,53,61,62,65,67,70,76
10/14/88,02,06,08,15,18,20,21,24,27,37,40,42,43,44,45,61,64,71,74,78
10/13/88,01,02,05,07,09,11,15,18,23,24,25,32,38,48,54,63,68,74,76,77
10/12/88,07,08,11,19,27,31,32,33,36,37,39,43,49,65,66,68,69,72,74,78
10/11/88,01,02,05,07,10,14,18,28,31,34,45,47,49,64,65,67,68,75,77,79
10/10/88,01,03,06,09,12,15,24,28,36,38,46,48,51,52,63,64,69,73,76,78
10/9/88,01,03,14,19,22,23,27,29,31,32,33,39,41,47,56,57,60,66,67,77
10/8/88,01,02,04,06,07,13,16,17,28,33,40,41,54,57,58,59,66,70,71,73
10/7/88,06,07,18,23,24,31,33,35,42,44,51,57,58,61,72,74,75,77,78,80
10/6/88,02,08,15,21,34,37,38,40,42,48,50,52,53,54,58,61,63,64,72,77
10/5/88,01,03,10,13,14,17,21,24,25,26,27,29,33,35,45,59,62,63,65,73
10/4/88,01,04,10,18,19,24,28,29,33,38,40,44,47,51,56,58,62,65,69,79
10/3/88,02,04,05,07,08,12,15,16,19,22,24,26,41,42,50,55,58,59,69,71
10/2/88,01,05,12,15,17,30,36,37,43,44,45,48,55,57,58,64,66,69,71,80
10/1/88,07,08,11,12,14,25,26,32,40,43,44,47,48,50,56,59,62,68,72,76
9/30/88,09,11,12,14,15,16,17,34,39,41,42,45,55,56,62,64,65,67,72,80
9/29/88,16,17,24,25,27,28,34,37,43,45,48,54,56,62,64,69,72,75,78,80
9/28/88,16,20,21,27,32,33,43,44,59,62,63,64,66,67,69,71,74,77,78,79
9/27/88,09,13,15,18,26,29,30,34,36,39,40,41,44,51,54,55,56,69,76,80
9/26/88,05,25,28,40,43,45,47,51,52,53,54,56,62,64,66,72,73,74,76,80
9/25/88,08,12,13,15,17,19,29,31,35,40,41,45,46,49,55,62,67,72,73,76
9/24/88,11,16,19,22,24,25,28,32,39,42,45,50,51,53,56,68,73,74,76,77
9/23/88,08,10,12,13,21,22,23,24,25,29,31,34,39,40,43,45,59,61,68,74
9/22/88,02,06,08,09,13,18,20,29,30,31,34,36,39,48,55,57,60,61,64,68
9/21/88,07,09,15,18,19,22,23,25,29,31,33,37,38,41,46,52,54,67,70,77
9/20/88,02,05,06,24,27,30,31,37,39,41,45,48,53,55,61,64,69,71,77,78
9/19/88,07,10,14,15,16,20,27,32,33,35,37,44,46,48,49,58,70,71,75,77
9/18/88,13,19,25,26,28,40,47,49,50,52,54,56,58,59,62,65,68,71,72,78
9/17/88,04,08,24,27,28,36,37,38,41,44,47,48,54,59,60,61,62,63,67,71
9/16/88,02,10,14,17,18,23,25,34,35,41,47,53,56,61,62,63,66,67,69,80
9/15/88,03,06,07,13,18,23,31,35,36,40,44,47,55,61,62,64,66,76,78,79
9/14/88,01,10,11,12,21,25,27,28,34,37,39,54,55,61,66,67,70,72,78,79
9/13/88,03,05,11,15,17,29,31,33,45,47,48,49,51,54,67,69,74,76,77,78
9/12/88,09,13,15,26,31,34,39,53,56,60,61,62,67,68,69,72,74,76,79,80
9/11/88,09,10,14,17,19,23,28,31,36,37,44,47,52,56,64,71,74,76,77,80
9/10/88,07,09,10,15,24,25,27,39,42,46,47,55,64,67,68,71,74,77,79,80
9/9/88,02,10,19,21,23,26,32,38,39,42,43,51,55,57,69,70,71,73,74,80
9/8/88,03,04,05,18,22,23,28,31,35,37,42,51,56,61,62,64,70,71,73,80
9/7/88,02,04,06,11,16,25,30,32,35,37,43,49,53,58,61,62,63,69,70,77
9/6/88,03,04,10,16,19,21,29,31,34,36,38,47,48,51,52,61,69,72,76,78
9/5/88,02,03,08,13,19,20,23,25,38,42,47,48,55,60,63,64,67,74,75,80
9/4/88,01,07,08,12,16,21,23,34,39,40,45,49,53,62,67,73,75,76,77,79
9/3/88,02,03,04,07,09,15,18,21,25,26,37,39,47,49,50,51,57,59,73,80
9/2/88,03,04,23,24,25,33,34,38,42,44,45,46,48,51,57,58,59,63,70,76
9/1/88,01,02,04,05,08,11,13,28,38,39,40,42,43,48,53,57,59,64,69,74
8/31/88,01,03,07,14,19,22,25,26,28,39,47,52,55,57,60,64,71,73,74,79
8/30/88,01,06,08,09,13,14,21,26,31,39,44,59,63,64,65,68,73,75,76,80
8/29/88,03,04,10,16,18,23,25,27,34,36,38,39,40,47,48,53,55,59,71,79
8/28/88,01,09,14,19,27,28,37,47,49,53,54,55,61,66,67,69,73,75,77,80
8/27/88,08,10,15,18,22,26,33,35,36,37,40,46,53,55,57,61,67,71,78,80
8/26/88,04,06,08,12,15,21,23,24,25,32,39,40,41,43,52,54,56,66,67,71
8/25/88,02,04,08,09,18,25,28,34,41,48,54,55,60,62,63,67,68,69,71,73
8/24/88,05,07,24,27,31,32,34,36,37,48,50,52,53,54,55,59,60,61,64,77
8/23/88,01,05,11,22,28,30,35,37,39,44,46,48,51,57,58,69,75,77,78,80
8/22/88,03,04,09,10,11,19,21,27,29,30,34,50,51,56,61,68,73,74,77,80
8/21/88,03,09,16,19,22,25,26,28,29,43,53,57,59,60,64,66,68,69,72,79
8/20/88,05,06,10,13,14,24,25,28,29,33,36,41,47,48,54,55,58,61,63,69
8/19/88,04,06,08,16,17,19,26,29,39,40,42,44,46,48,49,51,52,54,62,68
8/18/88,04,13,14,22,28,30,36,37,39,40,43,44,47,51,54,57,64,68,70,76
8/17/88,10,12,15,21,22,24,27,28,30,33,34,36,39,45,53,54,57,69,72,74
8/16/88,02,04,13,15,16,29,33,36,43,44,50,51,52,54,56,61,65,72,76,79
8/15/88,01,07,16,17,19,30,40,46,47,48,49,52,53,60,61,64,71,72,76,77
8/14/88,01,03,10,14,19,20,22,30,32,34,42,43,48,51,56,58,61,65,67,75
8/13/88,02,04,06,13,17,18,19,21,27,44,46,48,53,55,61,65,68,71,72,78
8/12/88,02,06,10,20,21,24,31,32,44,52,57,58,59,67,68,70,72,75,79,80
8/11/88,04,05,11,20,25,28,33,37,43,46,48,53,56,59,65,66,67,74,77,80
8/10/88,02,04,05,06,09,13,17,18,24,25,31,32,34,35,38,44,63,68,72,77
8/9/88,02,11,15,16,19,22,24,25,28,35,48,52,53,56,57,59,62,65,74,77
8/8/88,02,05,06,07,08,09,11,18,24,29,32,33,37,46,47,49,52,67,75,80
8/7/88,01,04,07,21,23,27,30,43,45,47,50,56,59,66,67,70,71,73,74,80
8/6/88,09,11,17,20,23,27,30,31,37,42,43,47,51,54,58,59,71,73,79,80
8/5/88,01,04,06,10,14,21,22,27,30,33,40,43,47,50,53,54,55,57,58,80
8/4/88,01,08,11,18,20,23,24,25,32,36,37,39,40,41,42,46,69,71,72,79
8/3/88,08,12,13,16,18,23,25,28,30,36,39,40,44,50,61,64,69,72,75,80
8/2/88,04,07,09,13,15,17,18,25,40,42,45,46,49,50,55,59,66,69,70,75
8/1/88,02,06,08,09,10,16,27,28,30,33,34,36,41,47,51,58,70,73,75,79
7/31/88,07,10,16,22,23,26,27,28,30,32,33,43,44,48,54,58,68,75,79,80
7/30/88,01,03,07,16,20,22,26,32,41,42,44,46,47,54,55,56,59,62,65,78
7/29/88,02,09,10,11,14,15,20,34,36,37,41,42,43,47,58,62,67,69,76,78
7/28/88,01,07,08,09,12,14,16,45,46,47,49,52,54,55,59,62,64,68,69,73
7/27/88,01,11,17,18,19,31,34,35,36,37,38,43,44,50,58,60,67,69,70,78
7/26/88,03,15,24,30,31,32,33,35,37,41,48,52,53,56,58,71,72,74,77,80
7/25/88,01,04,09,13,14,16,22,23,25,33,35,41,45,48,50,59,65,69,71,75
7/24/88,01,02,06,07,09,10,11,18,20,21,23,28,43,48,55,56,64,67,74,76
7/23/88,07,09,10,19,22,32,33,35,36,39,43,54,58,59,60,71,74,75,77,80
7/22/88,06,07,11,15,16,21,24,31,35,38,39,51,53,56,63,64,65,66,72,79
7/21/88,03,09,12,16,17,34,36,38,42,44,45,47,50,52,55,57,58,70,74,80
7/20/88,03,04,12,17,20,22,23,29,35,36,43,46,47,49,57,58,60,74,76,79
7/19/88,05,09,12,14,17,19,23,26,39,45,50,53,56,57,58,63,68,69,71,75
7/18/88,06,08,12,18,26,30,32,33,40,41,43,44,52,53,55,58,59,66,68,79
7/17/88,01,03,04,14,26,33,37,38,41,42,45,46,48,49,65,66,68,72,74,76
7/16/88,03,04,12,17,28,30,32,36,37,38,42,47,49,50,57,67,69,74,78,80
7/15/88,05,07,10,15,27,35,36,37,39,40,47,53,58,62,66,70,72,74,79,80
7/14/88,07,12,17,21,22,23,28,29,33,35,37,42,45,50,51,61,63,69,71,80
7/13/88,04,11,12,20,26,27,34,37,38,39,40,44,46,51,61,65,69,70,73,78
7/12/88,01,03,04,08,15,19,22,23,25,46,51,52,56,63,64,65,72,74,75,80
7/11/88,05,07,13,18,20,28,29,31,45,46,48,57,60,64,69,71,74,76,77,78
7/10/88,08,11,13,15,16,22,31,32,37,40,41,44,45,49,50,58,61,65,71,75
7/9/88,04,08,14,16,19,20,22,27,32,33,38,42,49,52,54,55,61,72,76,79
7/8/88,01,02,16,17,20,21,23,27,35,37,41,46,48,49,55,57,69,73,77,79
7/7/88,03,04,05,06,07,16,21,26,27,28,31,35,36,40,44,48,53,67,74,78
7/6/88,03,08,13,15,16,17,22,41,44,45,49,50,51,53,55,57,60,68,77,78
7/5/88,02,03,09,11,13,17,18,25,29,39,42,43,45,49,54,60,65,66,67,78
7/4/88,02,04,08,09,11,14,20,21,24,26,30,36,44,49,56,60,67,68,74,80
7/3/88,01,02,06,09,14,16,18,25,29,34,35,37,38,51,55,56,68,71,73,79
7/2/88,05,06,15,22,29,31,38,40,45,48,49,56,58,63,67,69,71,77,78,79
7/1/88,01,04,06,07,15,16,30,38,42,48,51,52,54,55,59,64,67,71,75,78
6/30/88,03,06,07,09,16,17,19,26,30,33,47,48,52,62,63,66,68,75,78,79
6/29/88,01,02,04,09,19,23,24,27,33,34,35,38,48,57,59,64,65,71,77,78
6/28/88,06,08,22,23,24,25,30,39,40,41,43,52,56,65,66,71,75,76,77,79
6/27/88,02,07,12,16,17,20,23,25,28,30,32,35,37,38,48,49,65,72,75,78
6/26/88,03,04,08,12,17,22,24,26,29,40,42,46,47,60,65,66,69,72,75,78
6/25/88,04,09,14,18,22,26,32,40,42,47,48,51,52,54,55,63,65,67,68,70
6/24/88,07,08,13,19,21,27,29,30,36,42,46,49,50,51,55,59,64,66,74,79
6/23/88,02,25,28,29,36,37,39,40,43,55,56,57,63,64,65,68,70,76,77,78
6/22/88,01,02,10,11,12,14,29,30,31,39,43,51,54,60,64,65,70,73,77,78
6/21/88,05,07,10,11,13,28,30,33,37,38,42,43,60,61,69,72,73,75,78,79
6/20/88,01,02,03,04,06,08,20,21,23,24,28,30,36,49,51,54,57,65,74,77
6/19/88,07,11,14,17,19,21,24,29,34,39,41,48,56,60,63,68,69,73,75,76
6/18/88,02,06,11,12,13,19,27,28,31,35,36,39,41,48,50,51,65,70,71,78
6/17/88,05,17,19,22,25,27,29,43,47,54,55,56,62,65,66,68,73,74,75,76
6/16/88,01,02,05,06,15,20,25,26,46,48,49,51,52,53,54,64,65,66,71,80
6/15/88,09,11,14,16,21,24,26,30,37,39,42,43,47,48,55,58,60,73,74,76
6/14/88,08,12,14,15,18,21,29,38,39,40,41,43,44,49,53,60,63,66,75,77
6/13/88,01,04,06,10,12,14,19,23,29,39,51,53,54,60,63,65,68,72,76,79
6/12/88,07,17,19,20,25,35,40,41,47,49,52,53,54,55,56,57,61,76,77,78
6/11/88,01,03,08,09,16,27,28,41,43,46,48,53,58,60,66,71,73,74,77,80
6/10/88,02,04,09,15,16,21,22,25,26,28,30,34,45,48,50,59,64,65,68,80
6/9/88,05,06,10,16,18,20,21,28,29,31,35,36,41,43,47,55,60,62,70,76
6/8/88,10,12,19,30,32,34,38,43,45,48,50,51,54,57,58,59,60,62,69,75
6/7/88,05,07,08,15,16,21,31,36,37,44,45,48,49,51,52,58,63,78,79,80
6/6/88,04,05,06,09,13,14,17,20,28,44,46,48,51,52,58,59,62,67,69,78
6/5/88,11,16,18,21,26,28,29,34,37,40,48,51,52,56,62,65,71,73,77,79
6/4/88,03,04,10,12,13,15,20,24,29,30,39,42,47,56,60,64,68,77,78,79
6/3/88,04,05,08,12,16,21,22,26,29,41,49,51,54,55,61,66,68,71,78,80
6/2/88,03,07,15,16,17,27,32,33,34,36,37,46,48,51,53,54,62,63,73,74
6/1/88,05,07,11,29,32,36,44,45,46,52,54,55,56,58,60,72,74,77,78,79
5/31/88,06,16,18,23,24,29,32,34,35,39,46,49,50,57,58,59,60,61,69,76
5/30/88,05,09,13,18,23,24,32,36,38,40,48,49,50,52,57,67,71,73,77,78
5/29/88,02,03,05,23,29,32,39,41,45,47,49,50,51,52,56,58,62,69,70,73
5/28/88,03,05,06,09,17,21,22,23,29,30,43,44,48,52,56,58,65,72,75,77
5/27/88,01,10,11,15,29,36,37,47,51,61,62,66,67,68,69,71,74,78,79,80
5/26/88,12,14,20,32,33,35,36,37,43,50,54,55,56,61,68,70,74,75,78,79
5/25/88,02,05,07,09,10,11,21,25,44,50,51,53,56,59,60,66,71,72,73,80
5/24/88,07,08,12,19,21,22,24,26,29,35,38,39,44,45,46,48,50,53,56,77
5/23/88,02,03,04,05,08,09,11,16,19,20,23,25,33,34,56,64,68,70,72,79
5/22/88,09,14,19,22,29,30,33,35,40,41,44,49,50,56,58,59,64,66,67,79
5/21/88,02,05,09,17,18,23,25,32,35,37,40,41,43,51,52,57,59,60,78,79
5/20/88,02,03,06,08,09,13,24,30,36,37,42,44,47,51,52,64,72,74,76,80
5/19/88,05,08,23,25,26,30,33,36,37,41,43,46,47,49,51,60,63,66,68,80
5/18/88,03,10,12,15,18,21,22,23,24,31,34,40,45,50,56,60,64,68,75,76
5/17/88,02,05,09,11,28,29,31,33,40,48,50,54,55,63,65,68,73,77,78,80
5/16/88,01,09,15,16,22,24,25,28,31,33,37,44,45,49,53,54,56,58,63,74
5/15/88,02,05,06,07,14,16,17,20,21,24,25,30,35,37,44,62,64,66,67,68
5/14/88,01,02,04,11,15,24,34,36,39,46,49,54,57,59,62,68,72,78,79,80
5/13/88,04,08,09,11,24,27,28,30,40,42,46,47,54,56,67,68,74,75,77,79
5/12/88,01,02,07,08,17,23,26,30,33,36,39,50,51,55,57,60,61,62,70,78
5/11/88,01,03,05,11,12,13,17,23,24,27,28,34,36,46,51,55,56,70,71,75
5/10/88,03,04,12,13,25,26,28,29,41,45,46,51,52,54,63,64,73,75,78,79
5/9/88,01,03,13,14,19,24,27,29,34,35,36,41,42,46,52,59,62,64,74,80
5/8/88,02,15,18,21,24,28,29,33,37,46,49,53,55,56,62,66,68,69,76,78
5/7/88,04,06,07,18,19,20,22,24,31,32,42,44,46,54,55,61,66,74,77,80
5/6/88,01,02,05,07,10,18,24,28,29,37,41,42,48,51,57,58,61,66,75,80
5/5/88,05,09,13,26,33,37,38,39,41,44,45,48,50,51,53,55,57,61,64,75
5/4/88,04,08,10,11,14,22,23,28,29,38,39,48,50,51,56,57,58,63,66,72
5/3/88,02,04,09,20,25,35,36,38,41,43,46,47,54,59,61,72,77,78,79,80
5/2/88,01,10,11,15,16,30,35,37,38,40,42,45,50,52,58,66,75,76,79,80
5/1/88,02,04,05,06,09,10,15,21,28,30,34,43,54,55,56,65,66,75,77,79
4/30/88,04,11,19,25,27,33,34,42,48,50,52,56,57,59,65,66,67,69,75,76
4/29/88,02,04,14,16,18,21,31,33,38,41,42,43,44,53,57,58,62,65,71,78
4/28/88,02,03,09,11,25,26,28,29,30,35,40,51,55,58,62,63,71,72,75,80
4/27/88,07,08,12,13,16,20,21,22,23,24,33,38,47,48,49,52,58,66,70,73
4/26/88,02,09,11,17,24,25,27,29,33,36,41,45,46,48,49,50,58,78,79,80
4/25/88,03,10,12,26,28,30,32,33,35,40,47,49,50,51,53,55,59,62,66,80
4/24/88,02,03,06,07,08,18,23,26,27,30,39,44,51,57,66,69,75,76,78,80
4/23/88,02,09,11,15,19,20,21,22,25,26,33,39,42,45,50,55,68,69,75,80
4/22/88,01,02,03,04,05,08,10,11,17,19,20,21,36,37,41,49,51,56,59,78
4/21/88,01,13,17,18,21,23,25,27,31,37,40,53,54,56,61,65,68,74,77,79
4/20/88,04,12,13,17,20,25,26,27,35,38,45,48,49,54,59,61,65,70,76,77
4/19/88,09,11,12,13,14,15,19,27,28,29,32,35,37,47,54,56,68,70,78,79
4/18/88,01,04,08,13,14,22,37,48,49,54,56,62,63,65,67,68,69,70,71,76
4/17/88,10,17,18,21,23,30,31,33,39,40,43,45,47,48,51,58,65,72,79,80
4/16/88,11,13,15,22,29,31,32,35,37,38,42,45,46,50,56,57,58,67,70,72
4/15/88,02,04,09,20,21,23,24,28,30,37,38,40,50,57,58,63,65,68,70,73
4/14/88,02,04,05,07,08,10,16,23,24,31,33,35,38,40,43,53,61,65,69,79
4/13/88,03,05,08,13,14,19,20,23,26,32,39,42,50,51,52,54,57,62,66,78
4/12/88,02,11,14,15,24,25,26,28,41,42,44,45,52,53,59,60,64,69,70,78
4/11/88,02,04,10,11,15,16,17,21,25,28,32,38,45,47,49,53,55,58,62,73
4/10/88,12,19,20,25,27,33,35,45,50,53,54,56,57,58,61,64,69,71,74,76
4/9/88,02,06,16,17,22,31,35,37,48,49,53,55,57,64,68,70,73,74,78,80
4/8/88,01,06,07,12,16,22,31,35,37,40,45,48,54,59,67,71,72,75,77,80
4/7/88,01,02,10,12,14,21,22,23,32,41,43,45,47,48,51,64,68,69,73,78
4/6/88,03,05,11,16,22,23,27,32,37,39,42,44,47,50,51,56,61,64,76,79
4/5/88,05,09,12,13,17,28,36,39,43,47,49,50,56,58,61,62,66,72,75,80
4/4/88,01,05,08,19,21,25,29,30,31,35,37,43,51,53,58,61,66,68,78,80
4/3/88,01,04,11,12,15,18,19,23,25,31,34,41,44,47,51,53,58,63,70,72
4/2/88,05,12,13,14,15,17,18,19,24,29,30,31,35,37,48,52,56,58,72,74
4/1/88,01,02,06,09,26,33,34,37,46,48,50,52,54,55,56,61,63,66,77,79
3/31/88,06,09,11,13,21,22,24,26,36,40,43,46,47,50,53,55,62,67,70,73
3/30/88,05,08,09,10,14,16,17,27,37,43,48,58,59,64,65,66,68,71,72,76
3/29/88,01,10,16,19,21,24,25,28,30,33,38,40,41,46,55,58,62,67,68,71
3/28/88,03,11,17,27,29,31,38,42,44,46,55,56,61,63,68,70,75,78,79,80
3/27/88,04,06,08,11,16,18,19,29,33,40,44,47,52,60,65,71,73,75,76,78
3/26/88,05,06,07,09,13,16,17,20,21,22,27,29,30,33,35,56,59,62,65,69
3/25/88,08,21,22,26,27,28,29,30,31,34,35,52,54,62,63,65,69,71,78,79
3/24/88,02,06,08,09,10,13,17,22,30,31,46,49,55,59,61,62,69,74,79,80
3/23/88,01,04,09,10,15,17,19,20,21,22,26,55,58,59,64,65,71,77,79,80
3/22/88,04,05,08,09,10,20,21,25,32,39,42,45,51,53,54,59,66,67,68,76
3/21/88,02,10,11,13,18,21,22,26,34,37,42,51,59,60,62,63,64,73,79,80
3/20/88,01,02,07,11,14,18,19,20,22,25,26,37,50,68,70,71,75,76,77,78
3/19/88,03,06,08,10,14,19,22,31,35,42,47,50,51,52,57,58,62,73,74,75
3/18/88,01,04,05,07,13,14,16,22,35,36,42,46,49,54,55,64,66,75,78,79
3/17/88,05,06,09,12,13,19,20,27,39,42,44,49,50,55,59,60,63,66,67,68
3/16/88,04,07,13,14,17,24,29,33,38,40,41,42,43,44,48,57,58,68,72,79
3/15/88,04,05,09,15,25,33,35,36,42,44,46,49,51,59,61,62,63,64,65,68
3/14/88,03,09,14,16,20,22,30,38,41,45,46,56,57,60,63,64,65,67,69,79
3/13/88,03,05,06,07,13,15,17,18,27,33,35,36,38,40,46,49,51,52,57,58
3/12/88,02,03,07,16,20,24,28,37,39,42,44,53,58,61,63,64,65,73,74,79
3/11/88,04,11,14,15,18,24,26,28,32,37,44,48,54,68,71,75,76,77,78,79
3/10/88,02,03,07,09,11,12,13,16,18,19,22,37,43,44,45,57,61,65,66,74
3/9/88,04,08,15,19,24,28,30,34,41,44,45,50,52,54,63,70,72,73,74,75
3/8/88,08,16,19,20,29,34,35,36,39,41,50,51,52,60,67,71,73,77,79,80
3/7/88,02,05,10,11,15,18,20,22,23,25,36,43,45,47,48,49,58,64,76,77
3/6/88,01,04,06,08,16,17,20,24,27,34,42,43,45,48,51,58,59,67,74,80
3/5/88,08,09,21,25,28,31,36,39,40,42,48,51,57,62,69,74,75,76,79,80
3/4/88,01,07,12,14,19,27,29,31,32,40,43,52,54,59,62,68,73,76,77,78
3/3/88,06,12,14,18,22,30,31,34,43,49,50,55,61,65,66,70,72,75,76,77
3/2/88,03,11,17,21,24,28,30,31,34,40,41,45,48,50,53,55,57,58,65,78
3/1/88,02,05,07,09,17,20,22,23,32,37,57,58,59,64,66,68,69,71,72,76
2/29/88,06,07,13,14,16,19,22,28,34,36,37,43,45,46,53,56,58,61,63,66
2/28/88,05,10,11,12,15,16,17,18,22,24,30,33,35,43,51,52,53,62,71,77
2/27/88,02,07,08,09,16,17,22,24,27,28,39,46,54,58,59,73,75,77,78,80
2/26/88,01,03,04,06,10,11,16,17,19,24,26,41,52,56,58,64,68,69,74,76
2/25/88,04,05,14,17,18,19,21,22,24,25,28,38,42,44,46,53,54,56,73,79
2/24/88,03,06,09,10,15,17,30,32,34,36,47,49,50,53,56,58,59,62,65,67
2/23/88,02,05,10,12,16,17,19,23,24,25,26,29,33,37,38,42,60,68,71,80
2/22/88,04,06,08,16,23,28,32,38,39,41,42,44,45,47,51,52,53,60,74,80
2/21/88,01,02,03,07,08,09,12,16,20,30,37,38,40,46,50,51,58,64,77,78
2/20/88,01,03,05,10,14,17,18,25,34,37,40,41,43,44,49,56,69,73,77,80
2/19/88,11,12,15,17,19,24,35,38,42,45,46,50,53,54,55,58,59,68,75,77
2/18/88,03,10,16,18,21,28,35,37,44,46,47,49,50,52,54,61,62,68,69,79
2/17/88,05,10,11,12,15,16,19,34,38,41,42,57,65,69,70,73,74,76,78,80
2/16/88,02,04,05,13,15,19,20,27,29,31,38,44,50,56,60,68,71,74,75,79
2/15/88,01,02,05,07,14,22,27,30,32,41,42,46,49,53,56,57,58,72,75,79
2/14/88,03,06,08,09,25,26,27,29,36,38,42,48,57,59,60,63,67,68,78,79
2/13/88,01,02,06,07,09,16,31,34,38,44,47,49,54,59,63,67,70,71,79,80
2/12/88,08,12,15,17,18,20,21,23,36,45,47,51,54,60,61,66,74,75,78,80
2/11/88,06,07,08,10,15,25,27,28,33,35,44,58,61,63,64,65,75,76,77,79
2/10/88,10,13,14,16,18,25,26,27,29,30,31,33,44,47,49,52,54,55,57,64
2/9/88,08,11,25,29,30,36,37,43,45,49,50,52,54,59,64,65,69,70,77,79
2/8/88,04,05,16,17,18,19,23,32,45,46,47,50,54,55,58,62,64,65,69,70
2/7/88,01,04,06,07,08,10,11,16,17,21,24,27,37,43,46,52,54,61,68,79
2/6/88,04,09,14,19,20,22,26,29,32,35,36,38,41,49,52,54,56,58,60,70
2/5/88,02,09,12,14,20,28,34,50,52,53,54,58,61,63,65,68,69,71,72,74
2/4/88,11,12,13,20,21,25,28,29,30,33,35,37,40,51,52,64,69,76,77,78
2/3/88,02,03,06,07,12,13,20,26,30,33,41,46,50,51,54,55,64,70,73,80
2/2/88,01,07,13,16,17,20,28,33,41,46,47,51,52,57,71,73,74,77,79,80
2/1/88,06,16,21,23,24,35,41,42,43,45,46,49,54,56,59,63,67,68,72,80
1/31/88,03,05,14,22,25,28,30,33,35,36,38,43,54,64,65,68,69,70,74,78
1/30/88,04,05,07,09,12,18,21,22,23,28,29,33,36,40,41,48,65,68,71,78
1/29/88,02,03,04,08,10,19,30,31,38,41,49,51,53,56,57,60,61,63,70,79
1/28/88,04,07,15,16,22,23,30,38,45,47,49,50,54,56,58,62,66,71,73,74
1/27/88,04,06,09,18,23,26,27,29,33,36,43,45,48,50,51,53,62,63,78,79
1/26/88,04,11,13,17,18,19,21,24,27,33,42,48,58,61,64,65,67,69,75,80
1/25/88,01,03,12,13,14,15,16,24,26,31,33,37,38,41,57,61,69,74,77,78
1/24/88,02,07,10,11,19,20,29,31,37,39,40,41,43,48,54,60,69,73,74,78
1/23/88,01,03,08,10,16,21,23,26,30,39,40,50,56,58,61,62,75,76,78,80
1/22/88,05,09,11,15,16,18,26,27,28,29,30,32,36,40,41,45,48,51,74,76
1/21/88,03,04,07,08,15,23,24,27,31,38,42,45,47,50,53,60,65,70,76,80
1/20/88,15,16,17,20,22,27,30,31,32,35,36,41,44,46,48,52,57,70,72,76
1/19/88,02,03,15,16,30,31,35,37,40,43,44,46,47,54,55,56,58,60,62,63
1/18/88,05,06,07,10,12,13,21,23,28,33,38,48,51,61,62,63,64,65,79,80
1/17/88,02,05,06,07,08,17,18,21,28,31,33,43,44,48,53,55,59,66,73,76
1/16/88,02,04,10,13,14,15,28,33,34,35,40,44,52,53,54,60,62,71,76,80
1/15/88,01,05,12,27,29,40,41,43,44,45,47,49,50,57,62,66,67,68,71,80
1/14/88,09,15,16,20,25,30,33,34,41,44,48,49,50,52,57,58,64,71,75,76
1/13/88,04,17,19,21,25,26,27,30,31,32,37,44,49,53,56,62,65,75,77,79
1/12/88,02,05,09,13,18,23,26,27,28,29,30,32,44,45,51,57,58,64,75,78
1/11/88,04,11,16,20,38,40,43,47,49,50,51,54,61,62,63,68,70,71,72,75
1/10/88,07,08,09,13,15,26,28,38,39,49,50,51,52,53,59,64,67,72,75,78
1/9/88,03,04,05,16,18,19,20,21,25,36,39,52,54,56,60,62,66,70,74,77
1/8/88,02,05,06,07,08,09,10,13,31,36,41,47,52,53,55,60,65,68,73,79
1/7/88,05,08,11,18,22,32,33,35,36,38,43,46,47,52,55,56,60,64,68,70
1/6/88,03,20,21,22,23,24,26,27,30,33,34,42,46,47,48,50,53,59,70,77
1/5/88,04,14,16,20,31,34,48,49,54,56,60,64,67,68,70,71,74,77,79,80
1/4/88,02,06,08,09,10,16,18,21,23,27,36,39,40,53,55,61,70,74,75,80
1/3/88,03,07,12,16,22,23,28,30,34,37,41,43,46,48,58,63,67,73,75,78
1/2/88,02,12,18,20,23,28,29,31,32,35,38,47,54,55,58,60,63,71,76,77
1/1/88,01,02,07,19,20,21,22,23,27,30,36,38,42,45,47,58,67,68,70,72
12/31/87,03,08,17,21,24,27,29,41,48,49,51,53,57,61,62,69,73,75,78,79
12/30/87,03,04,06,07,11,16,18,25,27,29,35,38,41,44,54,61,62,63,75,77
12/29/87,04,09,10,13,14,22,28,34,41,45,46,47,51,54,55,58,63,71,75,78
12/28/87,01,03,05,14,21,25,30,37,42,43,44,46,50,58,59,61,68,71,73,79
12/27/87,03,06,13,17,18,21,29,31,37,39,44,51,53,57,59,65,72,73,75,80
12/26/87,04,05,06,09,10,11,13,15,28,30,34,42,44,45,66,70,72,78,79,80
12/24/87,11,15,20,21,23,28,31,33,35,36,37,42,44,46,48,54,56,68,78,80
12/23/87,06,20,26,29,33,34,36,37,45,49,52,55,60,61,63,64,65,67,74,75
12/22/87,05,07,09,13,15,26,27,29,32,33,36,43,49,60,63,67,71,72,73,78
12/21/87,01,02,03,04,08,12,17,19,23,25,30,44,50,56,58,64,66,71,74,77
12/20/87,02,06,09,22,23,24,32,40,42,50,57,58,60,61,64,70,74,75,76,77
12/19/87,01,04,07,08,10,15,20,21,23,37,39,47,48,54,58,66,67,74,76,80
12/18/87,06,08,11,17,18,21,23,28,36,46,49,54,57,61,63,64,73,75,77,79
12/17/87,03,04,05,11,15,22,35,40,42,45,46,47,59,61,63,70,71,74,78,80
12/16/87,13,14,15,23,26,31,32,36,43,46,49,58,59,63,65,66,67,75,76,80
12/15/87,05,07,15,17,21,23,29,32,48,53,57,59,60,61,66,67,75,76,77,79
12/14/87,02,03,04,10,12,15,19,22,29,30,50,52,60,62,64,74,75,77,78,80
12/13/87,01,02,03,09,11,12,16,17,18,24,26,28,36,52,54,61,66,72,73,75
12/12/87,03,04,16,17,18,22,26,27,30,32,40,44,48,50,51,52,53,63,64,77
12/11/87,01,10,15,20,21,23,24,25,29,32,33,35,37,39,48,49,53,61,67,78
12/10/87,06,13,18,21,22,24,27,34,36,45,54,58,61,64,67,68,72,74,75,80
12/9/87,02,04,07,11,13,15,27,40,41,51,52,55,57,58,61,66,68,69,74,80
12/8/87,03,04,06,07,09,10,20,25,26,33,40,41,44,51,52,54,73,75,78,79
12/7/87,02,04,05,14,17,20,29,36,46,47,50,56,57,61,63,65,69,74,75,77
12/6/87,02,04,09,10,15,20,22,27,33,35,39,40,42,45,46,51,58,63,76,77
12/5/87,06,07,08,12,13,19,21,26,42,45,50,53,56,57,63,64,70,72,73,75
12/4/87,05,06,07,13,14,16,20,21,27,29,30,31,35,36,42,44,51,57,65,66
12/3/87,03,04,05,09,20,26,32,42,47,51,52,55,57,63,65,68,71,72,73,79
12/2/87,01,04,09,11,13,15,20,26,35,37,45,48,49,52,54,55,60,64,65,68
12/1/87,07,08,09,12,13,15,19,27,29,32,38,42,43,44,47,61,71,72,74,79
11/30/87,01,18,28,31,33,38,42,46,49,54,55,57,61,62,68,70,73,75,78,80
11/29/87,01,08,11,15,16,20,21,22,24,25,26,33,42,47,51,58,66,68,70,76
11/28/87,04,05,06,07,10,11,12,24,28,32,35,36,38,47,49,51,70,73,75,78
11/27/87,08,11,13,14,19,20,21,28,32,38,48,49,53,58,66,69,70,75,76,79
11/26/87,04,07,08,14,17,29,34,37,41,42,47,50,54,55,64,68,71,74,75,78
11/25/87,03,09,16,18,19,30,31,35,38,41,46,47,48,51,53,59,65,67,70,77
11/24/87,07,10,11,14,24,25,29,30,32,34,35,37,45,49,58,64,66,76,78,79
11/23/87,10,11,12,18,29,32,35,36,42,43,47,48,59,62,65,69,72,74,77,79
11/22/87,07,12,20,23,24,25,30,32,33,34,41,49,56,61,64,65,67,74,77,80
11/21/87,01,03,04,07,09,16,19,26,29,32,33,40,43,49,54,56,57,62,67,74
11/20/87,02,03,05,06,09,18,21,22,28,37,40,49,54,56,59,63,64,76,78,80
11/19/87,01,03,06,16,19,22,27,31,33,34,43,44,54,57,60,63,64,66,67,73
11/18/87,05,16,26,28,32,34,35,42,47,51,54,56,58,62,66,68,69,72,74,80
11/17/87,08,10,14,19,20,23,30,32,34,40,42,44,47,50,59,63,69,73,76,78
11/16/87,06,10,13,18,21,25,28,33,35,36,38,44,48,51,56,57,59,64,66,73
11/15/87,04,07,14,15,29,33,37,41,42,43,46,55,61,62,65,67,68,74,76,80
11/14/87,03,06,08,09,12,15,17,18,31,35,36,58,60,61,65,67,68,69,72,75
11/13/87,01,12,13,15,16,19,21,28,30,48,50,51,53,54,61,68,75,76,78,79
11/12/87,04,05,06,08,10,16,17,21,26,30,34,38,42,47,52,54,61,70,74,77
11/11/87,01,04,07,08,12,24,35,39,42,43,45,46,48,53,54,58,63,70,74,76
11/10/87,05,06,07,10,11,12,18,20,28,30,33,37,40,43,45,47,54,75,78,79
11/9/87,03,06,08,13,14,22,24,27,34,37,52,56,58,59,60,66,68,75,79,80
11/8/87,04,09,15,20,21,23,24,27,31,43,54,56,60,62,63,67,68,74,76,79
11/7/87,04,10,12,15,28,30,34,35,38,43,48,51,52,57,63,70,71,72,75,76
11/6/87,06,09,18,20,21,22,26,28,33,36,38,39,42,50,56,63,71,75,76,79
11/5/87,04,10,13,15,21,23,28,30,32,34,35,37,38,42,51,62,72,74,76,78
11/4/87,11,12,16,24,25,30,35,42,44,46,49,50,56,57,62,63,67,69,72,75
11/3/87,04,09,10,16,20,23,24,31,36,42,49,52,55,58,64,68,70,71,73,77
11/2/87,01,04,08,10,15,16,19,20,25,27,28,38,43,54,59,65,71,72,75,76
11/1/87,02,05,14,20,22,23,27,30,32,35,40,43,45,57,60,63,68,70,74,76
10/31/87,05,06,11,13,22,28,30,43,50,54,57,59,62,64,66,73,74,75,78,79
10/30/87,05,17,19,20,22,29,34,36,38,48,55,63,65,67,68,73,76,77,78,80
10/29/87,11,18,19,22,25,26,29,31,32,33,41,43,47,48,56,63,68,70,76,78
10/28/87,02,06,15,16,17,22,24,29,35,37,44,49,50,53,57,64,72,75,79,80
10/27/87,01,05,08,21,23,27,29,31,34,38,42,49,53,54,56,58,69,76,79,80
10/26/87,05,06,07,12,19,30,32,34,38,39,40,43,48,50,55,67,72,75,79,80
10/25/87,02,05,13,14,15,16,27,31,33,36,43,45,52,56,57,66,67,68,69,70
10/24/87,09,10,13,16,19,23,24,28,30,31,32,35,44,45,50,54,56,59,62,75
10/23/87,03,05,08,09,12,14,15,19,20,25,30,34,39,61,62,63,65,67,73,76
10/22/87,05,07,13,14,16,23,27,29,30,31,36,41,42,48,53,57,58,60,71,80
10/21/87,04,09,18,26,27,36,38,41,43,47,50,54,55,56,57,63,71,72,77,80
10/20/87,01,05,06,13,15,23,26,34,38,43,44,46,50,52,57,68,70,73,77,80
10/19/87,04,08,10,15,16,18,20,24,30,31,33,35,42,44,54,55,56,58,78,80
10/18/87,02,06,10,14,17,18,28,31,32,34,39,41,42,45,53,54,57,69,75,79
10/17/87,01,06,07,11,17,30,31,32,34,40,45,46,47,61,62,63,64,68,72,78
10/16/87,08,10,30,33,35,36,41,43,53,54,55,58,60,61,63,67,74,75,76,80
10/15/87,01,02,03,04,09,15,17,19,25,28,34,37,38,42,45,51,66,67,68,79
10/14/87,03,05,13,16,22,28,29,30,35,36,40,41,45,51,52,53,60,62,77,78
10/13/87,05,13,18,20,24,27,34,36,42,46,47,52,54,59,60,62,69,75,76,80
10/12/87,01,07,08,11,13,18,23,24,33,39,42,51,57,65,66,70,72,74,77,80
10/11/87,02,06,08,14,15,21,25,26,30,31,35,38,42,44,48,52,56,60,74,76
10/10/87,02,03,18,23,24,26,27,29,30,32,41,42,51,55,56,57,61,63,66,69
10/9/87,01,03,04,11,16,27,31,36,38,43,44,47,53,54,58,63,65,67,69,70
10/8/87,03,04,06,07,09,11,18,22,24,31,37,52,55,60,67,71,76,77,78,80
10/7/87,01,03,11,15,17,24,25,26,34,41,43,46,48,61,62,65,67,71,78,79
10/6/87,04,09,16,17,20,34,36,37,38,47,50,51,59,61,63,65,74,77,78,79
10/5/87,03,12,15,21,24,26,30,35,36,39,40,43,50,54,56,60,62,69,72,74
10/4/87,01,03,06,07,09,12,14,18,22,32,41,44,54,56,61,63,64,70,74,75
10/3/87,02,04,08,09,10,16,28,31,38,41,43,44,51,63,64,66,68,73,76,80
10/2/87,03,11,16,17,21,22,23,25,31,32,34,46,51,52,54,55,57,69,76,79
10/1/87,02,03,04,13,16,20,25,31,35,42,44,52,54,59,65,68,75,76,78,79
9/30/87,04,06,08,21,23,31,32,38,40,42,43,48,50,52,53,59,61,66,73,76
9/29/87,01,06,07,18,25,32,33,35,42,44,49,50,52,55,56,68,70,72,79,80
9/28/87,07,09,11,15,16,21,23,30,34,38,39,44,46,47,54,63,66,67,68,70
9/27/87,14,21,25,26,29,30,32,37,41,43,44,47,51,52,53,55,63,71,75,77
9/26/87,02,06,08,17,22,25,27,35,44,46,47,48,52,53,54,55,64,65,66,75
9/25/87,12,16,18,19,22,24,25,33,37,39,40,43,52,54,55,58,64,65,69,70
9/24/87,01,11,12,18,19,21,30,31,32,36,38,53,58,60,63,67,70,71,73,74
9/23/87,08,15,25,31,34,36,39,40,41,47,49,59,69,70,72,73,75,76,77,78
9/22/87,03,04,11,16,33,35,38,40,42,45,46,48,53,55,59,61,63,66,69,70
9/21/87,01,06,07,09,10,15,25,26,33,38,40,46,50,52,64,68,71,72,78,80
9/20/87,05,07,26,33,38,44,47,55,59,61,62,65,66,67,69,70,71,77,78,79
9/19/87,08,18,19,21,30,35,38,42,43,44,46,53,55,58,60,62,70,72,73,80
9/18/87,01,05,09,17,23,26,27,31,34,36,37,38,39,40,42,47,49,50,69,76
9/17/87,06,17,18,22,25,28,37,39,41,44,45,47,53,54,55,58,65,67,70,75
9/16/87,15,21,27,29,35,36,40,44,46,52,55,57,59,61,63,65,68,73,74,80
9/15/87,01,03,12,13,17,19,25,26,28,30,35,36,46,48,52,64,67,69,70,72
9/14/87,01,05,06,08,11,12,25,28,37,38,41,45,48,59,61,65,71,72,74,76
9/13/87,01,07,14,22,24,26,27,37,41,42,43,45,46,50,52,62,63,65,68,73
9/12/87,04,12,16,17,21,22,29,30,32,37,48,50,51,58,60,62,63,72,74,75
9/11/87,03,05,16,22,32,41,44,45,48,49,51,56,59,64,65,67,68,70,73,74
9/10/87,07,11,12,13,19,23,25,29,30,33,34,39,46,50,56,61,62,66,70,78
9/9/87,01,02,09,13,16,19,26,34,36,38,39,42,48,54,57,58,68,70,74,79
9/8/87,01,04,05,08,12,18,19,34,35,37,38,39,42,49,54,64,65,68,74,75
9/7/87,01,06,14,19,22,26,27,33,34,40,46,47,50,51,62,65,72,76,79,80
9/6/87,01,03,11,12,13,14,15,20,22,27,38,39,45,46,54,63,65,68,74,76
9/5/87,08,10,18,21,23,37,41,43,44,45,47,48,50,52,54,55,56,66,73,75
9/4/87,06,14,15,16,17,19,25,28,31,38,41,42,43,44,48,55,59,64,75,78
9/3/87,02,04,09,22,27,29,30,31,33,37,41,43,50,53,55,56,61,64,70,76
9/2/87,07,13,15,21,23,24,26,27,29,37,45,46,49,53,55,57,60,65,73,78
9/1/87,10,12,19,23,24,25,28,33,37,41,42,45,64,65,67,71,74,75,76,78
8/31/87,01,02,08,15,16,17,18,28,36,37,39,48,55,62,64,65,66,68,70,74
8/30/87,13,14,16,17,19,27,30,31,33,37,41,42,46,52,54,56,57,61,72,79
8/29/87,03,06,08,09,10,12,13,15,18,21,25,36,45,50,51,53,56,62,77,80
8/28/87,03,06,08,09,14,20,21,26,29,32,36,38,40,54,55,68,69,75,78,80
8/27/87,02,04,05,11,19,20,27,30,42,43,46,50,51,54,66,70,74,75,76,77
8/26/87,02,04,07,12,14,15,19,23,25,29,32,33,39,44,48,62,64,68,74,76
8/25/87,06,08,11,12,13,20,26,34,38,39,41,42,47,49,53,56,66,73,78,80
8/24/87,06,08,13,15,17,19,24,30,34,37,41,47,50,51,54,57,62,69,71,77
8/23/87,03,06,10,12,14,18,20,22,24,27,30,35,42,53,55,64,65,70,71,72
8/22/87,01,03,06,09,10,16,19,22,24,25,29,31,32,46,50,53,58,65,75,78
8/21/87,04,05,06,09,11,12,22,24,46,48,50,55,58,60,65,66,69,72,73,76
8/20/87,01,13,19,22,26,29,37,40,41,42,44,54,57,60,61,67,68,69,79,80
8/19/87,02,03,04,09,13,24,25,28,29,32,35,39,47,48,57,60,67,71,73,76
8/18/87,02,04,07,13,15,16,18,32,36,42,43,45,50,53,56,64,65,67,74,78
8/17/87,02,07,12,14,16,18,27,28,31,33,34,36,42,45,47,66,69,72,73,78
8/16/87,02,08,10,13,18,19,20,26,28,29,32,36,38,45,48,49,53,70,78,79
8/15/87,01,09,10,13,14,25,35,42,44,49,50,51,56,58,59,64,72,73,76,78
8/14/87,04,07,11,18,29,35,45,49,50,51,54,55,57,61,65,75,76,77,78,79
8/13/87,02,05,09,10,11,12,20,21,24,31,34,36,41,42,55,57,61,65,68,77
8/12/87,03,05,06,08,09,22,27,29,34,37,47,49,54,61,62,63,68,69,71,72
8/11/87,04,15,17,25,28,32,33,48,49,50,51,56,57,58,60,62,71,74,75,80
8/10/87,01,12,15,20,22,26,27,30,33,49,50,59,63,66,67,70,72,76,79,80
8/9/87,02,06,11,19,24,26,34,36,37,42,44,46,50,56,62,64,70,71,78,80
8/8/87,11,16,18,21,22,23,25,30,38,40,43,47,50,54,59,60,65,67,72,73
8/7/87,06,11,16,17,19,24,25,29,35,37,41,42,46,48,49,59,62,70,76,79
8/6/87,03,09,14,20,25,33,35,38,39,43,46,53,56,58,59,67,74,75,77,80
8/5/87,02,06,08,10,11,13,16,19,30,32,33,38,41,42,49,50,51,55,63,75
8/4/87,02,08,16,18,20,21,23,24,26,28,31,38,50,55,57,62,70,71,77,79
8/3/87,06,09,17,20,22,23,25,32,34,37,38,45,55,58,64,68,72,73,74,77
8/2/87,04,05,10,11,12,13,25,28,30,42,45,46,49,56,59,61,63,65,72,74
8/1/87,03,09,19,20,21,24,27,31,35,39,44,45,47,53,57,60,61,62,65,74
7/31/87,03,05,06,13,20,24,30,31,34,41,46,47,50,58,63,67,68,70,71,72
7/30/87,03,04,05,09,10,12,17,20,23,27,30,34,41,43,48,53,66,67,76,78
7/29/87,01,04,07,14,15,20,27,30,33,37,47,48,50,53,58,64,65,67,70,75
7/28/87,02,11,21,26,35,38,41,45,46,48,50,52,55,57,61,64,68,69,72,73
7/27/87,02,06,10,11,12,13,21,36,37,39,41,46,50,58,59,69,70,71,74,75
7/26/87,05,07,21,22,23,27,30,33,35,36,37,41,42,45,48,50,57,66,69,77
7/25/87,04,07,08,10,11,12,21,36,42,44,45,48,49,50,52,53,55,68,76,80
7/24/87,02,03,13,21,25,31,34,35,36,37,49,50,54,58,59,61,64,70,71,79
7/23/87,01,04,07,10,13,20,26,35,41,45,51,52,54,57,58,60,63,71,72,73
7/22/87,09,11,16,19,22,24,26,27,38,39,40,46,48,51,54,58,61,69,73,75
7/21/87,01,02,03,09,11,16,17,23,24,27,30,31,36,40,41,45,53,73,74,80
7/20/87,03,06,09,11,13,15,20,21,25,31,35,38,39,41,44,46,50,57,61,73
7/19/87,05,07,11,13,15,16,22,30,34,37,38,47,48,62,67,70,71,73,77,78
7/18/87,04,07,09,14,25,26,29,32,35,38,42,48,49,53,56,65,68,69,70,76
7/17/87,01,02,04,07,08,27,31,37,45,49,51,53,55,59,65,66,67,68,69,70
7/16/87,01,06,10,17,19,21,27,31,33,36,43,46,48,51,52,57,59,62,77,80
7/15/87,01,05,06,15,16,22,24,30,39,41,43,45,49,58,60,62,64,68,76,80
7/14/87,01,02,03,06,17,19,31,32,38,44,47,49,52,62,65,68,70,71,76,78
7/13/87,01,04,05,10,14,18,20,21,23,28,29,34,40,41,53,54,58,72,75,77
7/12/87,02,05,06,08,09,11,12,14,17,19,32,33,34,38,46,66,74,77,78,79
7/11/87,03,07,10,14,15,17,19,22,31,32,35,39,51,52,57,61,65,74,75,77
7/10/87,02,09,11,16,17,19,21,22,23,24,26,28,33,35,51,57,60,64,66,70
7/9/87,01,03,29,32,41,42,52,53,54,56,59,61,64,65,68,69,70,73,77,79
7/8/87,01,04,11,17,20,25,29,32,34,36,39,48,49,50,52,53,68,69,77,80
7/7/87,06,09,11,21,24,25,30,34,35,41,45,53,54,58,61,63,71,75,77,80
7/6/87,04,22,29,30,31,32,46,49,52,53,56,58,62,63,64,66,71,72,77,80
7/5/87,01,04,16,17,18,19,27,32,42,45,46,48,50,52,56,59,60,67,68,75
7/4/87,08,09,11,14,17,25,26,29,32,41,53,54,58,62,63,67,73,75,78,79
7/3/87,02,07,10,13,14,27,29,31,33,36,37,58,62,63,64,66,69,71,72,74
7/2/87,04,10,14,15,21,25,26,40,42,43,46,47,50,52,55,56,57,64,72,73
7/1/87,01,02,04,08,14,16,17,20,24,26,31,40,52,57,59,67,71,73,74,79
6/30/87,07,09,14,15,16,17,18,23,25,29,38,50,52,54,55,56,58,64,78,80
6/29/87,05,08,09,18,19,25,35,37,45,47,51,52,58,65,66,73,74,76,78,80
6/28/87,03,04,09,23,25,27,28,29,34,41,47,51,53,54,61,62,64,66,67,79
6/27/87,02,08,11,14,16,26,29,30,42,47,50,54,56,61,62,71,75,76,78,80
6/26/87,01,09,14,15,16,17,23,24,27,41,43,46,47,49,51,53,66,76,77,79
6/25/87,05,06,10,19,21,22,35,37,38,39,43,46,49,50,53,56,58,59,69,79
6/24/87,06,07,08,11,26,29,37,40,44,47,49,55,57,64,65,66,69,72,73,76
6/23/87,02,03,08,09,10,12,31,32,34,38,41,47,49,52,53,55,65,67,68,73
6/22/87,02,04,08,12,18,21,27,28,29,32,33,44,48,52,57,63,66,67,69,74
6/21/87,01,10,15,16,21,24,27,30,36,45,49,50,52,54,55,56,60,62,64,75
6/20/87,02,03,12,13,15,17,18,19,36,37,42,48,52,55,59,61,64,69,78,79
6/19/87,04,05,07,08,10,18,29,33,39,41,42,44,56,57,61,71,72,73,79,80
6/18/87,11,15,23,29,31,32,35,37,39,42,45,50,51,54,56,59,60,65,66,67
6/17/87,02,03,12,18,21,27,29,36,55,59,62,66,67,68,69,70,73,74,79,80
6/16/87,16,22,24,25,28,29,30,31,35,39,51,52,53,54,56,60,62,74,78,79
6/15/87,02,06,09,10,14,16,17,19,20,24,28,32,45,46,48,55,61,65,70,72
6/14/87,01,02,11,15,16,23,25,28,34,37,44,46,50,51,55,56,60,65,72,73
6/13/87,01,06,10,14,16,17,25,26,35,40,51,55,58,60,64,66,67,70,72,76
6/12/87,04,08,14,16,17,19,20,22,28,34,38,45,49,50,52,60,64,67,73,79
6/11/87,10,12,18,19,20,21,22,23,24,26,38,40,42,51,53,58,69,75,77,78
6/10/87,03,10,14,21,26,29,32,33,38,40,41,53,56,58,62,65,67,69,73,75
6/9/87,04,05,12,13,19,27,28,30,32,37,44,45,60,64,65,66,69,73,74,76
6/8/87,01,02,03,06,07,13,24,29,34,35,40,42,43,45,46,61,70,72,77,80
6/7/87,01,07,08,09,11,14,20,21,25,32,33,35,40,41,44,45,52,56,57,75
6/6/87,04,07,12,14,21,30,37,39,44,50,52,54,56,61,66,72,74,77,79,80
6/5/87,02,04,17,20,22,37,40,48,49,51,53,55,57,60,66,69,71,72,73,74
6/4/87,05,06,10,11,12,13,17,32,35,37,38,39,42,51,54,56,72,75,76,80
6/3/87,01,03,10,12,22,23,28,33,47,50,51,52,57,62,63,64,66,72,75,78
6/2/87,03,09,10,20,28,31,32,34,35,39,41,44,46,48,49,50,55,58,61,73
6/1/87,07,09,11,12,13,16,18,19,22,24,27,34,40,46,47,53,57,59,69,78
5/31/87,09,10,12,19,22,23,27,31,32,37,39,50,51,55,63,69,71,73,78,79
5/30/87,01,07,08,09,13,17,18,20,24,26,28,31,34,36,39,47,50,58,73,78
5/29/87,02,04,05,07,15,24,28,30,32,34,45,47,48,49,51,56,62,66,71,80
5/28/87,04,12,13,14,22,25,29,30,31,38,39,41,42,45,47,53,63,68,70,76
5/27/87,02,10,17,20,26,28,33,35,36,39,40,45,47,58,60,67,69,70,73,76
5/26/87,01,09,14,16,21,23,25,27,37,41,46,49,55,58,59,64,66,71,73,80
5/25/87,08,10,11,20,27,30,31,35,36,41,47,48,55,60,62,63,72,75,76,77
5/24/87,08,15,18,19,23,26,34,39,46,48,52,55,56,61,62,64,69,74,78,79
5/23/87,02,07,09,13,14,17,19,24,35,37,50,54,55,57,59,60,63,65,76,78
5/22/87,05,11,14,15,16,17,20,29,33,35,36,37,40,42,48,66,70,72,73,77
5/21/87,02,06,07,09,13,23,25,29,30,33,37,42,44,46,51,55,62,64,72,75
5/20/87,03,07,15,17,22,23,32,33,34,35,38,44,45,52,64,65,67,68,70,76
5/19/87,02,03,07,09,14,17,22,27,34,38,41,47,49,52,57,58,65,71,73,79
5/18/87,03,04,06,10,11,14,18,20,29,31,32,37,40,44,61,68,70,73,74,75
5/17/87,02,05,11,14,18,20,31,33,34,36,42,43,56,57,60,66,72,77,78,79
5/16/87,06,08,11,12,20,22,30,41,43,45,47,50,52,54,57,61,67,70,78,80
5/15/87,01,02,08,13,14,16,17,19,20,30,31,34,37,38,46,56,61,66,70,71
5/14/87,05,08,15,17,21,23,27,29,32,45,46,48,59,61,62,64,74,76,77,79
5/13/87,11,12,17,22,23,25,30,31,38,44,47,52,53,54,58,59,62,64,68,70
5/12/87,08,09,16,18,23,26,33,34,42,45,46,48,49,51,53,54,59,67,76,80
5/11/87,06,07,08,12,15,21,24,25,34,35,39,40,41,44,49,50,52,55,58,79
5/10/87,12,21,22,23,25,34,37,38,39,40,46,53,56,59,60,63,67,75,77,79
5/9/87,02,05,06,08,12,17,20,23,24,29,31,38,41,46,52,53,58,59,70,72
5/8/87,05,12,14,17,18,22,25,26,27,29,34,42,45,47,50,58,61,66,69,79
5/7/87,03,04,05,08,13,14,18,20,26,27,29,37,38,40,41,44,53,60,74,77
5/6/87,01,03,05,07,09,12,20,23,24,31,43,48,51,52,62,64,66,67,70,79
5/5/87,02,05,08,16,30,34,36,38,39,40,43,49,52,54,55,61,64,71,79,80
5/4/87,12,18,23,24,25,34,36,39,48,55,56,60,61,65,66,67,69,71,76,79
5/3/87,01,05,13,14,15,19,22,23,26,38,39,41,61,65,66,67,68,69,71,78
5/2/87,01,04,11,16,18,20,28,29,38,46,47,53,62,64,70,72,74,76,78,80
5/1/87,09,15,23,26,29,30,31,35,38,42,46,53,54,60,64,70,72,73,76,80
4/30/87,12,14,15,20,22,26,27,34,37,42,43,44,51,52,54,55,58,60,66,76
4/29/87,04,06,07,10,21,26,30,34,39,40,48,49,50,54,62,65,66,68,69,79
4/28/87,01,05,06,13,18,23,25,32,33,35,37,42,45,47,57,60,70,72,78,80
4/27/87,05,09,13,16,24,31,35,43,46,49,58,59,63,65,66,67,68,74,76,80
4/26/87,07,09,11,12,14,28,31,32,34,43,48,51,55,58,59,67,69,71,75,77
4/25/87,02,08,22,25,28,33,34,44,46,49,50,52,56,57,59,60,68,76,79,80
4/24/87,06,07,08,11,18,20,21,25,31,34,45,47,49,51,54,60,62,64,70,77
4/23/87,14,16,23,26,29,37,38,40,41,49,55,58,59,64,65,67,71,73,75,77
4/22/87,04,06,12,20,24,27,28,29,30,36,43,51,60,62,63,66,70,71,73,74
4/21/87,01,03,08,13,14,26,28,29,31,44,52,58,61,63,64,68,72,74,75,79
4/20/87,04,09,11,14,16,18,23,31,34,36,39,44,52,55,64,65,68,69,73,76
4/19/87,02,05,09,11,13,14,15,16,18,23,28,30,33,35,43,48,52,70,75,80
4/18/87,02,03,05,09,11,13,14,18,19,24,34,40,43,49,51,52,62,69,71,72
4/17/87,05,06,10,14,20,22,28,29,35,39,46,48,52,53,55,57,58,61,69,79
4/16/87,06,11,17,24,28,32,33,36,39,43,44,46,48,53,57,59,62,69,76,79
4/15/87,01,02,06,10,18,19,23,27,29,37,39,44,46,47,56,64,68,75,77,79
4/14/87,02,04,07,12,22,26,33,37,40,44,49,54,55,58,61,63,64,68,71,79
4/13/87,01,04,10,13,24,27,29,35,40,41,47,53,57,63,65,66,67,70,74,76
4/12/87,03,06,07,09,15,21,22,32,36,38,40,51,52,54,58,62,67,71,73,79
4/11/87,03,10,17,18,26,33,38,40,43,44,45,46,55,61,63,65,70,71,75,78
4/10/87,04,09,10,12,13,17,18,40,43,45,55,59,66,67,70,71,72,74,79,80
4/9/87,03,05,08,11,15,31,34,37,41,42,47,51,54,60,62,67,69,76,78,80
4/8/87,04,06,07,09,13,14,17,21,27,32,34,35,41,42,45,50,51,66,70,80
4/7/87,07,09,19,27,31,32,33,36,38,39,46,47,51,52,54,56,58,63,70,73
4/6/87,03,04,08,10,11,15,20,24,30,37,48,55,56,60,61,62,66,67,72,80
4/5/87,04,07,08,11,16,26,31,35,38,40,43,45,47,53,56,57,59,63,65,78
4/4/87,02,04,07,10,14,17,23,28,32,36,39,46,50,53,65,70,73,76,77,80
4/3/87,07,11,12,14,15,16,19,20,22,35,46,47,55,58,59,66,67,68,72,80
4/2/87,02,03,04,05,11,13,17,22,29,34,35,37,39,49,60,69,73,76,77,78
4/1/87,03,06,11,15,21,23,24,30,40,45,46,47,50,57,69,72,73,74,76,79
3/31/87,03,06,08,16,19,23,26,33,35,40,43,45,59,62,64,69,70,72,73,80
3/30/87,04,08,10,13,17,22,31,35,42,44,47,48,53,61,62,66,67,68,69,71
3/29/87,01,02,06,13,16,17,18,21,22,28,39,45,47,51,52,53,61,62,71,76
3/28/87,02,04,23,29,30,33,38,39,41,43,46,49,56,63,69,70,72,73,74,79
3/27/87,02,06,11,17,18,22,26,27,28,30,33,35,38,52,54,56,60,61,65,79
3/26/87,12,14,15,16,17,21,31,32,46,47,48,55,56,57,58,61,64,68,74,77
3/25/87,05,08,09,11,14,17,22,24,26,27,29,30,32,36,44,46,56,65,69,74
3/24/87,05,12,17,18,19,20,21,23,36,39,42,43,52,59,63,65,66,75,78,80
3/23/87,03,04,08,14,15,17,20,22,27,35,42,43,44,47,55,57,59,63,68,71
3/22/87,03,20,27,28,29,31,38,41,43,45,49,50,54,69,70,71,72,77,79,80
3/21/87,07,08,25,30,33,34,35,38,40,43,47,50,54,55,60,61,64,70,79,80
3/20/87,03,07,08,18,24,26,27,28,37,38,46,48,50,51,54,59,63,73,75,76
3/19/87,01,04,06,07,11,12,14,16,21,22,28,36,37,41,46,50,56,69,77,78
3/18/87,02,06,13,24,25,26,33,36,37,39,43,48,49,51,55,57,60,62,68,79
3/17/87,03,10,11,12,13,18,23,25,28,31,34,40,44,46,60,63,64,74,76,77
3/16/87,03,06,11,27,40,42,46,47,50,56,58,65,66,69,70,73,75,76,79,80
3/15/87,01,02,04,08,11,13,14,17,25,33,35,39,41,53,55,57,62,64,71,80
3/14/87,01,02,08,13,22,34,38,39,40,42,43,49,51,54,58,65,73,74,75,76
3/13/87,01,08,17,22,24,31,32,37,44,47,49,55,56,57,58,60,62,75,76,80
3/12/87,03,05,07,08,11,12,20,26,27,31,32,34,37,38,42,60,63,69,74,76
3/11/87,03,05,06,07,19,21,24,28,35,39,42,44,50,56,57,58,73,74,78,79
3/10/87,09,10,12,14,15,16,28,29,30,33,37,39,40,44,52,59,70,72,73,74
3/9/87,02,06,07,11,15,29,32,33,34,35,36,40,45,50,51,56,62,67,69,72
3/8/87,02,03,04,06,11,15,21,23,26,28,33,39,44,54,58,61,64,67,71,80
3/7/87,09,10,11,13,14,16,18,19,21,26,30,38,40,44,45,49,59,67,69,76
3/6/87,01,02,06,10,14,27,28,29,31,35,36,41,49,61,66,68,71,76,78,79
3/5/87,01,02,04,06,14,15,20,24,25,30,33,38,42,48,52,59,62,66,71,79
3/4/87,01,03,05,12,19,20,24,27,31,36,38,39,43,44,47,66,67,71,72,79
3/3/87,06,10,14,16,20,22,27,30,39,43,46,47,52,62,63,69,70,74,79,80
3/2/87,02,05,21,29,31,33,34,37,41,46,48,52,54,57,59,62,66,70,72,78
3/1/87,02,03,14,18,19,27,32,34,35,39,40,47,50,52,54,61,62,69,73,80
2/28/87,04,06,09,19,32,37,38,39,40,47,50,57,58,59,62,69,73,74,75,77
2/27/87,02,04,07,11,12,14,22,27,29,32,33,34,41,50,52,60,65,72,78,80
2/26/87,02,23,25,28,31,32,35,45,46,50,51,52,54,55,61,68,72,74,76,78
2/25/87,01,05,10,17,25,30,31,33,37,40,41,45,47,49,51,54,59,64,70,77
2/24/87,03,07,19,33,34,37,39,44,48,50,51,52,58,65,68,70,72,73,75,77
2/23/87,01,03,07,10,23,25,31,33,41,46,47,52,57,59,60,62,67,71,76,78
2/22/87,01,15,24,25,31,41,42,46,48,50,51,52,53,54,58,61,69,71,75,80
2/21/87,02,08,11,15,16,22,25,26,31,33,39,45,48,49,50,52,54,62,74,78
2/20/87,02,15,17,18,21,24,30,31,37,41,46,48,52,54,62,67,69,70,71,76
2/19/87,03,07,08,14,18,22,23,32,33,35,36,37,38,42,60,63,69,71,73,75
2/18/87,08,14,15,19,20,22,28,33,35,38,40,44,46,49,57,64,65,66,75,76
2/17/87,01,03,04,15,16,18,22,25,31,49,53,55,59,65,67,68,69,70,76,78
2/16/87,02,08,16,17,20,22,24,29,32,36,43,46,47,50,51,58,64,68,71,77
2/15/87,05,11,12,15,22,25,31,32,35,43,45,47,54,57,59,64,65,69,72,78
2/14/87,04,09,12,13,16,22,23,25,30,31,33,37,39,43,47,53,60,65,70,77
2/13/87,03,05,06,18,21,24,28,36,42,44,45,50,52,53,54,59,61,73,75,79
2/12/87,02,05,08,16,18,19,28,30,34,40,42,48,55,56,68,69,70,71,76,80
2/11/87,01,08,09,10,17,20,21,23,25,26,28,33,39,53,54,58,59,61,63,79
2/10/87,04,06,10,13,18,20,24,29,33,34,36,40,47,48,57,59,62,69,71,73
2/9/87,01,04,12,13,20,21,29,36,38,44,49,53,58,61,68,73,74,76,77,79
2/8/87,01,04,08,12,13,15,18,25,29,33,35,42,43,44,53,54,57,69,72,75
2/7/87,03,05,06,13,15,21,25,28,29,30,35,41,44,53,57,58,66,68,70,74
2/6/87,02,12,13,14,20,24,33,35,36,37,39,46,50,53,57,62,63,68,70,72
2/5/87,08,14,21,22,25,43,44,45,46,47,50,53,57,58,65,66,67,77,78,79
2/4/87,04,06,07,14,19,20,23,28,32,33,44,49,51,63,65,69,70,73,74,78
2/3/87,01,03,05,18,20,23,28,30,37,42,43,56,61,64,66,67,69,72,75,78
2/2/87,12,13,15,30,36,40,49,52,59,60,62,67,70,71,72,73,74,77,78,79
2/1/87,01,05,07,10,11,16,27,36,45,46,48,52,54,58,63,65,67,71,74,79
1/31/87,04,09,12,13,17,25,31,34,35,40,44,46,48,57,60,62,67,71,72,77
1/30/87,03,10,11,12,13,17,20,26,29,33,34,36,52,58,61,71,74,75,78,79
1/29/87,06,08,09,18,25,30,35,36,39,40,51,56,57,60,62,68,73,74,78,79
1/28/87,08,09,13,15,18,26,29,31,32,36,41,45,53,55,60,62,63,73,75,78
1/27/87,13,28,29,31,34,37,41,49,51,56,57,58,63,64,67,69,70,71,77,78
1/26/87,08,12,17,20,26,31,37,38,39,42,47,50,51,57,61,62,67,69,73,77
1/25/87,19,21,24,27,30,32,44,47,48,53,61,63,65,69,72,73,74,76,77,78
1/24/87,04,05,08,14,17,19,22,32,36,38,39,44,48,50,51,56,66,67,78,79
1/23/87,02,05,06,08,11,13,28,29,43,44,48,52,53,58,59,61,62,77,79,80
1/22/87,02,07,14,18,19,23,26,29,32,35,40,41,43,46,52,62,68,70,76,80
1/21/87,02,04,08,13,14,16,18,19,26,30,31,35,44,51,53,61,68,73,79,80
1/20/87,01,14,16,22,23,27,29,30,34,36,39,40,43,44,62,64,67,71,73,76
1/19/87,01,07,10,14,16,17,20,25,31,33,37,39,43,45,46,60,70,72,77,80
1/16/87,02,07,10,12,24,27,30,32,36,37,41,43,47,60,61,62,64,69,72,78
1/15/87,02,04,08,10,15,23,25,26,28,31,36,38,49,51,57,59,72,74,78,80
1/14/87,05,07,08,25,27,28,32,36,38,47,51,52,53,55,58,59,60,72,74,77
1/13/87,04,11,14,19,22,23,26,34,40,42,43,45,58,60,63,64,72,74,77,79
1/12/87,05,12,15,18,20,25,26,33,34,35,48,49,52,54,57,62,65,69,71,76